{
"type": "FeatureCollection",
"name": "admin1_regions",
"crs": { "type": "name", "properties": { "name": "urn:ogc:def:crs:OGC:1.3:CRS84" } },
"features": [
{ "type": "Feature", "properties": { "adm1_name": "Tigray", "adm1_name1": null, "adm1_name2": null, "adm1_name3": null, "adm1_pcode": "ET01", "adm0_name": "Ethiopia", "adm0_name1": null, "adm0_name2": null, "adm0_name3": null, "adm0_pcode": "ET", "valid_on": "2025-01-01", "valid_to": null, "area_sqkm": 33930.249661790003, "version": "v04", "lang": "en", "lang1": null, "lang2": null, "lang3": null, "adm1_ref_n": null, "center_lat": null, "center_lon": null }, "geometry": { "type": "Polygon", "coordinates": [ [ [ 39.041598780000072, 13.161502315000121 ], [ 38.997367780000047, 13.203404456999976 ], [ 38.955824074000134, 13.21201319000005 ], [ 38.951741918000039, 13.237514728000122 ], [ 38.876218354000059, 13.220508148000022 ], [ 38.863105411, 13.209497663000036 ], [ 38.800690766000116, 13.247309866000023 ], [ 38.743251731000157, 13.265023136000138 ], [ 38.731588079000176, 13.262275644000169 ], [ 38.740068483000186, 13.286785039000108 ], [ 38.735153958000069, 13.302352155000108 ], [ 38.741812589000062, 13.339832438000144 ], [ 38.730193981000127, 13.365402086000131 ], [ 38.737243319000186, 13.377698667000175 ], [ 38.730812751000144, 13.408426170000155 ], [ 38.721209244000192, 13.413273737000054 ], [ 38.691121547000023, 13.476575381000089 ], [ 38.67560861700008, 13.485616229000073 ], [ 38.662150268000062, 13.531181440000125 ], [ 38.66822375300012, 13.540428044000123 ], [ 38.639763257000027, 13.577948260000028 ], [ 38.635167271000057, 13.602870737000046 ], [ 38.598886932000028, 13.649251717000141 ], [ 38.575068270000088, 13.651962968000021 ], [ 38.530445575999977, 13.687272523000047 ], [ 38.519867047000048, 13.68432151900015 ], [ 38.505176635999987, 13.696886875000132 ], [ 38.484588338000037, 13.700974737000138 ], [ 38.47436476200005, 13.719319527999971 ], [ 38.414831729000184, 13.751766609000185 ], [ 38.39620794700005, 13.78093437800004 ], [ 38.375806650000015, 13.788417453000079 ], [ 38.367028837000191, 13.805330040000115 ], [ 38.315407533000098, 13.805792884000027 ], [ 38.290356208000105, 13.769604255000104 ], [ 38.269920533000061, 13.763681097000074 ], [ 38.224250219000112, 13.727345228000047 ], [ 38.180971688000113, 13.730212876000166 ], [ 38.150194366000164, 13.747002539000164 ], [ 38.096306987000048, 13.741672194000103 ], [ 38.058521939000116, 13.754017779000094 ], [ 38.03727378200017, 13.753583112000115 ], [ 38.018802578000077, 13.739120401999969 ], [ 38.001083280000159, 13.766539454000053 ], [ 37.996398791999979, 13.796709174 ], [ 37.977000766000117, 13.805909650000103 ], [ 37.962794438000117, 13.828314234000061 ], [ 37.938307610000152, 13.828720270000076 ], [ 37.912401515000113, 13.845320697000034 ], [ 37.899076724000111, 13.884870357000182 ], [ 37.86773452500006, 13.87619628900012 ], [ 37.86254643400008, 13.865287439999975 ], [ 37.839490101000081, 13.878629084000067 ], [ 37.822541317000173, 13.865298215000053 ], [ 37.802185606000194, 13.872771820000025 ], [ 37.767864257000042, 13.856612523000138 ], [ 37.752399150000031, 13.875555882000128 ], [ 37.736880367000026, 13.880071981000128 ], [ 37.72901022700006, 13.896615245000078 ], [ 37.71547027600019, 13.897889095000153 ], [ 37.70115848100005, 13.887629807000053 ], [ 37.68525267300015, 13.893942758000037 ], [ 37.661861309000074, 13.91577807300007 ], [ 37.650389018000055, 13.95267299600016 ], [ 37.628947507000078, 13.955084215999989 ], [ 37.63236210000008, 13.976111776999971 ], [ 37.609512773000176, 14.008938292000096 ], [ 37.623700241000051, 14.03763884500006 ], [ 37.603055209000047, 14.040077576000158 ], [ 37.599912361000065, 14.054779204000113 ], [ 37.591078431000085, 14.051815997000176 ], [ 37.592251038000029, 14.068359519000126 ], [ 37.575600302000112, 14.095933886000182 ], [ 37.559598761000132, 14.091316816000074 ], [ 37.557245548000026, 14.104488940000124 ], [ 37.52860085400016, 14.114644141000099 ], [ 37.515639056000055, 14.16030405500004 ], [ 37.526516148000155, 14.183004165000114 ], [ 37.495588708000014, 14.182035757000108 ], [ 37.496172203000071, 14.194177798000112 ], [ 37.465409387000079, 14.215550736000182 ], [ 37.469138439000119, 14.251295503000165 ], [ 37.446093159000043, 14.250233584000114 ], [ 37.446352140999977, 14.26071018500005 ], [ 37.395470448000083, 14.29567139 ], [ 37.402662792000115, 14.335853682000106 ], [ 37.379702609000105, 14.342450927000186 ], [ 37.391487636000079, 14.365260928000168 ], [ 37.371830836000072, 14.372401465999985 ], [ 37.347015184000099, 14.411236305000045 ], [ 37.369741702000056, 14.419258170000035 ], [ 37.403338287000111, 14.471358707999968 ], [ 37.429745045000118, 14.480212523000091 ], [ 37.443125562000091, 14.470585996000182 ], [ 37.488951343, 14.473108391999972 ], [ 37.548789784000121, 14.446135214000037 ], [ 37.572531015999971, 14.455381370000168 ], [ 37.576667232000091, 14.46791554400005 ], [ 37.595363754, 14.477582397000049 ], [ 37.670743457000071, 14.504168423000124 ], [ 37.672304699000108, 14.521704643000191 ], [ 37.723673222000173, 14.623757455000145 ], [ 37.741534948000151, 14.642437537000148 ], [ 37.77355448000003, 14.630389106000052 ], [ 37.782741687000168, 14.653729195000039 ], [ 37.773573456000179, 14.698207052000157 ], [ 37.781859922000081, 14.734886032000077 ], [ 37.832622379000099, 14.805154923000089 ], [ 37.849453609000079, 14.812515420000068 ], [ 37.875660503, 14.799868305000189 ], [ 37.902128124000171, 14.81003461600011 ], [ 37.940296291000095, 14.845476907000148 ], [ 37.945332251000082, 14.835183630000131 ], [ 37.971047991000091, 14.83044908800008 ], [ 37.97446577400018, 14.801627098000097 ], [ 37.987922264000133, 14.807947037000133 ], [ 37.994189999000128, 14.773459063000132 ], [ 38.02053812500003, 14.760782508000148 ], [ 38.018264385, 14.736637359000156 ], [ 38.040369254000154, 14.716603013 ], [ 38.091544747000057, 14.706628799000043 ], [ 38.139266198000144, 14.667294295000147 ], [ 38.15621349200012, 14.676451550000081 ], [ 38.179999399000053, 14.676574656000128 ], [ 38.187405288000036, 14.689155056000118 ], [ 38.228240227000015, 14.68577429700008 ], [ 38.261083131000191, 14.667144 ], [ 38.269062622000035, 14.634375875000103 ], [ 38.264505869000061, 14.614130603000149 ], [ 38.286081003000106, 14.607506376000117 ], [ 38.307922249000171, 14.585116137000057 ], [ 38.315242314000045, 14.550672305000148 ], [ 38.340943884000126, 14.522012228000108 ], [ 38.343208163000156, 14.507703961000118 ], [ 38.355919825000115, 14.506738546000065 ], [ 38.362233507999974, 14.486766175000184 ], [ 38.39480763600011, 14.481472588000145 ], [ 38.401517640000179, 14.46495725900013 ], [ 38.420781839000085, 14.463747722000164 ], [ 38.432173958000078, 14.427998714000069 ], [ 38.44741137800014, 14.410416756000188 ], [ 38.483698459000038, 14.418195981000167 ], [ 38.515858538000089, 14.405079012000158 ], [ 38.537352056000145, 14.420139784000128 ], [ 38.594375083000159, 14.438576193000131 ], [ 38.615774358000181, 14.433529122000095 ], [ 38.702942838000183, 14.465288096000052 ], [ 38.730547686000136, 14.458896300000049 ], [ 38.794040337000069, 14.463219068000114 ], [ 38.848394168000027, 14.495687701000122 ], [ 38.904877260000035, 14.501192779000121 ], [ 38.937267095000095, 14.532087065000155 ], [ 38.974733216000061, 14.541596849000086 ], [ 39.009963744000061, 14.590275806000022 ], [ 39.008468608000157, 14.616238802000055 ], [ 39.02351901500009, 14.632369865000044 ], [ 39.080736947000162, 14.63651403300014 ], [ 39.104382304000012, 14.630032119000077 ], [ 39.124664419000169, 14.613430921000145 ], [ 39.157450433000179, 14.620278210000151 ], [ 39.200322892000031, 14.611037689 ], [ 39.221536713000091, 14.572458615000073 ], [ 39.23863151300003, 14.565882257000055 ], [ 39.231452883000088, 14.51916675800004 ], [ 39.208486129000164, 14.49305225300003 ], [ 39.249747945000024, 14.39226004600016 ], [ 39.260725094000122, 14.393100468000057 ], [ 39.300832483000079, 14.411389074000169 ], [ 39.297714055000029, 14.436182551000172 ], [ 39.319917365000038, 14.44193865699998 ], [ 39.322358639000015, 14.459039095000037 ], [ 39.316307415000097, 14.459840507000081 ], [ 39.313847994000071, 14.478881045000037 ], [ 39.329982269000027, 14.480435911000086 ], [ 39.324045667000178, 14.498269948000143 ], [ 39.340012122000076, 14.511309453000024 ], [ 39.37114900600011, 14.494614944999967 ], [ 39.364648120000084, 14.50582138700014 ], [ 39.368698579000124, 14.53831389700008 ], [ 39.428219429000137, 14.53066994500017 ], [ 39.435477033000041, 14.519270406000089 ], [ 39.453263403000165, 14.526868381000043 ], [ 39.452093179000144, 14.510938678000116 ], [ 39.469320279000158, 14.515609184000027 ], [ 39.472642061000045, 14.4982511 ], [ 39.493253132000177, 14.509462223000128 ], [ 39.500386525000067, 14.543799707000119 ], [ 39.49167953, 14.582474713000124 ], [ 39.477534216000095, 14.603629319000049 ], [ 39.50267493900003, 14.677010141000039 ], [ 39.591224960000034, 14.662146833000179 ], [ 39.622686479000151, 14.635943927000028 ], [ 39.637687754000126, 14.598433770000156 ], [ 39.680289726000069, 14.588753205000046 ], [ 39.709332679000113, 14.551368027000137 ], [ 39.766785667000079, 14.540761419000034 ], [ 39.792610100000104, 14.500192012000014 ], [ 39.813180874000068, 14.48237148600009 ], [ 39.831315141000061, 14.484855217000188 ], [ 39.856616114000133, 14.472026032000144 ], [ 39.923756024000113, 14.414994940999975 ], [ 39.949863675000131, 14.410645311000167 ], [ 39.98085004700016, 14.440779718000101 ], [ 39.981734145000132, 14.393773224000142 ], [ 39.990843734000066, 14.381967487000054 ], [ 39.956508800999984, 14.362416345000099 ], [ 39.916267416000096, 14.370258853999985 ], [ 39.853118790000167, 14.367098800000178 ], [ 39.854627509000181, 14.373158967000052 ], [ 39.838065835000123, 14.380497409999975 ], [ 39.800948107000181, 14.387177744000098 ], [ 39.772049039000194, 14.37385066600018 ], [ 39.779204078000078, 14.330532193000067 ], [ 39.771334523000064, 14.319853773999967 ], [ 39.726247716000159, 14.302962213000114 ], [ 39.733772411000075, 14.28794718000006 ], [ 39.757605709000075, 14.277177362000145 ], [ 39.757304091000037, 14.239843563000136 ], [ 39.74221658800019, 14.234941699000103 ], [ 39.694087480000178, 14.241311387000053 ], [ 39.685722395000028, 14.216176396000094 ], [ 39.649962783000149, 14.188612418000105 ], [ 39.673521258000108, 14.177716078 ], [ 39.68199849500013, 14.164686730000028 ], [ 39.749541346000115, 14.151798413000108 ], [ 39.767133017000049, 14.140043372000093 ], [ 39.837624773000073, 14.154198463000057 ], [ 39.848268452000127, 14.077961123000023 ], [ 39.843997023000099, 14.050258584000176 ], [ 39.854729909000127, 14.030980888000158 ], [ 39.88593699400019, 14.012203097000167 ], [ 39.868489228000044, 13.992241710000087 ], [ 39.859164438000164, 13.96577285800015 ], [ 39.829200986000046, 13.974282718000097 ], [ 39.815650906000144, 13.968239547000053 ], [ 39.801657987999988, 13.945601886000077 ], [ 39.817633132000026, 13.942581124000071 ], [ 39.833278651000171, 13.918403375000025 ], [ 39.829022220000184, 13.868502307000142 ], [ 39.837846797000168, 13.864210250000042 ], [ 39.842246326000122, 13.838402885000164 ], [ 39.833701325000163, 13.821384023000121 ], [ 39.852273098000182, 13.794897904000095 ], [ 39.853197336000051, 13.766511068000057 ], [ 39.884068764000176, 13.748246227000038 ], [ 39.875999861000025, 13.73820799900011 ], [ 39.877652729000147, 13.688771974000076 ], [ 39.867422604000069, 13.658281017000093 ], [ 39.863907174000133, 13.548160815000188 ], [ 39.843404651000128, 13.556503434999968 ], [ 39.793824035000114, 13.555723993000129 ], [ 39.763032083000041, 13.571270992000166 ], [ 39.744547150000074, 13.570811597999977 ], [ 39.739455809000106, 13.563148314999978 ], [ 39.719517477000124, 13.475681038000062 ], [ 39.727742360000036, 13.422228443000051 ], [ 39.745758888000182, 13.374121329000104 ], [ 39.729522420000023, 13.378807824000035 ], [ 39.741704418999973, 13.351287595000031 ], [ 39.737746663000109, 13.321094395000102 ], [ 39.719723195000086, 13.294554241000071 ], [ 39.758648440000115, 13.278899931000126 ], [ 39.767315156000109, 13.285268958000188 ], [ 39.785749087000056, 13.262705021999977 ], [ 39.787224969000135, 13.245630310000138 ], [ 39.800583243000176, 13.219151013000101 ], [ 39.808532936000063, 13.21717392700009 ], [ 39.803772141000024, 13.189679774000126 ], [ 39.811947079, 13.155157411 ], [ 39.863058903000024, 13.019703688 ], [ 39.862363689000063, 12.962021568000068 ], [ 39.872774119000098, 12.942250135000108 ], [ 39.904247420000161, 12.921754377000184 ], [ 39.925204444000087, 12.893767369000045 ], [ 39.929358263000097, 12.874393049000162 ], [ 39.977982917000077, 12.792190897000012 ], [ 39.942707812000037, 12.771478704 ], [ 39.89904895899997, 12.762307990000124 ], [ 39.867605568000101, 12.723737696000171 ], [ 39.834953434000113, 12.706728690999967 ], [ 39.805148897000095, 12.717709466000031 ], [ 39.762783822000188, 12.719609177000109 ], [ 39.738542753000047, 12.709622720000084 ], [ 39.728287389000059, 12.699103760000128 ], [ 39.74343710800008, 12.664422913000067 ], [ 39.708202193000034, 12.666535226000178 ], [ 39.672077532, 12.652194109999982 ], [ 39.654679606000059, 12.636188110000091 ], [ 39.665658882000059, 12.554630988000042 ], [ 39.615837741000178, 12.549994879000053 ], [ 39.609603758000105, 12.558022473000108 ], [ 39.566484073000083, 12.563844668000172 ], [ 39.573911676000137, 12.580210078000107 ], [ 39.554619944000194, 12.608439710000141 ], [ 39.570175630000108, 12.614567583999985 ], [ 39.556839064000087, 12.638564836000114 ], [ 39.559281333000115, 12.662295868000058 ], [ 39.550118492000024, 12.669813512000133 ], [ 39.497494045000167, 12.666149739000161 ], [ 39.478317301000118, 12.643947852000167 ], [ 39.459060041000157, 12.637970580000172 ], [ 39.407759612000063, 12.638337676000162 ], [ 39.396055605000072, 12.663859290000062 ], [ 39.405306664000136, 12.67946329900019 ], [ 39.39798990200012, 12.691166609000049 ], [ 39.285521429000141, 12.704370101000052 ], [ 39.269535045000111, 12.723219788000165 ], [ 39.280932323000059, 12.743338179000034 ], [ 39.267663775000187, 12.77133496600004 ], [ 39.275771867000117, 12.787847884000143 ], [ 39.295730048000053, 12.785497266000164 ], [ 39.303601963000119, 12.793315247000123 ], [ 39.307215579000115, 12.811652772000116 ], [ 39.277685629000189, 12.826024042000142 ], [ 39.310131667000178, 12.852206824000064 ], [ 39.302989733000061, 12.870121856000139 ], [ 39.279022835000148, 12.856247515000177 ], [ 39.258728715000018, 12.914682269000025 ], [ 39.19283200000018, 12.92808498800008 ], [ 39.141864794000185, 12.955839862 ], [ 39.082858956000166, 12.959272311000063 ], [ 39.074147895000181, 12.976086022000118 ], [ 39.053611421000028, 12.990669566000065 ], [ 39.034261090000086, 13.000468310000088 ], [ 39.000219106000031, 13.003443776000097 ], [ 38.994455238000114, 13.011741138000048 ], [ 39.004334067000116, 13.023397491000026 ], [ 38.97860189000005, 13.098962081000025 ], [ 39.036933914000087, 13.134239229000116 ], [ 39.041598780000072, 13.161502315000121 ] ] ] } },
{ "type": "Feature", "properties": { "adm1_name": "Afar", "adm1_name1": null, "adm1_name2": null, "adm1_name3": null, "adm1_pcode": "ET02", "adm0_name": "Ethiopia", "adm0_name1": null, "adm0_name2": null, "adm0_name3": null, "adm0_pcode": "ET", "valid_on": "2025-01-01", "valid_to": null, "area_sqkm": 94889.360555000007, "version": "v04", "lang": "en", "lang1": null, "lang2": null, "lang3": null, "adm1_ref_n": null, "center_lat": null, "center_lon": null }, "geometry": { "type": "Polygon", "coordinates": [ [ [ 40.168270152000048, 8.961354053000093 ], [ 40.152249361000088, 8.931958967000128 ], [ 40.080968830000074, 8.851349213000162 ], [ 40.040348623000114, 8.841109322000136 ], [ 40.010408527000152, 8.856089392000058 ], [ 40.019268652000051, 8.889129347000051 ], [ 40.036618778000104, 8.906529287000183 ], [ 40.051098990000071, 8.96135920800009 ], [ 40.047459013999969, 8.977889205000054 ], [ 40.021928961000128, 9.002279258000101 ], [ 39.947628630000054, 9.00359944700017 ], [ 39.951868717000139, 9.029989418000071 ], [ 39.91874867000007, 9.068409475000124 ], [ 39.909018797000158, 9.131799454000031 ], [ 39.877658687000121, 9.144729525000059 ], [ 39.817420679000122, 9.136314175000109 ], [ 39.813013316000024, 9.171110355000053 ], [ 39.873029747000089, 9.227292375000047 ], [ 39.857005408000191, 9.270074091000083 ], [ 39.885989008000081, 9.269359403000067 ], [ 39.859998318, 9.307126238000023 ], [ 39.844136254000148, 9.314182703000085 ], [ 39.789141232000134, 9.304219598999964 ], [ 39.778879464, 9.30986388499997 ], [ 39.749826332000112, 9.369215006000047 ], [ 39.791478857000016, 9.369819571999983 ], [ 39.785192561000031, 9.395607140999971 ], [ 39.821455806000131, 9.417440211000098 ], [ 39.878645824000159, 9.400410595000039 ], [ 39.872525838000058, 9.459261316000152 ], [ 39.847831218000181, 9.481207726000036 ], [ 39.83752582600016, 9.50189908100009 ], [ 39.847098365000193, 9.510716289000072 ], [ 39.857324161000179, 9.547084830000131 ], [ 39.847578568000017, 9.564292121000051 ], [ 39.87714658800013, 9.57656938700012 ], [ 39.883795549000183, 9.610633282000151 ], [ 39.857662588000039, 9.655151854000167 ], [ 39.852678544000128, 9.698681828000133 ], [ 39.839127550000171, 9.723559838000085 ], [ 39.84977405800015, 9.748358985000039 ], [ 39.875800348000098, 9.752809007000167 ], [ 39.954730654000059, 9.730248808000056 ], [ 40.009369776000085, 9.732856664000167 ], [ 40.013766690000068, 9.737567590000026 ], [ 39.991154010000116, 9.756725605000042 ], [ 40.008073401000047, 9.78177612800016 ], [ 40.011025413000027, 9.818556814000146 ], [ 40.03520665700006, 9.842798544000061 ], [ 40.052670644000102, 9.842197328000054 ], [ 40.070692824000162, 9.857416624000052 ], [ 40.058430127000122, 9.864339007000012 ], [ 40.063559105000138, 9.902413099000114 ], [ 40.077824466000152, 9.905461926000044 ], [ 40.088842507000038, 9.93480546100011 ], [ 40.04315937500013, 9.991030512000179 ], [ 39.947354193000137, 9.993374848000144 ], [ 39.929689071000155, 10.005838085999983 ], [ 39.931263981000029, 10.014446273000033 ], [ 39.924699313000076, 10.014096156999983 ], [ 39.943444662000047, 10.059189888000105 ], [ 39.927274822000129, 10.089962566 ], [ 39.988950811, 10.088315128000147 ], [ 39.993562753000049, 10.076897555000187 ], [ 40.069024911000099, 10.079061598000123 ], [ 40.132584922000092, 10.071093523000116 ], [ 40.158145723000132, 10.090278606000084 ], [ 40.128993667000032, 10.173546208000062 ], [ 40.155579610000188, 10.257410691000132 ], [ 40.146659743000157, 10.277217092000171 ], [ 40.157497908000096, 10.285365440000021 ], [ 40.160385655000027, 10.300797679000141 ], [ 40.163639855000156, 10.41236375200009 ], [ 40.161587952000104, 10.435340451 ], [ 40.152901391, 10.43928583100012 ], [ 40.102610932000175, 10.755046175000132 ], [ 40.166695362000098, 10.805048304000138 ], [ 40.169951585000149, 10.873524746000044 ], [ 40.180501636000088, 10.896861903000115 ], [ 40.149310951000132, 10.895796132000157 ], [ 40.123771524000063, 10.93763921600015 ], [ 40.144128374000047, 10.952115006999975 ], [ 40.186939037000059, 11.025342766000165 ], [ 40.19379644300011, 11.096367235000116 ], [ 40.21243793400015, 11.108908124000095 ], [ 40.172875988000101, 11.239979554000172 ], [ 40.145619762000138, 11.255625560000112 ], [ 40.102577586000052, 11.316914856999972 ], [ 40.07123437700011, 11.325645610000038 ], [ 40.064956347000077, 11.337759224000081 ], [ 40.070186855000145, 11.373664184000063 ], [ 40.060914350000019, 11.474131536000129 ], [ 39.993314070000167, 11.58379725900005 ], [ 39.99745104100009, 11.612226044000067 ], [ 40.015285517000052, 11.645552521000184 ], [ 39.99411318600005, 11.681157761000065 ], [ 39.969655659000125, 11.664480789000095 ], [ 39.923946133000129, 11.700796031000152 ], [ 39.874871622000171, 11.778754453000147 ], [ 39.878096897000148, 11.882652046999965 ], [ 39.887100224000164, 11.905738230000111 ], [ 39.876546907000147, 11.974361157000146 ], [ 39.841262494000034, 12.053548152000076 ], [ 39.861724730000049, 12.088369026000123 ], [ 39.828600589000189, 12.099837122000054 ], [ 39.799860768000144, 12.194985067000061 ], [ 39.807546950000187, 12.238868944999979 ], [ 39.827579057000037, 12.240457884000136 ], [ 39.817622562, 12.341872429000148 ], [ 39.830876304000071, 12.357500495000181 ], [ 39.814929224000082, 12.407061931000044 ], [ 39.863112708000131, 12.463346011999988 ], [ 39.882572530000175, 12.457662647000063 ], [ 39.882049998000127, 12.466955603000144 ], [ 39.866285922000145, 12.47262432600013 ], [ 39.881065664000175, 12.484460752000189 ], [ 39.863451756000131, 12.506289292000076 ], [ 39.863195812000072, 12.531448593000164 ], [ 39.852370483000129, 12.547421673000144 ], [ 39.832764098000155, 12.549890952999988 ], [ 39.826825598000141, 12.571970484000133 ], [ 39.806736717000035, 12.596283054000082 ], [ 39.832573503000106, 12.634377556000061 ], [ 39.820077805000039, 12.658827258000088 ], [ 39.826104312000155, 12.693741426000031 ], [ 39.839413889000127, 12.713274352000042 ], [ 39.867605568000101, 12.723737696000171 ], [ 39.89904895899997, 12.762307990000124 ], [ 39.942707812000037, 12.771478704 ], [ 39.977982917000077, 12.792190897000012 ], [ 39.929358263000097, 12.874393049000162 ], [ 39.925204444000087, 12.893767369000045 ], [ 39.904247420000161, 12.921754377000184 ], [ 39.872774119000098, 12.942250135000108 ], [ 39.862363689000063, 12.962021568000068 ], [ 39.863058903000024, 13.019703688 ], [ 39.811947079, 13.155157411 ], [ 39.803772141000024, 13.189679774000126 ], [ 39.808532936000063, 13.21717392700009 ], [ 39.800583243000176, 13.219151013000101 ], [ 39.787224969000135, 13.245630310000138 ], [ 39.785749087000056, 13.262705021999977 ], [ 39.767315156000109, 13.285268958000188 ], [ 39.758648440000115, 13.278899931000126 ], [ 39.719723195000086, 13.294554241000071 ], [ 39.737746663000109, 13.321094395000102 ], [ 39.741704418999973, 13.351287595000031 ], [ 39.729522420000023, 13.378807824000035 ], [ 39.745758888000182, 13.374121329000104 ], [ 39.727742360000036, 13.422228443000051 ], [ 39.719517477000124, 13.475681038000062 ], [ 39.744547150000074, 13.570811597999977 ], [ 39.763032083000041, 13.571270992000166 ], [ 39.803835674000084, 13.553725030000066 ], [ 39.843404651000128, 13.556503434999968 ], [ 39.863907174000133, 13.548160815000188 ], [ 39.867422604000069, 13.658281017000093 ], [ 39.877652729000147, 13.688771974000076 ], [ 39.875999861000025, 13.73820799900011 ], [ 39.884068764000176, 13.748246227000038 ], [ 39.853197336000051, 13.766511068000057 ], [ 39.852273098000182, 13.794897904000095 ], [ 39.833701325000163, 13.821384023000121 ], [ 39.842246326000122, 13.838402885000164 ], [ 39.837846797000168, 13.864210250000042 ], [ 39.829022220000184, 13.868502307000142 ], [ 39.833278651000171, 13.918403375000025 ], [ 39.817633132000026, 13.942581124000071 ], [ 39.801657987999988, 13.945601886000077 ], [ 39.815650906000144, 13.968239547000053 ], [ 39.829200986000046, 13.974282718000097 ], [ 39.859164438000164, 13.96577285800015 ], [ 39.868489228000044, 13.992241710000087 ], [ 39.88593699400019, 14.012203097000167 ], [ 39.854729909000127, 14.030980888000158 ], [ 39.843997023000099, 14.050258584000176 ], [ 39.848268452000127, 14.077961123000023 ], [ 39.837624773000073, 14.154198463000057 ], [ 39.767133017000049, 14.140043372000093 ], [ 39.749541346000115, 14.151798413000108 ], [ 39.68199849500013, 14.164686730000028 ], [ 39.673521258000108, 14.177716078 ], [ 39.649962783000149, 14.188612418000105 ], [ 39.685722395000028, 14.216176396000094 ], [ 39.694087480000178, 14.241311387000053 ], [ 39.74221658800019, 14.234941699000103 ], [ 39.757304091000037, 14.239843563000136 ], [ 39.757605709000075, 14.277177362000145 ], [ 39.733772411000075, 14.28794718000006 ], [ 39.726247716000159, 14.302962213000114 ], [ 39.771334523000064, 14.319853773999967 ], [ 39.779204078000078, 14.330532193000067 ], [ 39.772049039000194, 14.37385066600018 ], [ 39.800948107000181, 14.387177744000098 ], [ 39.838065835000123, 14.380497409999975 ], [ 39.854627509000181, 14.373158967000052 ], [ 39.853118790000167, 14.367098800000178 ], [ 39.916267416000096, 14.370258853999985 ], [ 39.956508800999984, 14.362416345000099 ], [ 39.990843734000066, 14.381967487000054 ], [ 39.979576327000075, 14.409875994 ], [ 39.984256322000192, 14.432340698000132 ], [ 40.010217905000161, 14.439631002000112 ], [ 40.055258402000163, 14.486900711000146 ], [ 40.139918990000126, 14.498050334000084 ], [ 40.22258942100018, 14.478630022000175 ], [ 40.444510286000025, 14.363459338000155 ], [ 40.545590627000081, 14.301409044000138 ], [ 40.650530943000092, 14.229388753000023 ], [ 40.836741396000036, 14.084148277000168 ], [ 41.077301857000123, 13.878547704000084 ], [ 41.250372088000177, 13.712717340000154 ], [ 41.313702060000082, 13.630287251000084 ], [ 41.531222351000167, 13.43313676300005 ], [ 41.878682616000162, 13.089606055000047 ], [ 41.972552609000161, 12.983165899000142 ], [ 42.050232358000073, 12.843125902000111 ], [ 42.242382275000182, 12.615565613000058 ], [ 42.28026218500014, 12.556435585000088 ], [ 42.350738865000153, 12.517582657000048 ], [ 42.39972, 12.469720000000166 ], [ 42.33944, 12.39694 ], [ 42.308330000000183, 12.308330000000126 ], [ 42.25556, 12.26333 ], [ 42.16889, 12.137220000000127 ], [ 42.12722, 12.090280000000121 ], [ 42.058610000000101, 11.97583 ], [ 41.94861, 11.816670000000158 ], [ 41.891390000000115, 11.77361000000019 ], [ 41.829020000000128, 11.740970000000118 ], [ 41.759860000000174, 11.507920000000183 ], [ 41.79375, 11.380970000000104 ], [ 41.811940000000163, 11.25792 ], [ 41.800550000000101, 11.03111 ], [ 41.78972, 11.00805 ], [ 41.811704585000143, 10.983851437000055 ], [ 41.763363201000175, 10.990871113000026 ], [ 41.739543010000091, 10.96833124800014 ], [ 41.717612896000105, 10.964781335000112 ], [ 41.484071837000158, 10.966902183000116 ], [ 41.410081462000107, 10.958472469000014 ], [ 41.39222140600009, 10.966312520000088 ], [ 41.268160800000146, 10.957852979000108 ], [ 41.2407505380001, 10.921363138000117 ], [ 41.220060127000124, 10.834463355000082 ], [ 41.077268923000076, 10.681154098000093 ], [ 41.087038686000085, 10.600564198000143 ], [ 41.031847823000135, 10.422004653999977 ], [ 40.974676674000136, 10.156645228000173 ], [ 40.936556112000119, 10.035245519 ], [ 40.946036045000142, 10.001315530999989 ], [ 40.965806035000071, 9.971685510000043 ], [ 40.998936168000114, 9.96783541200017 ], [ 41.019566201000032, 9.948825373000147 ], [ 40.847334932000138, 9.790326117000177 ], [ 40.751893772000074, 9.654612077000024 ], [ 40.70220239300005, 9.536092664000137 ], [ 40.696138915000176, 9.446065145000091 ], [ 40.675543034000043, 9.417517067000063 ], [ 40.635972799000058, 9.395947209000042 ], [ 40.528412291000052, 9.385457529000064 ], [ 40.47102194900009, 9.354757718000087 ], [ 40.408121459000029, 9.28118796900003 ], [ 40.327020742, 9.154658312000095 ], [ 40.245500161000052, 9.074868599000013 ], [ 40.23780991000018, 8.99733868800007 ], [ 40.168270152000048, 8.961354053000093 ] ] ] } },
{ "type": "Feature", "properties": { "adm1_name": "Amhara", "adm1_name1": null, "adm1_name2": null, "adm1_name3": null, "adm1_pcode": "ET03", "adm0_name": "Ethiopia", "adm0_name1": null, "adm0_name2": null, "adm0_name3": null, "adm0_pcode": "ET", "valid_on": "2025-01-01", "valid_to": null, "area_sqkm": 155638.81841372, "version": "v04", "lang": "en", "lang1": null, "lang2": null, "lang3": null, "adm1_ref_n": null, "center_lat": null, "center_lon": null }, "geometry": { "type": "Polygon", "coordinates": [ [ [ 36.818706523000174, 10.341900383000166 ], [ 36.806598428000086, 10.335371293000151 ], [ 36.776600381000094, 10.345968642000059 ], [ 36.76175988600005, 10.367309494000096 ], [ 36.745716973000071, 10.3599699130001 ], [ 36.69165352300007, 10.357319884000106 ], [ 36.6809025230001, 10.334614838000164 ], [ 36.685399333000191, 10.317595047000168 ], [ 36.668325410000136, 10.313818870000091 ], [ 36.637007636000078, 10.346635489999983 ], [ 36.605471513000168, 10.364720049000027 ], [ 36.539244943000085, 10.364979387000176 ], [ 36.52049615400017, 10.399559641000167 ], [ 36.546228503, 10.45689689500017 ], [ 36.532762362000085, 10.478373198000099 ], [ 36.477199156000154, 10.481972690000077 ], [ 36.455662515000142, 10.474645898000119 ], [ 36.445650919000059, 10.455682161000027 ], [ 36.40899585000011, 10.455303691000154 ], [ 36.390855295000051, 10.467986198000119 ], [ 36.382222956000192, 10.489591063000034 ], [ 36.364675663000071, 10.506177902000161 ], [ 36.359132568000177, 10.53031590400019 ], [ 36.343613459000153, 10.520897603000094 ], [ 36.318218325000032, 10.528003484000124 ], [ 36.302023956000085, 10.553959757000086 ], [ 36.305875833000187, 10.577947712000025 ], [ 36.281647511000131, 10.604559028999972 ], [ 36.291572825000173, 10.619958811000174 ], [ 36.307616425000163, 10.624203287000171 ], [ 36.303015255000105, 10.637862573000064 ], [ 36.324195112999973, 10.661657148000188 ], [ 36.31126925500007, 10.67880626300007 ], [ 36.321730640000112, 10.68528913900019 ], [ 36.317596673000082, 10.703604919000043 ], [ 36.331338244000108, 10.72623702500016 ], [ 36.359346930000129, 10.741647460000081 ], [ 36.375986146000173, 10.765286073000084 ], [ 36.377216858000054, 10.785756431000038 ], [ 36.341603238000175, 10.788837210000111 ], [ 36.310784268000134, 10.74725869100007 ], [ 36.285242190000133, 10.744582874000116 ], [ 36.282253898000135, 10.803867232000073 ], [ 36.299528418000193, 10.809995223000044 ], [ 36.294884791000129, 10.815011026000036 ], [ 36.310128087000123, 10.827150243000176 ], [ 36.309142279000071, 10.862546867000049 ], [ 36.353116615000033, 10.921215424000138 ], [ 36.354032613000129, 10.937042986 ], [ 36.417669645000046, 11.000727687 ], [ 36.422564846000114, 11.031367313000089 ], [ 36.444243487000165, 11.050402373000168 ], [ 36.46985381900015, 11.055211690000078 ], [ 36.478324750000183, 11.067137992000085 ], [ 36.489671171999987, 11.068734794000079 ], [ 36.525083896000126, 11.112711607000108 ], [ 36.532595030000095, 11.113217411000051 ], [ 36.534049781000078, 11.097955283999966 ], [ 36.554908394000108, 11.093216994000159 ], [ 36.574988356000119, 11.100708863000023 ], [ 36.578017499, 11.110522327000183 ], [ 36.560197970000104, 11.113251220000109 ], [ 36.549339458000134, 11.137815229000125 ], [ 36.502904681000075, 11.137539042000071 ], [ 36.475647259000084, 11.156975441000043 ], [ 36.467607841000131, 11.155408725000086 ], [ 36.467564638, 11.215339358000165 ], [ 36.46019195100007, 11.226432698000167 ], [ 36.47583075100016, 11.244666323000104 ], [ 36.46714241899997, 11.264992656000118 ], [ 36.483208854000168, 11.271785291000015 ], [ 36.494965947000139, 11.288952227000038 ], [ 36.504958016000103, 11.284988236000061 ], [ 36.537335400000075, 11.304736251000065 ], [ 36.556879115000186, 11.302116366000064 ], [ 36.562419936000083, 11.318338093000136 ], [ 36.556418424000185, 11.329487098000072 ], [ 36.547482462000119, 11.337270682000167 ], [ 36.534543144000168, 11.335293242000148 ], [ 36.538734652000187, 11.34564642600003 ], [ 36.563626502000091, 11.358029042000169 ], [ 36.563889813000117, 11.37134905500011 ], [ 36.533094912000024, 11.394058938 ], [ 36.529910165000047, 11.434547089000091 ], [ 36.512222444000031, 11.458277112000189 ], [ 36.467155096000056, 11.428645228000164 ], [ 36.409947647000081, 11.41391171600003 ], [ 36.409544390000178, 11.458302047000018 ], [ 36.444303742000102, 11.492808222000065 ], [ 36.413115923000191, 11.53195975400007 ], [ 36.414534417000141, 11.545125206000137 ], [ 36.403408975000104, 11.545985624000082 ], [ 36.375154938000151, 11.607679311000027 ], [ 36.365276536000124, 11.600335471000108 ], [ 36.348421412000107, 11.605359639000142 ], [ 36.332418123000025, 11.666042003000143 ], [ 36.347556373000032, 11.696597154000074 ], [ 36.332064212000148, 11.704052347000072 ], [ 36.341274615000088, 11.780808515000103 ], [ 36.329066074000025, 11.796687280000185 ], [ 36.308797963000188, 11.803229321000117 ], [ 36.282906732000129, 11.772664399000178 ], [ 36.235871693000036, 11.736957521000022 ], [ 36.23157853500004, 11.722111979999966 ], [ 36.207073445000049, 11.721434708000061 ], [ 36.200828669000089, 11.705839421000178 ], [ 36.176215873000046, 11.684244684000134 ], [ 36.164995391000161, 11.678176712000095 ], [ 36.144827013000111, 11.685617417000117 ], [ 36.118357555999978, 11.705810794000172 ], [ 36.12552807700007, 11.719165851000014 ], [ 36.116605585000059, 11.723511786000188 ], [ 36.123229422000065, 11.734435989000133 ], [ 36.105230449000032, 11.81589069100005 ], [ 36.095070644000032, 11.812859272000139 ], [ 36.081458584000188, 11.824370293000186 ], [ 36.084290124000177, 11.835083350000104 ], [ 36.066264639000053, 11.851600541000096 ], [ 36.054495611000107, 11.849317632000123 ], [ 36.049140053000144, 11.86599999900011 ], [ 36.056373809000036, 11.874303763000057 ], [ 36.045074965000083, 11.876433834000181 ], [ 36.05060942200015, 11.883020070000157 ], [ 36.03811706800019, 11.885488093000163 ], [ 36.03382405800005, 11.89176959200006 ], [ 36.042642416000149, 11.895065586999976 ], [ 36.02121089100018, 11.913844522999966 ], [ 35.995979783999985, 11.926879409000094 ], [ 35.978033363000065, 11.960496563000163 ], [ 35.969024161000164, 11.95841593800003 ], [ 35.965816198000027, 11.984583925999971 ], [ 35.935288480000168, 11.966113195000162 ], [ 35.942896461000032, 11.936559060000093 ], [ 35.936458851000111, 11.920757861000027 ], [ 35.874423950000164, 11.885936790000073 ], [ 35.860158136, 11.849909364000041 ], [ 35.822991351000155, 11.82686622 ], [ 35.803664669000113, 11.838016204000098 ], [ 35.762781253000128, 11.837272957000152 ], [ 35.7055444450001, 11.822406478000119 ], [ 35.69439444000011, 11.831326456000113 ], [ 35.666595569000151, 11.825909434000096 ], [ 35.661715636000054, 11.793377223000164 ], [ 35.644907181000121, 11.781448774000012 ], [ 35.576589017000174, 11.76735160700008 ], [ 35.516946098000062, 11.718011189000038 ], [ 35.473298434000185, 11.736175096000068 ], [ 35.42178871200008, 11.729397646999985 ], [ 35.394678371000055, 11.746206013 ], [ 35.363772558000051, 11.752983616000108 ], [ 35.33744408900003, 11.77302875100014 ], [ 35.325713089000033, 11.794483632000095 ], [ 35.295932535000134, 11.799151355000049 ], [ 35.284349649000092, 11.884517440000025 ], [ 35.26108444900018, 11.927687256000013 ], [ 35.283879998000032, 11.983330002000173 ], [ 35.383599981000032, 12.165549971000189 ], [ 35.647359978999987, 12.59152997100017 ], [ 35.686239992000083, 12.602219999000056 ], [ 35.700139980000131, 12.624999971000136 ], [ 35.701080000000104, 12.666119988999981 ], [ 35.964720000000113, 12.71556 ], [ 36.012630000000115, 12.72055 ], [ 36.03722, 12.715 ], [ 36.07229, 12.724100000000135 ], [ 36.11194000100005, 12.694029999000179 ], [ 36.142539971000076, 12.714849979000121 ], [ 36.15916, 12.88139 ], [ 36.13534, 12.92541 ], [ 36.151110000000131, 12.971670000000131 ], [ 36.168889974000081, 12.989999974000114 ], [ 36.157360000000153, 13.03306 ], [ 36.2486, 13.368060000000185 ], [ 36.397499978000155, 13.567779972000153 ], [ 36.411380000000179, 13.61555 ], [ 36.409020000000112, 13.6575 ], [ 36.453524516000073, 13.762965645000065 ], [ 36.483836159000134, 13.727104541000131 ], [ 36.475796428000081, 13.700421448999975 ], [ 36.50439169800012, 13.665134416000058 ], [ 36.526074354, 13.606487345000119 ], [ 36.519556105000106, 13.585511773000121 ], [ 36.55469238600017, 13.571281353000018 ], [ 36.564711750000185, 13.533001045000162 ], [ 36.601122891000045, 13.498425464000093 ], [ 36.57431031800013, 13.477864165000142 ], [ 36.566421944000069, 13.446200745000056 ], [ 36.569510996000076, 13.425268509000091 ], [ 36.60480770800018, 13.377627433000157 ], [ 36.635779662000061, 13.382451577000154 ], [ 36.664595514000098, 13.366565204000096 ], [ 36.685101069000041, 13.374785176000046 ], [ 36.734659852999982, 13.363072466000119 ], [ 36.766943716000185, 13.37812810700018 ], [ 36.783219823000138, 13.402886462000083 ], [ 36.808622144000026, 13.418499846000032 ], [ 36.817147515000102, 13.446529213000076 ], [ 36.824789940000187, 13.448246112000106 ], [ 36.843696590999969, 13.440939619000119 ], [ 36.881178028000136, 13.407483369000033 ], [ 36.895540236000102, 13.406913268000039 ], [ 36.919192014000032, 13.376823803999969 ], [ 36.929672897000103, 13.372127957000032 ], [ 36.938587688000098, 13.379983397000046 ], [ 36.956890105000184, 13.362378047000163 ], [ 36.964487847000157, 13.369635152000114 ], [ 37.034955552000042, 13.353264047000096 ], [ 37.078374033000102, 13.311815581000076 ], [ 37.098737854000035, 13.316356616 ], [ 37.15774619900003, 13.297806598000136 ], [ 37.185726628000111, 13.282550094000101 ], [ 37.204709119000142, 13.255712391000088 ], [ 37.224398829000165, 13.274730585000157 ], [ 37.239752410000165, 13.276930645000107 ], [ 37.250517199000114, 13.294993971000054 ], [ 37.280647187000113, 13.284943967000174 ], [ 37.321827248000091, 13.297177615000066 ], [ 37.350409733000049, 13.326731793000022 ], [ 37.355384239000045, 13.351342339000098 ], [ 37.365241889000174, 13.359850854000058 ], [ 37.395817856000065, 13.357776969000099 ], [ 37.415816650000068, 13.373968391000062 ], [ 37.440505834000078, 13.35409430600015 ], [ 37.471474858000079, 13.366936788000146 ], [ 37.517780528000173, 13.36647495200009 ], [ 37.552001122000092, 13.388603948000025 ], [ 37.637097256000175, 13.413895488000094 ], [ 37.656563967000181, 13.441373463000161 ], [ 37.676794297000185, 13.450687568000149 ], [ 37.694142437000096, 13.472426752000104 ], [ 37.690896724000027, 13.484688629000061 ], [ 37.714425549000168, 13.542012677000059 ], [ 37.727027012, 13.563421897000069 ], [ 37.746138431000077, 13.570948853000061 ], [ 37.753918379000027, 13.591163604000087 ], [ 37.759926005000125, 13.590998005000188 ], [ 37.764368764999972, 13.618372348000037 ], [ 37.776066951000132, 13.633502867000061 ], [ 37.774765315000082, 13.611653900000135 ], [ 37.784149450000029, 13.587719252000056 ], [ 37.769024663000096, 13.562598912999988 ], [ 37.792659305000029, 13.520614519000048 ], [ 37.809005963000061, 13.519093881000174 ], [ 37.816905536000093, 13.463175524000064 ], [ 37.86640019400005, 13.475127248999968 ], [ 37.887193277000165, 13.453370081000116 ], [ 37.904101474000186, 13.447048973000051 ], [ 37.946487353000066, 13.466415070000096 ], [ 37.968388894000043, 13.493693843000187 ], [ 38.001179411000066, 13.501097501000118 ], [ 38.020729472000141, 13.481256969000185 ], [ 38.045603382000138, 13.480111391999969 ], [ 38.059441013000139, 13.467191866000064 ], [ 38.115321849000054, 13.494262634000052 ], [ 38.120990784000071, 13.506304382000053 ], [ 38.129907026000069, 13.484739118999983 ], [ 38.145192748000056, 13.471678588000032 ], [ 38.173720225000068, 13.493443946000184 ], [ 38.20089763600015, 13.480138398000122 ], [ 38.247957957999972, 13.501662639000131 ], [ 38.259142031000124, 13.486203203000173 ], [ 38.278917156000034, 13.485519139000075 ], [ 38.319856452000067, 13.50215196500011 ], [ 38.327883107000105, 13.550325213 ], [ 38.341196735000153, 13.537642856000048 ], [ 38.359950907000041, 13.553004272000067 ], [ 38.37983954800012, 13.544477135000022 ], [ 38.391234110000028, 13.553355668000052 ], [ 38.406508159000168, 13.539411139000094 ], [ 38.440805702000148, 13.584405289000017 ], [ 38.451038580000045, 13.584599391000097 ], [ 38.442793750000135, 13.560540201000038 ], [ 38.453622524000139, 13.556946122000113 ], [ 38.46521463300013, 13.567644900000175 ], [ 38.477619910999977, 13.55234488300016 ], [ 38.501449832000048, 13.557859295000071 ], [ 38.553946141000154, 13.550308131 ], [ 38.542458952000118, 13.525802187000124 ], [ 38.496804606000069, 13.506789362000063 ], [ 38.490658546000134, 13.495777931000134 ], [ 38.498256686000161, 13.484455432000061 ], [ 38.467402843000173, 13.484901999000158 ], [ 38.460991233000072, 13.459561585000131 ], [ 38.562075459000027, 13.483329711000067 ], [ 38.590112415000078, 13.506124023000154 ], [ 38.614045233000184, 13.490686865000043 ], [ 38.662150268000062, 13.531181440000125 ], [ 38.676430296000149, 13.483440269000027 ], [ 38.633280931000172, 13.472711308000044 ], [ 38.615788282000096, 13.451400938000177 ], [ 38.61785245100009, 13.4283304 ], [ 38.622371244000135, 13.411227093000036 ], [ 38.648639953000156, 13.396521310000139 ], [ 38.70568553600009, 13.389298880000126 ], [ 38.721865207000064, 13.408050577999973 ], [ 38.733132743000112, 13.39881121600007 ], [ 38.737243319000186, 13.377698667000175 ], [ 38.730193981000127, 13.365402086000131 ], [ 38.741812589000062, 13.339832438000144 ], [ 38.735153958000069, 13.302352155000108 ], [ 38.740068483000186, 13.286785039000108 ], [ 38.731588079000176, 13.262275644000169 ], [ 38.743251731000157, 13.265023136000138 ], [ 38.800690766000116, 13.247309866000023 ], [ 38.863105411, 13.209497663000036 ], [ 38.876218354000059, 13.220508148000022 ], [ 38.951741918000039, 13.237514728000122 ], [ 38.955824074000134, 13.21201319000005 ], [ 38.997367780000047, 13.203404456999976 ], [ 39.041598780000072, 13.161502315000121 ], [ 39.036933914000087, 13.134239229000116 ], [ 38.97860189000005, 13.098962081000025 ], [ 39.004334067000116, 13.023397491000026 ], [ 38.994455238000114, 13.011741138000048 ], [ 39.000219106000031, 13.003443776000097 ], [ 39.034261090000086, 13.000468310000088 ], [ 39.053611421000028, 12.990669566000065 ], [ 39.074147895000181, 12.976086022000118 ], [ 39.082858956000166, 12.959272311000063 ], [ 39.141864794000185, 12.955839862 ], [ 39.19283200000018, 12.92808498800008 ], [ 39.258728715000018, 12.914682269000025 ], [ 39.279022835000148, 12.856247515000177 ], [ 39.294894823000163, 12.870902075000117 ], [ 39.306827890000136, 12.866310379000026 ], [ 39.310131667000178, 12.852206824000064 ], [ 39.277685629000189, 12.826024042000142 ], [ 39.307215579000115, 12.811652772000116 ], [ 39.303601963000119, 12.793315247000123 ], [ 39.295730048000053, 12.785497266000164 ], [ 39.275771867000117, 12.787847884000143 ], [ 39.267663775000187, 12.77133496600004 ], [ 39.278853379000168, 12.758548087000122 ], [ 39.280932323000059, 12.743338179000034 ], [ 39.269535045000111, 12.723219788000165 ], [ 39.285521429000141, 12.704370101000052 ], [ 39.280482154000026, 12.688008236000144 ], [ 39.238857724000184, 12.663099151000154 ], [ 39.198870948000149, 12.660395359000063 ], [ 39.174401276000026, 12.643480484000065 ], [ 39.229773857000055, 12.501081519000024 ], [ 39.245529419000036, 12.352944384000068 ], [ 39.284784732000048, 12.299688143000139 ], [ 39.305208342000071, 12.297280244000149 ], [ 39.321702794000032, 12.304866179000101 ], [ 39.419514241000172, 12.296596725000143 ], [ 39.455564056000185, 12.325027175000059 ], [ 39.47051795200008, 12.32139860500007 ], [ 39.507440992000113, 12.332852040000091 ], [ 39.522661952000078, 12.326414029000091 ], [ 39.543273525000075, 12.265007941000022 ], [ 39.555184250000138, 12.255511219000141 ], [ 39.572543903000053, 12.255925598000033 ], [ 39.591869765000183, 12.270975589000159 ], [ 39.614212959000042, 12.275731232999988 ], [ 39.625122954000062, 12.287998835 ], [ 39.620934418000047, 12.300221699000076 ], [ 39.632274431000155, 12.307654083000045 ], [ 39.706265144000042, 12.306206621000172 ], [ 39.75855376100003, 12.319953055000155 ], [ 39.761546943000042, 12.303252023000141 ], [ 39.817611330000148, 12.324029795000172 ], [ 39.824736882000138, 12.317740811000078 ], [ 39.827579057000037, 12.240457884000136 ], [ 39.807546950000187, 12.238868944999979 ], [ 39.799860768000144, 12.194985067000061 ], [ 39.828600589000189, 12.099837122000054 ], [ 39.861724730000049, 12.088369026000123 ], [ 39.841262494000034, 12.053548152000076 ], [ 39.876546907000147, 11.974361157000146 ], [ 39.887100224000164, 11.905738230000111 ], [ 39.878096897000148, 11.882652046999965 ], [ 39.874871622000171, 11.778754453000147 ], [ 39.923946133000129, 11.700796031000152 ], [ 39.969655659000125, 11.664480789000095 ], [ 39.99411318600005, 11.681157761000065 ], [ 40.015285517000052, 11.645552521000184 ], [ 39.99745104100009, 11.612226044000067 ], [ 39.993314070000167, 11.58379725900005 ], [ 40.060914350000019, 11.474131536000129 ], [ 40.070186855000145, 11.373664184000063 ], [ 40.064956347000077, 11.337759224000081 ], [ 40.07123437700011, 11.325645610000038 ], [ 40.102577586000052, 11.316914856999972 ], [ 40.145619762000138, 11.255625560000112 ], [ 40.172875988000101, 11.239979554000172 ], [ 40.21243793400015, 11.108908124000095 ], [ 40.19379644300011, 11.096367235000116 ], [ 40.186939037000059, 11.025342766000165 ], [ 40.144128374000047, 10.952115006999975 ], [ 40.123771524000063, 10.93763921600015 ], [ 40.149310951000132, 10.895796132000157 ], [ 40.180501636000088, 10.896861903000115 ], [ 40.169951585000149, 10.873524746000044 ], [ 40.166695362000098, 10.805048304000138 ], [ 40.102610932000175, 10.755046175000132 ], [ 40.152901391, 10.43928583100012 ], [ 40.161587952000104, 10.435340451 ], [ 40.163639855000156, 10.41236375200009 ], [ 40.160385655000027, 10.300797679000141 ], [ 40.157497908000096, 10.285365440000021 ], [ 40.146659743000157, 10.277217092000171 ], [ 40.155579610000188, 10.257410691000132 ], [ 40.128993667000032, 10.173546208000062 ], [ 40.158145723000132, 10.090278606000084 ], [ 40.132584922000092, 10.071093523000116 ], [ 40.069024911000099, 10.079061598000123 ], [ 39.993562753000049, 10.076897555000187 ], [ 39.988950811, 10.088315128000147 ], [ 39.927274822000129, 10.089962566 ], [ 39.943444662000047, 10.059189888000105 ], [ 39.924699313000076, 10.014096156999983 ], [ 39.931263981000029, 10.014446273000033 ], [ 39.929689071000155, 10.005838085999983 ], [ 39.947354193000137, 9.993374848000144 ], [ 40.04315937500013, 9.991030512000179 ], [ 40.088842507000038, 9.93480546100011 ], [ 40.077824466000152, 9.905461926000044 ], [ 40.063559105000138, 9.902413099000114 ], [ 40.058430127000122, 9.864339007000012 ], [ 40.070692824000162, 9.857416624000052 ], [ 40.052670644000102, 9.842197328000054 ], [ 40.03520665700006, 9.842798544000061 ], [ 40.011025413000027, 9.818556814000146 ], [ 40.008073401000047, 9.78177612800016 ], [ 39.991154010000116, 9.756725605000042 ], [ 40.013766690000068, 9.737567590000026 ], [ 40.009369776000085, 9.732856664000167 ], [ 39.954730654000059, 9.730248808000056 ], [ 39.862140287000045, 9.75395904200019 ], [ 39.84977405800015, 9.748358985000039 ], [ 39.839127550000171, 9.723559838000085 ], [ 39.852678544000128, 9.698681828000133 ], [ 39.857662588000039, 9.655151854000167 ], [ 39.883795549000183, 9.610633282000151 ], [ 39.87714658800013, 9.57656938700012 ], [ 39.847578568000017, 9.564292121000051 ], [ 39.857324161000179, 9.547084830000131 ], [ 39.847098365000193, 9.510716289000072 ], [ 39.83752582600016, 9.50189908100009 ], [ 39.847831218000181, 9.481207726000036 ], [ 39.872525838000058, 9.459261316000152 ], [ 39.878645824000159, 9.400410595000039 ], [ 39.821455806000131, 9.417440211000098 ], [ 39.785192561000031, 9.395607140999971 ], [ 39.791478857000016, 9.369819571999983 ], [ 39.749826332000112, 9.369215006000047 ], [ 39.778879464, 9.30986388499997 ], [ 39.789141232000134, 9.304219598999964 ], [ 39.844136254000148, 9.314182703000085 ], [ 39.859998318, 9.307126238000023 ], [ 39.885989008000081, 9.269359403000067 ], [ 39.857005408000191, 9.270074091000083 ], [ 39.873029747000089, 9.227292375000047 ], [ 39.813013316000024, 9.171110355000053 ], [ 39.817420679000122, 9.136314175000109 ], [ 39.807734578000066, 9.135445119000167 ], [ 39.780248003000168, 9.104351018000045 ], [ 39.742452111000034, 9.091257804000122 ], [ 39.748012874000153, 8.910277915000165 ], [ 39.731332700000053, 8.844191349000141 ], [ 39.733277203000114, 8.826240115000076 ], [ 39.716727868000135, 8.816080567000029 ], [ 39.66213722700013, 8.813192484000069 ], [ 39.617022723000161, 8.786868968000022 ], [ 39.561986771000136, 8.817839618000164 ], [ 39.551786236000169, 8.768750596000189 ], [ 39.533776130000035, 8.757960639000089 ], [ 39.50075019000019, 8.714812531000121 ], [ 39.449226619000115, 8.752237944000115 ], [ 39.417751568000085, 8.814541965000103 ], [ 39.378164, 8.791171490000067 ], [ 39.377101170000174, 8.730897078000055 ], [ 39.361069288000124, 8.72094988900011 ], [ 39.342048858, 8.726945429000011 ], [ 39.324542076000114, 8.746886870000026 ], [ 39.298982556000055, 8.718513632000054 ], [ 39.270448014000067, 8.724513068000135 ], [ 39.261952115000099, 8.74693588100007 ], [ 39.272982659000093, 8.766853948000062 ], [ 39.271993109000107, 8.783044547000088 ], [ 39.243854955000018, 8.8276813 ], [ 39.243985598000108, 8.836614986000029 ], [ 39.265526457000078, 8.843076076000159 ], [ 39.23749115600009, 8.862024795000082 ], [ 39.241015087000051, 8.888922484000091 ], [ 39.26538142600009, 8.922385056000167 ], [ 39.258599611000193, 8.962636107000151 ], [ 39.288188371000047, 8.9989783850001 ], [ 39.296751314, 9.053268940000123 ], [ 39.357012271000087, 9.062080326 ], [ 39.328844038000113, 9.137206135000042 ], [ 39.320164556000123, 9.140222525000013 ], [ 39.323169034000045, 9.14878646000011 ], [ 39.294126330000097, 9.149269342000082 ], [ 39.249522225000192, 9.135586015000115 ], [ 39.214637411000183, 9.173379248000117 ], [ 39.188588721000144, 9.209260135000022 ], [ 39.213682513000037, 9.228121843999986 ], [ 39.177743712000165, 9.271073861 ], [ 39.207188084000109, 9.291940727999986 ], [ 39.233662219000109, 9.293612357000029 ], [ 39.266168844000049, 9.244486984000105 ], [ 39.284730547000095, 9.27753734300012 ], [ 39.266205776000049, 9.288451741000074 ], [ 39.264416277000066, 9.324190917000067 ], [ 39.278281597000102, 9.312249715 ], [ 39.285437568000077, 9.315796503000058 ], [ 39.292988364000053, 9.349165239000172 ], [ 39.306545273000097, 9.366090126000131 ], [ 39.319585813000117, 9.365580384000054 ], [ 39.325117202000115, 9.380519217000028 ], [ 39.346683843999983, 9.378506033000065 ], [ 39.356705941000143, 9.369031534000158 ], [ 39.394851937000112, 9.391904538000176 ], [ 39.420409205000169, 9.371451719000106 ], [ 39.445643121000103, 9.383906186000047 ], [ 39.453874523000081, 9.401201864000086 ], [ 39.443087363000188, 9.414380454000138 ], [ 39.447705766000126, 9.432491261 ], [ 39.430325357000129, 9.433876471000076 ], [ 39.393927236000081, 9.455048550000072 ], [ 39.37274111000005, 9.44683061000012 ], [ 39.376923534000071, 9.463288481000177 ], [ 39.363082137000106, 9.473860614000159 ], [ 39.309691863000012, 9.46768075600005 ], [ 39.294095184000184, 9.491740781000146 ], [ 39.312939889000177, 9.535559958000135 ], [ 39.329693778000035, 9.526557331000163 ], [ 39.341400900000053, 9.545392053000171 ], [ 39.360604479000131, 9.54606323600018 ], [ 39.376473449, 9.567334510000137 ], [ 39.373358609000036, 9.592027721000022 ], [ 39.388819113000125, 9.615740414000129 ], [ 39.3858586610001, 9.630821438000055 ], [ 39.361687794000147, 9.618915774000129 ], [ 39.352048529000058, 9.622053936999976 ], [ 39.357750507000048, 9.656863755000131 ], [ 39.371299046000104, 9.669967687999986 ], [ 39.360979105000183, 9.68027947600001 ], [ 39.37011478900007, 9.699377299000048 ], [ 39.339346295000155, 9.703918864000173 ], [ 39.34671639000004, 9.725141529000155 ], [ 39.320450965000134, 9.724124522000125 ], [ 39.297855516000084, 9.748032986000169 ], [ 39.287584113000094, 9.733964613000069 ], [ 39.268117776000167, 9.739742061000072 ], [ 39.249905994000017, 9.704906936000043 ], [ 39.228063057000099, 9.693712076000168 ], [ 39.223495732000117, 9.705209304 ], [ 39.204894644000092, 9.706556352000121 ], [ 39.184172578000073, 9.720062338999981 ], [ 39.184024695000176, 9.685757296000133 ], [ 39.174227379000115, 9.694849772000111 ], [ 39.16178271900003, 9.688778226000125 ], [ 39.145374471000025, 9.693345943000168 ], [ 39.147743968999976, 9.715357992000065 ], [ 39.139302682000107, 9.740658277000023 ], [ 39.097686024000041, 9.73544210600005 ], [ 39.104532009000081, 9.748596004000035 ], [ 39.092213444000038, 9.763080850000165 ], [ 39.036000521000062, 9.747013346000131 ], [ 39.016590379000036, 9.757725298000082 ], [ 38.990104350000024, 9.745970874000079 ], [ 38.974420311000188, 9.761105070000099 ], [ 38.952088058000072, 9.738662725000154 ], [ 38.960252750999985, 9.710757137000144 ], [ 38.934733068000128, 9.727943276000076 ], [ 38.909342186000174, 9.70873160400015 ], [ 38.866542034000076, 9.733633362000091 ], [ 38.828900269000144, 9.769105514000046 ], [ 38.807775707000019, 9.819546366000168 ], [ 38.803028846000132, 9.86211411000005 ], [ 38.790852865000147, 9.882626782000159 ], [ 38.802462994, 9.909464233000165 ], [ 38.796395525000094, 9.933715064000182 ], [ 38.800570287000028, 9.962196032 ], [ 38.779325189000076, 9.982384738000121 ], [ 38.75805634, 9.980672016000028 ], [ 38.673815107, 10.015149482000027 ], [ 38.657235115000049, 10.051451997000186 ], [ 38.662665134000179, 10.057361952 ], [ 38.721357446000013, 10.051443834000111 ], [ 38.810943160000193, 10.094408716000032 ], [ 38.82361609700007, 10.109681501000068 ], [ 38.84260955200017, 10.109924813000134 ], [ 38.852601234000133, 10.118053021000151 ], [ 38.833744314000114, 10.161852710000119 ], [ 38.835273491000066, 10.22573390600013 ], [ 38.860843744000192, 10.277980931 ], [ 38.845728709000014, 10.361023596000166 ], [ 38.806468477000067, 10.368835610000076 ], [ 38.772146040000166, 10.366160703 ], [ 38.746122051000157, 10.383746507000069 ], [ 38.7126352840001, 10.386869343000171 ], [ 38.664156367000032, 10.372755606000055 ], [ 38.630276588000186, 10.382174811000027 ], [ 38.476676643000133, 10.363259946000085 ], [ 38.481201353000188, 10.344366625000134 ], [ 38.466090771000154, 10.305224893000172 ], [ 38.472529056000042, 10.291804716000115 ], [ 38.460067299000059, 10.28997032 ], [ 38.462671906000139, 10.267672455000081 ], [ 38.454191224000112, 10.246689368000091 ], [ 38.419384806000039, 10.219846971000038 ], [ 38.430043544000171, 10.193132966000121 ], [ 38.421050215000093, 10.180752498000174 ], [ 38.425724645000173, 10.171756064000078 ], [ 38.406310336000047, 10.160372298000027 ], [ 38.397499996000136, 10.144277914999975 ], [ 38.366302158, 10.140485495000121 ], [ 38.348278775000097, 10.158841026000118 ], [ 38.340049563000093, 10.156221874000153 ], [ 38.325961926000048, 10.133119432000171 ], [ 38.321809506000193, 10.107186793999972 ], [ 38.308600941, 10.107952823000062 ], [ 38.295274989000177, 10.089247869000133 ], [ 38.252375598000128, 10.088427973000137 ], [ 38.247788605000096, 10.101949476000073 ], [ 38.240426651000064, 10.102633868000055 ], [ 38.176628260000086, 10.063105421000159 ], [ 38.150565228000119, 10.035121651000054 ], [ 38.130939688000069, 10.047449623000091 ], [ 38.118277216000081, 10.01775053700004 ], [ 38.087563260000024, 10.020250808000071 ], [ 38.080279709000024, 10.015223327 ], [ 38.081207972000186, 10.00217543399998 ], [ 38.06431588200013, 9.997895474000075 ], [ 38.059931978000179, 9.981803496 ], [ 38.04811374000019, 9.981532249000054 ], [ 38.043585946, 9.969779788000096 ], [ 38.008454708999977, 9.964134820000027 ], [ 37.993421392000187, 9.949085918000094 ], [ 37.957067176000123, 9.938637757000095 ], [ 37.932837886000186, 9.941279304999966 ], [ 37.93007431000018, 9.914587167000036 ], [ 37.909325902000091, 9.930448536000085 ], [ 37.893029142000159, 9.927258909000045 ], [ 37.869932308000102, 9.907533973000113 ], [ 37.860390935000169, 9.912788657000078 ], [ 37.855936372000087, 9.895941178000101 ], [ 37.842680721000136, 9.896703164000087 ], [ 37.816021511000031, 9.867150363000121 ], [ 37.769088723999971, 9.851441725000143 ], [ 37.748529877000067, 9.855939259000138 ], [ 37.742891812000153, 9.840662288000033 ], [ 37.724346388000072, 9.844544327 ], [ 37.700652080000168, 9.836714383000185 ], [ 37.680392862000076, 9.862317749000113 ], [ 37.661852758000123, 9.860484457000155 ], [ 37.641381363000164, 9.882482492000122 ], [ 37.618226764000099, 9.893889540000146 ], [ 37.612827604000074, 9.909410379000121 ], [ 37.592396684, 9.918764587000169 ], [ 37.586934200000144, 9.939397922000182 ], [ 37.552929056000096, 9.958554656 ], [ 37.551362415000085, 9.973427987000036 ], [ 37.529236929000092, 9.996176773000059 ], [ 37.483134779000125, 10.003508787000101 ], [ 37.475749295000128, 10.014938975000121 ], [ 37.444469594000111, 10.014559267000152 ], [ 37.398275411999975, 10.046150453000109 ], [ 37.356983174000106, 10.040231709000125 ], [ 37.344751172000031, 10.005818236000152 ], [ 37.329539616000147, 10.00584845200018 ], [ 37.305609863000029, 10.02665316000008 ], [ 37.287711844000171, 10.062879183000121 ], [ 37.271640445000116, 10.073638879000043 ], [ 37.24074594700005, 10.075610279000102 ], [ 37.21331582300013, 10.087907831000109 ], [ 37.190737458000115, 10.111555897000073 ], [ 37.167702323000071, 10.16327334600004 ], [ 37.199896749000061, 10.223296519000144 ], [ 37.181811114000141, 10.241264534000095 ], [ 37.087101871000186, 10.259494065000013 ], [ 37.045871990000194, 10.288399330000061 ], [ 37.013265300000057, 10.28493867300017 ], [ 36.97992079900007, 10.314026481000099 ], [ 36.89796121, 10.312848153000118 ], [ 36.869241516000159, 10.340692899000089 ], [ 36.818706523000174, 10.341900383000166 ] ] ] } },
{ "type": "Feature", "properties": { "adm1_name": "Oromia", "adm1_name1": null, "adm1_name2": null, "adm1_name3": null, "adm1_pcode": "ET04", "adm0_name": "Ethiopia", "adm0_name1": null, "adm0_name2": null, "adm0_name3": null, "adm0_pcode": "ET", "valid_on": "2025-01-01", "valid_to": null, "area_sqkm": 323034.78448485001, "version": "v04", "lang": "en", "lang1": null, "lang2": null, "lang3": null, "adm1_ref_n": null, "center_lat": null, "center_lon": null }, "geometry": { "type": "Polygon", "coordinates": [ [ [ 36.215481473000125, 7.491472471000179 ], [ 36.156556678000129, 7.542620626000144 ], [ 36.127616857000078, 7.555641226000091 ], [ 36.062197248000075, 7.557481339 ], [ 36.03532741700019, 7.572582032000071 ], [ 36.032487444000139, 7.591452878000041 ], [ 36.051907352000057, 7.653905677000068 ], [ 36.041897424000183, 7.674366604000056 ], [ 36.020557553000117, 7.692017406000105 ], [ 35.997237715999972, 7.745119799000122 ], [ 35.941628057000059, 7.773921118000089 ], [ 35.848618632000012, 7.838964073 ], [ 35.886874435000152, 7.89253824400015 ], [ 35.905128344000104, 7.946018852000066 ], [ 35.872718576000125, 8.058773906 ], [ 35.860868654000171, 8.077234741000098 ], [ 35.76576921200018, 8.081234959000142 ], [ 35.728003735000129, 8.039569454000173 ], [ 35.722852992000014, 8.022467005000067 ], [ 35.738512741000136, 7.988824024000053 ], [ 35.799921729000062, 7.940669771000046 ], [ 35.776066029000106, 7.899170272000163 ], [ 35.739539285000149, 7.866625353000074 ], [ 35.716439421000075, 7.855474859000083 ], [ 35.693729554000129, 7.86435527000009 ], [ 35.618279986000061, 7.814743066000119 ], [ 35.589620153000112, 7.808632804000126 ], [ 35.554630358000054, 7.82021333400013 ], [ 35.544400425000163, 7.83099382 ], [ 35.520725584000161, 7.8956067310001 ], [ 35.474310848000073, 7.873505752000085 ], [ 35.428734945000087, 7.880825225000081 ], [ 35.400578841000083, 7.829573682000103 ], [ 35.389141341000027, 7.827023693000058 ], [ 35.358051522000096, 7.84299441800016 ], [ 35.349859201000186, 7.834874142000103 ], [ 35.342029587000184, 7.821368869000082 ], [ 35.340877649000106, 7.776610678000054 ], [ 35.275566916000059, 7.74600805200015 ], [ 35.222732824000161, 7.703102542000181 ], [ 35.22032125800007, 7.662597221000112 ], [ 35.212324139000032, 7.651496985000051 ], [ 35.172934602000055, 7.654229187000169 ], [ 35.11603360700019, 7.645092153000178 ], [ 35.077095841000073, 7.731005248000145 ], [ 34.995473251000135, 7.747974243000044 ], [ 34.931977556000163, 7.728168627000173 ], [ 34.937111947000119, 7.764793453000038 ], [ 34.932276357999967, 7.827954211000133 ], [ 34.950686634000022, 7.890286446000175 ], [ 35.00061526900015, 7.862321638000026 ], [ 35.013101335000101, 7.882457938000073 ], [ 35.008480071, 7.923502092000035 ], [ 35.048340566000036, 7.954436467000107 ], [ 35.108557973000188, 7.957113076000155 ], [ 35.141024095000091, 7.989027562000047 ], [ 35.140716397000176, 8.021689461000051 ], [ 35.117936250000184, 8.082588241000167 ], [ 35.089087727000049, 8.113922156000058 ], [ 35.103878786, 8.115117707000138 ], [ 35.143271224000102, 8.142853244000037 ], [ 35.157659299000159, 8.136710000000107 ], [ 35.138131458000089, 8.181827079000016 ], [ 35.118913490000182, 8.200608826000177 ], [ 35.073245997000072, 8.220184827000139 ], [ 35.018258912000078, 8.219643652 ], [ 34.964792083000134, 8.247346959000083 ], [ 34.855094825000037, 8.250647129000129 ], [ 34.826427111000044, 8.261935566000034 ], [ 34.785803330000135, 8.303639340000018 ], [ 34.795072045999973, 8.326909195999974 ], [ 34.785250433000101, 8.355242661000148 ], [ 34.728751828000156, 8.390022244000022 ], [ 34.574273499000071, 8.403479556999969 ], [ 34.556526754000117, 8.455134120000082 ], [ 34.522687101000031, 8.475544933000037 ], [ 34.347280143000148, 8.376647333000165 ], [ 34.313296408000042, 8.389928504000125 ], [ 34.357432848000087, 8.499928235000084 ], [ 34.358223376000126, 8.522043527999983 ], [ 34.345471368000176, 8.600099974000102 ], [ 34.312429023000107, 8.682099813000093 ], [ 34.279388977, 8.708837029000108 ], [ 34.255733657000121, 8.70263865700008 ], [ 34.22351863200015, 8.669767441999966 ], [ 34.189639021000119, 8.651632735000078 ], [ 34.124245703000042, 8.651479982000126 ], [ 34.134406861000059, 8.9625607750001 ], [ 34.430651004000083, 8.967436632000044 ], [ 34.503707991000169, 9.004134039000178 ], [ 34.483666689000188, 9.047145573000023 ], [ 34.458330016000161, 9.073183166000092 ], [ 34.426835009000115, 9.071795454000039 ], [ 34.340877048000152, 9.168779030000167 ], [ 34.401742184, 9.186634573000049 ], [ 34.439560022000194, 9.215575531000127 ], [ 34.452389509000056, 9.257480946000044 ], [ 34.451728095000078, 9.308702328000038 ], [ 34.46627046499998, 9.365810855000063 ], [ 34.45180644800007, 9.449110630000121 ], [ 34.512974770000142, 9.448000646000139 ], [ 34.498732266000161, 9.514231065999979 ], [ 34.523230916000159, 9.541112503000079 ], [ 34.548466702999974, 9.629662940000117 ], [ 34.585394227000052, 9.630359738000038 ], [ 34.632014748000188, 9.588021403000027 ], [ 34.735137544000054, 9.545301779000113 ], [ 34.782986711000035, 9.553331130000061 ], [ 34.792057445000069, 9.603314873999977 ], [ 34.810854103000111, 9.63011872900006 ], [ 34.809960447000037, 9.702241158000106 ], [ 34.796142518000124, 9.736239464999983 ], [ 34.831665465000015, 9.803115600000126 ], [ 34.869726977000141, 9.820667072000163 ], [ 34.892152899000109, 9.864603877000093 ], [ 34.897683516000029, 9.881757181000069 ], [ 34.866795099, 9.902260916000046 ], [ 34.887781453000059, 9.908213967999984 ], [ 34.904420085000083, 9.955878686000119 ], [ 34.92765547700003, 9.93527945600016 ], [ 34.942995979999978, 9.933567317000154 ], [ 34.98818221300013, 9.996766925000031 ], [ 35.015017487000193, 9.995190863000062 ], [ 35.019654361000164, 9.928791940000167 ], [ 35.048513532000129, 9.917741245000059 ], [ 35.08102060900012, 9.921920612000065 ], [ 35.088341497000101, 9.950488895000092 ], [ 35.159583687000065, 9.948402073000125 ], [ 35.220798401000025, 9.925425696 ], [ 35.230743591000078, 9.893252214000029 ], [ 35.278471869000157, 9.907078983000133 ], [ 35.297454005000077, 9.922483253000166 ], [ 35.32469285600007, 9.884796300000062 ], [ 35.349800616000039, 9.866075812000133 ], [ 35.363788997000086, 9.813043185000026 ], [ 35.419628528000032, 9.785145035000085 ], [ 35.378831148000074, 9.765406404000032 ], [ 35.383031169000049, 9.758996405000175 ], [ 35.36508100900005, 9.727466421000145 ], [ 35.368397025000149, 9.719289413000183 ], [ 35.410766331000161, 9.713677552000092 ], [ 35.455374985000162, 9.672230703000082 ], [ 35.468423574000042, 9.670376197000166 ], [ 35.505106154000089, 9.688702257000159 ], [ 35.553727423000055, 9.696118466000144 ], [ 35.578517519, 9.665518421 ], [ 35.594427594000081, 9.656038397000088 ], [ 35.634727814000087, 9.65148833000012 ], [ 35.653437895000025, 9.634928304000027 ], [ 35.64357966200015, 9.594550314000116 ], [ 35.647491968000168, 9.553310385000032 ], [ 35.67139109600015, 9.517234552000161 ], [ 35.710760712000138, 9.486771922000173 ], [ 35.752891093000187, 9.481694207000032 ], [ 35.764992988000074, 9.473350736999976 ], [ 35.777325831000098, 9.440139413999987 ], [ 35.778415380000069, 9.430699023000045 ], [ 35.754002660000026, 9.416548201000182 ], [ 35.750121341000181, 9.40308330400012 ], [ 35.750557958000115, 9.331128127000113 ], [ 35.756747975999986, 9.323638114000062 ], [ 35.773954600000138, 9.324324043000047 ], [ 35.797191691000137, 9.308617540000171 ], [ 35.859870325000088, 9.324971589000143 ], [ 35.911088774000177, 9.315957987000104 ], [ 35.917871966000064, 9.285639052000136 ], [ 35.949321024000028, 9.249153646000082 ], [ 36.031577196000171, 9.23342605900001 ], [ 36.05361065600016, 9.119437129000119 ], [ 36.034022845000095, 9.107416687000125 ], [ 36.028074519000143, 9.055977324000082 ], [ 36.042449086000147, 9.032177624000155 ], [ 36.042155393000087, 9.015047793000065 ], [ 36.063941576000161, 9.019908036000118 ], [ 36.086545823000165, 9.012616791000028 ], [ 36.096974614000032, 9.032414896000034 ], [ 36.075537254000153, 9.062637626000139 ], [ 36.08417349299998, 9.058420663000163 ], [ 36.108553458000074, 9.080031575000021 ], [ 36.128686398000184, 9.051117363 ], [ 36.131429030999982, 9.020788201000016 ], [ 36.159633019000182, 9.020659939999973 ], [ 36.176790550000078, 9.044525228 ], [ 36.225949202000152, 9.030967937000128 ], [ 36.246477824000124, 9.040962060000084 ], [ 36.207650458000103, 9.067152766000106 ], [ 36.184585928000047, 9.07195168700008 ], [ 36.161473421000039, 9.105351872000085 ], [ 36.171912299000098, 9.10829718500014 ], [ 36.203947895000056, 9.157346813000061 ], [ 36.22892516800016, 9.229031010000085 ], [ 36.226336010000182, 9.27172814000005 ], [ 36.194894703999978, 9.288973481000085 ], [ 36.194597216000091, 9.326289034000183 ], [ 36.205892528000106, 9.35473969200018 ], [ 36.234268717000077, 9.347006928000042 ], [ 36.214586972000063, 9.332416972000033 ], [ 36.218373047000057, 9.297118325000042 ], [ 36.253179406000072, 9.30182331200001 ], [ 36.275117402000149, 9.343833046000157 ], [ 36.295482496000091, 9.30169163700009 ], [ 36.318996195000068, 9.305850016000136 ], [ 36.333767936000072, 9.339799325000058 ], [ 36.374716538000143, 9.358019170000091 ], [ 36.46141108900008, 9.357156935000091 ], [ 36.484109647000025, 9.367867244000081 ], [ 36.475190875000123, 9.394637238000143 ], [ 36.507265609000115, 9.419345341000167 ], [ 36.514911091000158, 9.444134004000091 ], [ 36.498663554000075, 9.472884584000042 ], [ 36.494429858000103, 9.509365743000046 ], [ 36.461168171000054, 9.528057690000026 ], [ 36.40062950700019, 9.510988321000184 ], [ 36.380307981000101, 9.480480466000074 ], [ 36.335955124000179, 9.511994007000055 ], [ 36.301025209000102, 9.555515471000035 ], [ 36.266265467000039, 9.568695262000119 ], [ 36.23177701600008, 9.570323043000087 ], [ 36.200777372000175, 9.614928768000084 ], [ 36.191865862000043, 9.68787751800005 ], [ 36.177496121000104, 9.701314421000063 ], [ 36.159057226000073, 9.746936508000033 ], [ 36.105286613000033, 9.773323643000083 ], [ 36.136471135000079, 9.807447298000056 ], [ 36.128207082000131, 9.852213635000055 ], [ 36.152343448000011, 9.8489314790001 ], [ 36.119798732000049, 9.961333164000052 ], [ 36.139898364000089, 10.009705090000068 ], [ 36.184567068000092, 10.049661314000048 ], [ 36.218924192000088, 10.053212510000094 ], [ 36.258919556000194, 10.078452010000092 ], [ 36.271892158000071, 10.113087661000179 ], [ 36.369421904000092, 10.161652776000096 ], [ 36.445350893000125, 10.245844166000154 ], [ 36.490912873000184, 10.234268733000079 ], [ 36.515488472000072, 10.2399315400001 ], [ 36.554480933000036, 10.285072005000188 ], [ 36.575847829000111, 10.279235559000085 ], [ 36.574685618000103, 10.264173395000114 ], [ 36.610570507000148, 10.259221846000173 ], [ 36.659690716000171, 10.27704084100003 ], [ 36.692191505000153, 10.296289130000048 ], [ 36.6809025230001, 10.334614838000164 ], [ 36.69165352300007, 10.357319884000106 ], [ 36.745716973000071, 10.3599699130001 ], [ 36.76175988600005, 10.367309494000096 ], [ 36.776600381000094, 10.345968642000059 ], [ 36.806598428000086, 10.335371293000151 ], [ 36.824736483000095, 10.342464167000117 ], [ 36.869241516000159, 10.340692899000089 ], [ 36.89796121, 10.312848153000118 ], [ 36.97992079900007, 10.314026481000099 ], [ 37.013265300000057, 10.28493867300017 ], [ 37.045871990000194, 10.288399330000061 ], [ 37.087101871000186, 10.259494065000013 ], [ 37.190367745000117, 10.236270790000106 ], [ 37.199896749000061, 10.223296519000144 ], [ 37.19748743800011, 10.213875782000059 ], [ 37.167702323000071, 10.16327334600004 ], [ 37.190737458000115, 10.111555897000073 ], [ 37.220499518000054, 10.083913318999976 ], [ 37.271640445000116, 10.073638879000043 ], [ 37.287711844000171, 10.062879183000121 ], [ 37.323254586000019, 10.008101796000062 ], [ 37.344751172000031, 10.005818236000152 ], [ 37.362194709000107, 10.043178533000059 ], [ 37.398275411999975, 10.046150453000109 ], [ 37.444469594000111, 10.014559267000152 ], [ 37.475749295000128, 10.014938975000121 ], [ 37.483134779000125, 10.003508787000101 ], [ 37.529236929000092, 9.996176773000059 ], [ 37.551362415000085, 9.973427987000036 ], [ 37.552929056000096, 9.958554656 ], [ 37.586934200000144, 9.939397922000182 ], [ 37.592396684, 9.918764587000169 ], [ 37.612827604000074, 9.909410379000121 ], [ 37.618226764000099, 9.893889540000146 ], [ 37.641381363000164, 9.882482492000122 ], [ 37.661852758000123, 9.860484457000155 ], [ 37.680392862000076, 9.862317749000113 ], [ 37.700652080000168, 9.836714383000185 ], [ 37.724346388000072, 9.844544327 ], [ 37.742891812000153, 9.840662288000033 ], [ 37.748529877000067, 9.855939259000138 ], [ 37.769088723999971, 9.851441725000143 ], [ 37.816021511000031, 9.867150363000121 ], [ 37.842680721000136, 9.896703164000087 ], [ 37.855936372000087, 9.895941178000101 ], [ 37.860390935000169, 9.912788657000078 ], [ 37.869932308000102, 9.907533973000113 ], [ 37.893029142000159, 9.927258909000045 ], [ 37.909325902000091, 9.930448536000085 ], [ 37.93007431000018, 9.914587167000036 ], [ 37.932837886000186, 9.941279304999966 ], [ 37.957067176000123, 9.938637757000095 ], [ 37.993421392000187, 9.949085918000094 ], [ 38.008454708999977, 9.964134820000027 ], [ 38.043585946, 9.969779788000096 ], [ 38.04811374000019, 9.981532249000054 ], [ 38.059931978000179, 9.981803496 ], [ 38.06431588200013, 9.997895474000075 ], [ 38.081207972000186, 10.00217543399998 ], [ 38.080279709000024, 10.015223327 ], [ 38.087563260000024, 10.020250808000071 ], [ 38.118277216000081, 10.01775053700004 ], [ 38.130939688000069, 10.047449623000091 ], [ 38.150565228000119, 10.035121651000054 ], [ 38.176628260000086, 10.063105421000159 ], [ 38.240426651000064, 10.102633868000055 ], [ 38.247788605000096, 10.101949476000073 ], [ 38.252375598000128, 10.088427973000137 ], [ 38.295274989000177, 10.089247869000133 ], [ 38.308600941, 10.107952823000062 ], [ 38.321809506000193, 10.107186793999972 ], [ 38.325961926000048, 10.133119432000171 ], [ 38.340049563000093, 10.156221874000153 ], [ 38.348278775000097, 10.158841026000118 ], [ 38.366302158, 10.140485495000121 ], [ 38.397499996000136, 10.144277914999975 ], [ 38.406310336000047, 10.160372298000027 ], [ 38.425724645000173, 10.171756064000078 ], [ 38.421050215000093, 10.180752498000174 ], [ 38.430043544000171, 10.193132966000121 ], [ 38.419384806000039, 10.219846971000038 ], [ 38.454191224000112, 10.246689368000091 ], [ 38.462671906000139, 10.267672455000081 ], [ 38.460067299000059, 10.28997032 ], [ 38.472529056000042, 10.291804716000115 ], [ 38.466090771000154, 10.305224893000172 ], [ 38.481201353000188, 10.344366625000134 ], [ 38.476676643000133, 10.363259946000085 ], [ 38.630276588000186, 10.382174811000027 ], [ 38.664156367000032, 10.372755606000055 ], [ 38.7126352840001, 10.386869343000171 ], [ 38.746122051000157, 10.383746507000069 ], [ 38.772146040000166, 10.366160703 ], [ 38.806468477000067, 10.368835610000076 ], [ 38.845728709000014, 10.361023596000166 ], [ 38.860843744000192, 10.277980931 ], [ 38.835273491000066, 10.22573390600013 ], [ 38.833744314000114, 10.161852710000119 ], [ 38.852601234000133, 10.118053021000151 ], [ 38.84260955200017, 10.109924813000134 ], [ 38.82361609700007, 10.109681501000068 ], [ 38.810943160000193, 10.094408716000032 ], [ 38.721357446000013, 10.051443834000111 ], [ 38.662665134000179, 10.057361952 ], [ 38.657235115000049, 10.051451997000186 ], [ 38.673815107, 10.015149482000027 ], [ 38.75805634, 9.980672016000028 ], [ 38.779325189000076, 9.982384738000121 ], [ 38.800570287000028, 9.962196032 ], [ 38.796395525000094, 9.933715064000182 ], [ 38.802462994, 9.909464233000165 ], [ 38.790852865000147, 9.882626782000159 ], [ 38.803028846000132, 9.86211411000005 ], [ 38.807775707000019, 9.819546366000168 ], [ 38.828900269000144, 9.769105514000046 ], [ 38.866542034000076, 9.733633362000091 ], [ 38.909342186000174, 9.70873160400015 ], [ 38.934733068000128, 9.727943276000076 ], [ 38.960252750999985, 9.710757137000144 ], [ 38.952088058000072, 9.738662725000154 ], [ 38.974420311000188, 9.761105070000099 ], [ 38.990104350000024, 9.745970874000079 ], [ 39.016590379000036, 9.757725298000082 ], [ 39.036000521000062, 9.747013346000131 ], [ 39.092213444000038, 9.763080850000165 ], [ 39.104532009000081, 9.748596004000035 ], [ 39.097686024000041, 9.73544210600005 ], [ 39.139302682000107, 9.740658277000023 ], [ 39.147743968999976, 9.715357992000065 ], [ 39.145374471000025, 9.693345943000168 ], [ 39.16178271900003, 9.688778226000125 ], [ 39.174227379000115, 9.694849772000111 ], [ 39.184024695000176, 9.685757296000133 ], [ 39.184172578000073, 9.720062338999981 ], [ 39.204894644000092, 9.706556352000121 ], [ 39.223495732000117, 9.705209304 ], [ 39.228063057000099, 9.693712076000168 ], [ 39.249905994000017, 9.704906936000043 ], [ 39.268117776000167, 9.739742061000072 ], [ 39.287584113000094, 9.733964613000069 ], [ 39.297855516000084, 9.748032986000169 ], [ 39.320450965000134, 9.724124522000125 ], [ 39.34671639000004, 9.725141529000155 ], [ 39.339346295000155, 9.703918864000173 ], [ 39.37011478900007, 9.699377299000048 ], [ 39.360979105000183, 9.68027947600001 ], [ 39.371299046000104, 9.669967687999986 ], [ 39.357750507000048, 9.656863755000131 ], [ 39.352048529000058, 9.622053936999976 ], [ 39.361687794000147, 9.618915774000129 ], [ 39.3858586610001, 9.630821438000055 ], [ 39.388819113000125, 9.615740414000129 ], [ 39.373358609000036, 9.592027721000022 ], [ 39.376473449, 9.567334510000137 ], [ 39.360604479000131, 9.54606323600018 ], [ 39.341400900000053, 9.545392053000171 ], [ 39.329693778000035, 9.526557331000163 ], [ 39.312939889000177, 9.535559958000135 ], [ 39.294095184000184, 9.491740781000146 ], [ 39.309691863000012, 9.46768075600005 ], [ 39.363082137000106, 9.473860614000159 ], [ 39.376923534000071, 9.463288481000177 ], [ 39.37274111000005, 9.44683061000012 ], [ 39.393927236000081, 9.455048550000072 ], [ 39.430325357000129, 9.433876471000076 ], [ 39.447705766000126, 9.432491261 ], [ 39.443087363000188, 9.414380454000138 ], [ 39.453874523000081, 9.401201864000086 ], [ 39.445643121000103, 9.383906186000047 ], [ 39.420409205000169, 9.371451719000106 ], [ 39.394851937000112, 9.391904538000176 ], [ 39.356705941000143, 9.369031534000158 ], [ 39.346683843999983, 9.378506033000065 ], [ 39.325117202000115, 9.380519217000028 ], [ 39.319585813000117, 9.365580384000054 ], [ 39.306545273000097, 9.366090126000131 ], [ 39.292988364000053, 9.349165239000172 ], [ 39.285437568000077, 9.315796503000058 ], [ 39.278281597000102, 9.312249715 ], [ 39.264416277000066, 9.324190917000067 ], [ 39.266205776000049, 9.288451741000074 ], [ 39.284730547000095, 9.27753734300012 ], [ 39.266168844000049, 9.244486984000105 ], [ 39.233662219000109, 9.293612357000029 ], [ 39.207188084000109, 9.291940727999986 ], [ 39.177743712000165, 9.271073861 ], [ 39.213682513000037, 9.228121843999986 ], [ 39.188588721000144, 9.209260135000022 ], [ 39.214637411000183, 9.173379248000117 ], [ 39.249522225000192, 9.135586015000115 ], [ 39.294126330000097, 9.149269342000082 ], [ 39.323169034000045, 9.14878646000011 ], [ 39.320164556000123, 9.140222525000013 ], [ 39.328844038000113, 9.137206135000042 ], [ 39.357012271000087, 9.062080326 ], [ 39.296751314, 9.053268940000123 ], [ 39.288188371000047, 8.9989783850001 ], [ 39.258599611000193, 8.962636107000151 ], [ 39.26538142600009, 8.922385056000167 ], [ 39.241015087000051, 8.888922484000091 ], [ 39.23749115600009, 8.862024795000082 ], [ 39.265526457000078, 8.843076076000159 ], [ 39.243985598000108, 8.836614986000029 ], [ 39.271993109000107, 8.783044547000088 ], [ 39.272982659000093, 8.766853948000062 ], [ 39.261952115000099, 8.74693588100007 ], [ 39.270448014000067, 8.724513068000135 ], [ 39.28581489000004, 8.71779125300003 ], [ 39.305306773000098, 8.721725774000049 ], [ 39.324542076000114, 8.746886870000026 ], [ 39.342048858, 8.726945429000011 ], [ 39.361069288000124, 8.72094988900011 ], [ 39.377101170000174, 8.730897078000055 ], [ 39.378164, 8.791171490000067 ], [ 39.417751568000085, 8.814541965000103 ], [ 39.449226619000115, 8.752237944000115 ], [ 39.50075019000019, 8.714812531000121 ], [ 39.533776130000035, 8.757960639000089 ], [ 39.551786236000169, 8.768750596000189 ], [ 39.561986771000136, 8.817839618000164 ], [ 39.617022723000161, 8.786868968000022 ], [ 39.66213722700013, 8.813192484000069 ], [ 39.716727868000135, 8.816080567000029 ], [ 39.733277203000114, 8.826240115000076 ], [ 39.731332700000053, 8.844191349000141 ], [ 39.748012874000153, 8.910277915000165 ], [ 39.742452111000034, 9.091257804000122 ], [ 39.793804393000073, 9.112743744000056 ], [ 39.807734578000066, 9.135445119000167 ], [ 39.877658687000121, 9.144729525000059 ], [ 39.898418767000067, 9.138939472000175 ], [ 39.909018797000158, 9.131799454000031 ], [ 39.91874867000007, 9.068409475000124 ], [ 39.951868717000139, 9.029989418000071 ], [ 39.947628630000054, 9.00359944700017 ], [ 39.999558877000027, 9.007159309000031 ], [ 40.034819002000063, 8.994449229000168 ], [ 40.051098990000071, 8.96135920800009 ], [ 40.036618778000104, 8.906529287000183 ], [ 40.019268652000051, 8.889129347000051 ], [ 40.010408527000152, 8.856089392000058 ], [ 40.040348623000114, 8.841109322000136 ], [ 40.06695374800006, 8.843969253000068 ], [ 40.094496917000185, 8.86216516900015 ], [ 40.152249361000088, 8.931958967000128 ], [ 40.169889522000062, 8.96449889600018 ], [ 40.23780991000018, 8.99733868800007 ], [ 40.245500161000052, 9.074868599000013 ], [ 40.327020742, 9.154658312000095 ], [ 40.408121459000029, 9.28118796900003 ], [ 40.47102194900009, 9.354757718000087 ], [ 40.528412291000052, 9.385457529000064 ], [ 40.605962653000176, 9.391047300000082 ], [ 40.659552928000039, 9.404307129000074 ], [ 40.698563231000037, 9.447646965999979 ], [ 40.783223598000063, 9.447886716000085 ], [ 40.862183991000109, 9.463016470000127 ], [ 40.889994069000011, 9.448646402000065 ], [ 40.917524111000034, 9.421836350000149 ], [ 40.92751409900012, 9.405136336 ], [ 40.891213899000093, 9.389536466000152 ], [ 40.858223742000064, 9.385366568000109 ], [ 40.797643508000192, 9.395556737000106 ], [ 40.788823447000027, 9.386896769000145 ], [ 40.812563326000088, 9.310926782000081 ], [ 40.844103443000165, 9.3047967010001 ], [ 40.926973855000142, 9.323126437999974 ], [ 40.970714125000086, 9.35150627600018 ], [ 41.014074331000188, 9.357206139000027 ], [ 41.056484617000081, 9.391065970000056 ], [ 41.145445100000074, 9.42462566100005 ], [ 41.219885617000045, 9.490715353000041 ], [ 41.239315729000111, 9.498795281000127 ], [ 41.308696037000175, 9.503075062000107 ], [ 41.490966655000079, 9.45742454700013 ], [ 41.540606997000054, 9.499584337000044 ], [ 41.642597468000076, 9.515143991000116 ], [ 41.654157407000071, 9.481234004000044 ], [ 41.670197435000148, 9.470633967000083 ], [ 41.702277556000126, 9.466653867000105 ], [ 41.734617702000037, 9.471483758000147 ], [ 41.772997927000119, 9.49105360700014 ], [ 41.815198051000039, 9.476743490000104 ], [ 41.859708268000134, 9.48801333 ], [ 41.913378429000034, 9.472463175000087 ], [ 41.938748556000121, 9.479543086000149 ], [ 41.982523831000037, 9.508492896 ], [ 42.031719010000018, 9.504402737000078 ], [ 42.074771083000144, 9.473716646000128 ], [ 42.081059154000059, 9.488162599000191 ], [ 42.138899537000157, 9.53469233300018 ], [ 42.152599667000061, 9.556372258000124 ], [ 42.13340968100016, 9.582492279000121 ], [ 42.124859761000096, 9.61452225000005 ], [ 42.180380082000113, 9.644342017000099 ], [ 42.220520277000162, 9.656161865000172 ], [ 42.258635415000072, 9.651581739000108 ], [ 42.339772808000134, 9.719617623000147 ], [ 42.376572174000046, 9.713839606000022 ], [ 42.498958445000142, 9.721054470000126 ], [ 42.568057145000182, 9.73692815000004 ], [ 42.647427344, 9.775212033000173 ], [ 42.663794574000121, 9.776549058000057 ], [ 42.694115592000173, 9.768675546000168 ], [ 42.73053226900015, 9.721053651000148 ], [ 42.853789080000126, 9.662226324000017 ], [ 42.907947424000156, 9.650087250000183 ], [ 42.935026727000093, 9.679967474000136 ], [ 42.950900710000155, 9.672497336000049 ], [ 42.977979742000173, 9.62861051699997 ], [ 42.979847194000172, 9.607134029000065 ], [ 42.968641956000113, 9.592193908000183 ], [ 42.943430277000175, 9.58752519899997 ], [ 42.921019829000045, 9.565115037000112 ], [ 42.908880874000147, 9.563247560000036 ], [ 42.879934228000138, 9.584724145000052 ], [ 42.864060224000127, 9.586591722000094 ], [ 42.813636848000044, 9.572585500000116 ], [ 42.776286019000054, 9.511891223000077 ], [ 42.736134051000192, 9.495083681000153 ], [ 42.714657375000058, 9.474541032000161 ], [ 42.681975572000056, 9.469872345000113 ], [ 42.640889819000108, 9.447462241999972 ], [ 42.537453342000106, 9.372981780000146 ], [ 42.556290423, 9.321051281000166 ], [ 42.546950331000119, 9.30523133500003 ], [ 42.551360282000076, 9.286571357000071 ], [ 42.570990259000041, 9.258181333000152 ], [ 42.583590165000032, 9.21538136700002 ], [ 42.595480137000038, 9.193591358000049 ], [ 42.634700161000069, 9.158521290000181 ], [ 42.635110110000142, 9.143971312000133 ], [ 42.599345568000047, 9.106174348000081 ], [ 42.644349907000048, 9.072981394000124 ], [ 42.730639804000077, 8.948021313000083 ], [ 42.805159809000031, 8.870031190000191 ], [ 42.849549881000087, 8.844291089000023 ], [ 42.865329867000128, 8.825111068000183 ], [ 42.865359802, 8.804351102000055 ], [ 42.843919574000097, 8.75792124700007 ], [ 42.831989324000119, 8.695231381000042 ], [ 42.838419246000115, 8.664391413000033 ], [ 42.89878926, 8.602671316000055 ], [ 42.905319211000062, 8.582221323999988 ], [ 42.912369041000147, 8.522101393000071 ], [ 42.897028782, 8.457751538000139 ], [ 42.89884863900005, 8.409101609000118 ], [ 42.79818817000006, 8.370071980000091 ], [ 42.779378119000114, 8.373262037000188 ], [ 42.768168047000188, 8.363172085000031 ], [ 42.734877721000146, 8.29437228300003 ], [ 42.701597256000127, 8.179612544 ], [ 42.678517081000109, 8.147322652000184 ], [ 42.651406933000032, 8.129672756000161 ], [ 42.630626897000184, 8.140432805000046 ], [ 42.61597690200017, 8.159602825000093 ], [ 42.567027021, 8.255612845000087 ], [ 42.520137541000111, 8.478712686 ], [ 42.502557518000117, 8.492082721000031 ], [ 42.323037013000146, 8.53677320800017 ], [ 42.263077100000146, 8.635953264000136 ], [ 42.23966702600012, 8.639883325000142 ], [ 42.215616852000096, 8.611203440000111 ], [ 42.069725950000077, 8.493974029000185 ], [ 42.026005586000167, 8.425834241000075 ], [ 42.027053755000111, 8.323024846000123 ], [ 41.948404642000071, 8.200894719000132 ], [ 41.926344219999976, 8.080564910000021 ], [ 41.912403516000097, 7.844395182000028 ], [ 41.957143487000053, 7.774785126000154 ], [ 41.867792539000163, 7.538175568000042 ], [ 41.893602325000131, 7.41868560000006 ], [ 41.896122317000106, 7.411205596000059 ], [ 42.19911009600014, 7.291440179000119 ], [ 42.209853015000192, 7.264004914 ], [ 42.204702686000132, 7.141035027000157 ], [ 42.18696251700004, 7.096395109000014 ], [ 42.157612300000096, 7.051325216000123 ], [ 42.162642213000026, 7.007115234000025 ], [ 42.134161987000027, 6.954165339999975 ], [ 42.106051829000194, 6.930215429000157 ], [ 42.076231629000176, 6.886735527999974 ], [ 42.055531229, 6.748755663000054 ], [ 42.025491026000054, 6.706415754999966 ], [ 42.013460876000124, 6.658605806000025 ], [ 41.999180790000082, 6.641615850000107 ], [ 42.006480748000115, 6.614385852 ], [ 41.999540669000055, 6.589845874000105 ], [ 41.93641037600014, 6.553176036000082 ], [ 41.887980170999981, 6.535346155000184 ], [ 41.860730083000078, 6.535341221000124 ], [ 41.853665850000084, 6.568909076000125 ], [ 41.819660021000061, 6.570476295 ], [ 41.757879747000175, 6.540536444000168 ], [ 41.738929635000034, 6.519906501000037 ], [ 41.690329268000085, 6.429416634000177 ], [ 41.633348992000094, 6.3913867710001 ], [ 41.619688883000094, 6.361716810000019 ], [ 41.528008793000026, 6.464936979000072 ], [ 41.43778865400003, 6.543967151000061 ], [ 41.380038496000168, 6.565527268999972 ], [ 41.358388418000118, 6.5655273160001 ], [ 41.228468081000187, 6.623007581000081 ], [ 41.131027873000107, 6.691257775999986 ], [ 41.072077665000052, 6.694327906000183 ], [ 41.015537354, 6.644558033000067 ], [ 40.98996717700004, 6.604238100999964 ], [ 40.900056653000036, 6.511638298000094 ], [ 40.885616520000099, 6.472118329000068 ], [ 40.860356352000167, 6.436198390000129 ], [ 40.856746236000049, 6.385908396000048 ], [ 40.881621045000031, 6.244343346000051 ], [ 40.866428984000095, 6.133653443000128 ], [ 40.878405537000049, 5.987518345000183 ], [ 40.874795190000043, 5.807898320000163 ], [ 40.922295132000045, 5.683378211000104 ], [ 40.832204765000142, 5.655898367000134 ], [ 40.752884376000168, 5.594398484000067 ], [ 40.694374115000187, 5.567168583000068 ], [ 40.679584018000071, 5.540638594000143 ], [ 40.63305383200003, 5.530068672000084 ], [ 40.605383670000151, 5.490288706000058 ], [ 40.581043554000132, 5.475948735000088 ], [ 40.532893277000085, 5.410648792000018 ], [ 40.174431875000153, 5.353379345000064 ], [ 40.09795160800013, 5.364879467000151 ], [ 40.033681420999983, 5.396789590000139 ], [ 39.942290907000086, 5.284989659000075 ], [ 39.90730067200019, 5.219609665 ], [ 39.833590126000104, 5.032769630000189 ], [ 39.81286000200015, 5.002069636000044 ], [ 39.80444989900019, 4.951479603000109 ], [ 39.765069607000044, 4.846849563000092 ], [ 39.743559362999974, 4.723479474000101 ], [ 39.74589929300015, 4.666579411000157 ], [ 39.717009120000114, 4.615679399000044 ], [ 39.703269004000106, 4.568169368000042 ], [ 39.585778237999989, 4.29653919499998 ], [ 39.539687995000065, 4.235169173000145 ], [ 39.528787869000041, 4.16673909800005 ], [ 39.478277542000114, 4.040328985000144 ], [ 39.499677537000025, 3.96572886000007 ], [ 39.399616985000193, 3.79565871799997 ], [ 39.28469638700011, 3.623078557000156 ], [ 39.220496128999969, 3.602478588000054 ], [ 39.091117958000154, 3.531103962000145 ], [ 38.913610000000176, 3.513890000000117 ], [ 38.51694, 3.62694 ], [ 38.448050000000194, 3.599440000000129 ], [ 38.121110000000158, 3.61167 ], [ 38.056110000000103, 3.651940000000138 ], [ 38.03361, 3.698060000000112 ], [ 37.99805, 3.728610000000117 ], [ 37.13027000000011, 4.28639 ], [ 37.099160000000154, 4.33167 ], [ 37.039720000000102, 4.375550000000146 ], [ 36.88777, 4.43472 ], [ 36.714253964000136, 4.433850543000176 ], [ 36.657532315000026, 4.580373675999965 ], [ 36.680841202000067, 4.604300630000125 ], [ 36.646409141000163, 4.710757126000146 ], [ 36.828479986000104, 4.709174806000135 ], [ 36.85473946500008, 4.736059609000165 ], [ 36.863475655000116, 4.793039446000137 ], [ 36.860708967, 4.978767301000175 ], [ 36.892970983000055, 5.109787746 ], [ 36.948966654000174, 5.19468654700006 ], [ 36.983099968000147, 5.19241227200007 ], [ 37.003311116000134, 5.199082903000033 ], [ 37.112230264000175, 5.186272328000086 ], [ 37.181829059000108, 5.193923041000119 ], [ 37.197158784000067, 5.21031453 ], [ 37.216908441000044, 5.21268475 ], [ 37.238108078000039, 5.199433549000048 ], [ 37.292357141000025, 5.1943630990001 ], [ 37.340736313000093, 5.159599949999972 ], [ 37.367175851000127, 5.155099544000109 ], [ 37.417214982000132, 5.16655059500016 ], [ 37.517863236000096, 5.220475515000089 ], [ 37.629734811000048, 5.266009696000026 ], [ 37.646706038000104, 5.299287273000175 ], [ 37.674230516000023, 5.307643461 ], [ 37.700880053000105, 5.305883307000045 ], [ 37.747129259000189, 5.276610653000091 ], [ 37.772828817000118, 5.283351274000097 ], [ 37.810078172000033, 5.268299910000167 ], [ 37.852657442, 5.234646854000118 ], [ 37.885085524000147, 5.234310022000159 ], [ 37.900819335000165, 5.244854087000135 ], [ 37.904774635000024, 5.303957793000052 ], [ 37.896374714, 5.349879911000073 ], [ 37.901212375000171, 5.373247752000054 ], [ 37.935224497000036, 5.423033255 ], [ 37.946814455000151, 5.474285600000087 ], [ 37.947814487000073, 5.537688512000102 ], [ 37.93017464400009, 5.616672147000088 ], [ 37.943519996000134, 5.639464151000141 ], [ 38.008014704000118, 5.650154599000075 ], [ 38.075163846000123, 5.688940437000042 ], [ 38.088883692000024, 5.745607964000158 ], [ 38.072077750000062, 5.762558968000064 ], [ 38.05415393300018, 5.764148838000153 ], [ 38.019874167000182, 5.79004003700004 ], [ 38.007134285000177, 5.849272763000158 ], [ 37.982474467000145, 5.887824539000178 ], [ 37.96857460200016, 5.956017667000083 ], [ 37.952694705000113, 5.96334801200004 ], [ 37.903975012000046, 5.960507907000135 ], [ 37.894985082000119, 5.974498552000171 ], [ 37.865535278000095, 5.986629124000046 ], [ 37.842965438000135, 6.0109402490001 ], [ 37.827095533000033, 6.009990222000113 ], [ 37.803736092000065, 5.993178829999977 ], [ 37.79148575500011, 5.99590959600016 ], [ 37.783175819000178, 6.010600270000111 ], [ 37.789775800000143, 6.049442044000102 ], [ 37.775736828000106, 6.113575488000038 ], [ 37.778095935000181, 6.149596620000068 ], [ 37.840265601000112, 6.248251081000149 ], [ 37.852155563000167, 6.304783646999965 ], [ 37.840085687000169, 6.378747021000038 ], [ 37.819595828000104, 6.393427707000058 ], [ 37.797455987000092, 6.429239352000025 ], [ 37.799926004000099, 6.478181572000153 ], [ 37.814594753999984, 6.510571948000177 ], [ 37.87148281900005, 6.582228514000121 ], [ 37.892775954000172, 6.596070541000074 ], [ 37.912612031000151, 6.590668957000105 ], [ 37.932700593000106, 6.557206405000045 ], [ 37.952662912000051, 6.549619914000175 ], [ 37.97721522300003, 6.550851236000085 ], [ 38.018846062000136, 6.573269380000113 ], [ 38.05159517900006, 6.534738812000114 ], [ 38.090731515000073, 6.526068446000181 ], [ 38.114510558000177, 6.499561886000095 ], [ 38.139280388000088, 6.506002737000017 ], [ 38.149683719000109, 6.496589192000158 ], [ 38.143491266000126, 6.458191833000058 ], [ 38.155222080000158, 6.439255981999963 ], [ 38.170621815000061, 6.449826935000033 ], [ 38.24559052900014, 6.468228601000078 ], [ 38.282403501000147, 6.437769978000119 ], [ 38.282933853000145, 6.408303044999968 ], [ 38.293151967000028, 6.397952940999971 ], [ 38.288230414000054, 6.359842237000066 ], [ 38.248603058000072, 6.336279819000083 ], [ 38.213893281000082, 6.330174559000113 ], [ 38.197577785000192, 6.319003268000131 ], [ 38.173741781000103, 6.266810420000184 ], [ 38.17191181600009, 6.255329379000159 ], [ 38.193311450000067, 6.226176747000181 ], [ 38.197921375000192, 6.206434972000181 ], [ 38.187396841000179, 6.182210307000162 ], [ 38.14138362000017, 6.154456615000129 ], [ 38.125063726000064, 6.155126650000057 ], [ 38.102301546000035, 6.180448387000013 ], [ 38.086728393000158, 6.161044785000058 ], [ 38.079863412000122, 6.116986871000108 ], [ 38.116492788000016, 6.050200836000045 ], [ 38.121592709000026, 6.016677806000075 ], [ 38.150342212000169, 6.000406334000104 ], [ 38.180971692000128, 5.941651025000112 ], [ 38.203731305000019, 5.935020423000026 ], [ 38.214811116000078, 5.893246647000069 ], [ 38.199699594000151, 5.864800523000099 ], [ 38.198391404000063, 5.849452678000034 ], [ 38.207991237999977, 5.840191838000123 ], [ 38.239230702000157, 5.844372226000132 ], [ 38.270430162000025, 5.868524416000128 ], [ 38.303749591999974, 5.861443774000122 ], [ 38.325329223000153, 5.868814446000101 ], [ 38.358138651000047, 5.902137461000109 ], [ 38.380878259000156, 5.903997631000038 ], [ 38.396085707000054, 5.920052383000041 ], [ 38.374809066000068, 5.943043287000023 ], [ 38.327529177000145, 5.95537227900013 ], [ 38.318949083, 5.975062712000124 ], [ 38.304543440000145, 5.979980626999975 ], [ 38.282259951000128, 5.970703664000041 ], [ 38.271710141000142, 5.986579348000021 ], [ 38.279240003000041, 6.006286885000179 ], [ 38.313880505000043, 6.027833492000127 ], [ 38.351505673000133, 6.096230788000071 ], [ 38.376973710000129, 6.164516717000083 ], [ 38.394218009999975, 6.1817727560001 ], [ 38.434682692000138, 6.19876580500005 ], [ 38.438971759000026, 6.216879246000133 ], [ 38.425391898000044, 6.290092588999983 ], [ 38.423751105000122, 6.365554395 ], [ 38.441037189000042, 6.405362953000065 ], [ 38.475286600000118, 6.430375209000147 ], [ 38.566545038000129, 6.440456127000061 ], [ 38.626744008000117, 6.417034019000141 ], [ 38.645016020000071, 6.423178951000182 ], [ 38.661453411000025, 6.419084203000125 ], [ 38.707162634000099, 6.392451803000085 ], [ 38.738652093000042, 6.408953289000124 ], [ 38.757956764000141, 6.40906830400013 ], [ 38.874109772000054, 6.300833539 ], [ 38.960598297000161, 6.159270747000164 ], [ 39.03448703000015, 6.137438774000088 ], [ 39.079716255999983, 6.153000181000039 ], [ 39.13185995300006, 6.158786172000134 ], [ 39.113207371000044, 6.176556888 ], [ 39.085967610000125, 6.252010342000062 ], [ 39.090850623000165, 6.270802640999989 ], [ 39.119546178000064, 6.298994291000042 ], [ 39.127387417000193, 6.344354499000076 ], [ 39.095397734000073, 6.472090315000059 ], [ 39.096617764000086, 6.521612558000072 ], [ 39.086217855000143, 6.545168636000085 ], [ 39.052568086000122, 6.556984197000133 ], [ 39.048448124000117, 6.569824785000094 ], [ 39.064525077000098, 6.598816795000118 ], [ 39.059308084, 6.608786533999989 ], [ 39.032198258000165, 6.61180669700002 ], [ 38.959640225000101, 6.60087935100006 ], [ 38.941678844000194, 6.61033670900008 ], [ 38.949423820999982, 6.643803218000073 ], [ 38.934424959000125, 6.655611414000077 ], [ 38.837751030000163, 6.674915718000022 ], [ 38.833539606000045, 6.691660483000021 ], [ 38.817929714000059, 6.703611031000094 ], [ 38.742290194000077, 6.700940976000084 ], [ 38.705550464000112, 6.742042868 ], [ 38.678420642000162, 6.748963198000069 ], [ 38.658210783000129, 6.769624153999985 ], [ 38.635670932000096, 6.771714267 ], [ 38.639853442000117, 6.812686850000034 ], [ 38.714084698000136, 6.860577375000048 ], [ 38.699760634000143, 6.903340156000013 ], [ 38.704630624000174, 6.930631385000083 ], [ 38.694770716000107, 6.957492603000048 ], [ 38.711167949000128, 6.973757076000084 ], [ 38.714380616000085, 6.991414114000179 ], [ 38.710500658000058, 7.012985094000044 ], [ 38.697659787000134, 7.013830057000064 ], [ 38.689381633000153, 7.000867257000095 ], [ 38.677412797000159, 7.005354711000109 ], [ 38.680870877000132, 7.048356713000089 ], [ 38.668000970000094, 7.05985724400017 ], [ 38.63695117400016, 7.06609754699997 ], [ 38.64617113900016, 7.09554310600015 ], [ 38.630341248000036, 7.110849564999967 ], [ 38.611491380000189, 7.124180187000036 ], [ 38.583641554000167, 7.126290302000086 ], [ 38.546114525000178, 7.090876842000057 ], [ 38.480022182000084, 7.090398776000143 ], [ 38.463912287000028, 7.099829213000135 ], [ 38.460022326000114, 7.118190046000109 ], [ 38.4425483280001, 7.126812556000118 ], [ 38.400632700000131, 7.121470242000044 ], [ 38.378072847000055, 7.129760635000082 ], [ 38.342193101000191, 7.164452227000027 ], [ 38.321894933000067, 7.161742447 ], [ 38.305258961999982, 7.121612751000043 ], [ 38.254430708000143, 7.059897726000145 ], [ 38.237920596000095, 7.02005471300015 ], [ 38.193793906000167, 7.012345484000093 ], [ 38.146584174000054, 6.977463948000036 ], [ 38.129297916000098, 6.973829854000087 ], [ 38.117114364000145, 6.98091412500014 ], [ 38.10191447800014, 7.010775482000042 ], [ 38.064154741000038, 7.043386989000112 ], [ 38.0614289990001, 7.072213040000179 ], [ 38.07801476100019, 7.180263146000073 ], [ 38.086965242000133, 7.194943441000134 ], [ 38.265210099000058, 7.306723977000104 ], [ 38.28152741700012, 7.338683435000178 ], [ 38.279442839000126, 7.380599418000031 ], [ 38.31891194300016, 7.41416739500005 ], [ 38.327244892000124, 7.461681727000155 ], [ 38.341228791000162, 7.478579378 ], [ 38.426748651000139, 7.514721252000072 ], [ 38.425662915000032, 7.553869645000134 ], [ 38.418914805000156, 7.569457974000045 ], [ 38.401043085000083, 7.578700777000165 ], [ 38.400824613000111, 7.595303162000107 ], [ 38.420263009000166, 7.624342803000047 ], [ 38.412433326000098, 7.681553431000054 ], [ 38.438652980000029, 7.718867017999969 ], [ 38.444847429000163, 7.759533909000083 ], [ 38.492442884000127, 7.795393342000182 ], [ 38.512908086000039, 7.848910445000172 ], [ 38.563087169000084, 7.885196245000088 ], [ 38.586507289000053, 7.938259967000135 ], [ 38.597367683000186, 7.990588941000169 ], [ 38.627701764000108, 8.03359527900011 ], [ 38.612682218000145, 8.043301324000026 ], [ 38.62185218999997, 8.068412431000183 ], [ 38.593412387000114, 8.090883463000125 ], [ 38.583944895000116, 8.108104487000048 ], [ 38.587262489000182, 8.156236371000034 ], [ 38.542552826000076, 8.225849506000145 ], [ 38.542052848000083, 8.246110405000081 ], [ 38.549258653000038, 8.26268337099998 ], [ 38.560745005000115, 8.266089618000024 ], [ 38.593544457000178, 8.260199101000126 ], [ 38.635133765000148, 8.132337731000121 ], [ 38.672843128000181, 8.089863961000162 ], [ 38.684511863000068, 8.12245477200014 ], [ 38.682187349000117, 8.190427868000143 ], [ 38.716018428000041, 8.219447782000145 ], [ 38.715921776000073, 8.23115956800018 ], [ 38.650952231000133, 8.285082027000158 ], [ 38.667231758000014, 8.350485245000186 ], [ 38.654451646000041, 8.394637113000044 ], [ 38.61675172200006, 8.431138369 ], [ 38.590882148000105, 8.426018643000077 ], [ 38.565672185000096, 8.448279328000126 ], [ 38.526842520000116, 8.45761957000002 ], [ 38.501452516000086, 8.44396940900009 ], [ 38.477883440000028, 8.447359394000046 ], [ 38.45170682700018, 8.38503017700009 ], [ 38.43020872600016, 8.298750815000119 ], [ 38.347344031000034, 8.254240952000032 ], [ 38.333175065000091, 8.258550706999984 ], [ 38.30703432100006, 8.299693011000102 ], [ 38.311464357000148, 8.369946127999981 ], [ 38.289254506000077, 8.38069662099997 ], [ 38.282044566000025, 8.399557461000029 ], [ 38.266314665000152, 8.406637793000186 ], [ 38.217544956000154, 8.408777934000057 ], [ 38.18003017000018, 8.392867265000177 ], [ 38.164180883000029, 8.408050598000102 ], [ 38.138955429000077, 8.409418033000179 ], [ 38.122545523000156, 8.406587924000064 ], [ 38.109999975000051, 8.390368230999968 ], [ 38.086535726000079, 8.390097227000126 ], [ 38.066705828000181, 8.375966615000152 ], [ 38.028041075000033, 8.390282286000058 ], [ 37.988166285000148, 8.359525958000063 ], [ 37.927986659000169, 8.378166835000115 ], [ 37.862947009000095, 8.33570500999997 ], [ 37.816257282000095, 8.331804870000042 ], [ 37.747967710000182, 8.351765815000078 ], [ 37.717047880000166, 8.334095058 ], [ 37.704547954000134, 8.337035197000034 ], [ 37.678708141000072, 8.377707025000063 ], [ 37.666063217999977, 8.383537295 ], [ 37.611968519000186, 8.354086028000097 ], [ 37.598038610000174, 8.365316537000012 ], [ 37.576078774000052, 8.41406872500005 ], [ 37.557978897000055, 8.425509241000043 ], [ 37.512209156000154, 8.416968900000086 ], [ 37.471383310000135, 8.350706936000108 ], [ 37.46408344800011, 8.282420873999968 ], [ 37.480860937000102, 8.258579291000046 ], [ 37.506301852000036, 8.254395118000161 ], [ 37.529147732000126, 8.265820187000031 ], [ 37.550265319000061, 8.244460121000145 ], [ 37.577568703000168, 8.232068680999987 ], [ 37.601768173000153, 8.234641952 ], [ 37.617970371000069, 8.223404930000186 ], [ 37.615296918000126, 8.211464468999964 ], [ 37.623886783000046, 8.200043598000093 ], [ 37.592137343000161, 8.093134079000038 ], [ 37.602829784000107, 7.964857662000043 ], [ 37.557518523000169, 7.948338 ], [ 37.539278640000077, 7.953858262000153 ], [ 37.513998827000137, 7.999670325000181 ], [ 37.490798981000125, 8.017061117000083 ], [ 37.391790293000156, 7.992900512 ], [ 37.389814797000099, 7.961972350000053 ], [ 37.436714014000188, 7.918528487 ], [ 37.404844578000166, 7.827260347000106 ], [ 37.401194678000138, 7.682667443000014 ], [ 37.44510397, 7.564316881000025 ], [ 37.407219633000125, 7.492180415000121 ], [ 37.390284942, 7.402422383000101 ], [ 37.379733601000169, 7.380000817000166 ], [ 37.331157124000185, 7.349708520000149 ], [ 37.331224325000164, 7.343444724000051 ], [ 37.287639735000141, 7.334420649000037 ], [ 37.237830025, 7.312059669000178 ], [ 37.154180492000137, 7.240666506000082 ], [ 37.128590638000048, 7.228445968000017 ], [ 37.104830783000125, 7.224495804000071 ], [ 37.039511190000042, 7.240016542000092 ], [ 36.964645170000097, 7.224732706000111 ], [ 36.96579892, 7.241924506999965 ], [ 36.95546430700017, 7.260490995000168 ], [ 36.879154575000143, 7.329694398000072 ], [ 36.840936200000101, 7.325989875000062 ], [ 36.791112613000166, 7.252283413000157 ], [ 36.672563472000149, 7.328040718000011 ], [ 36.651743607000128, 7.345011488000182 ], [ 36.632953738000026, 7.377862983000057 ], [ 36.598333941000021, 7.369032600000139 ], [ 36.483919654000033, 7.416009775000077 ], [ 36.406295123000177, 7.408544479000057 ], [ 36.374635311000077, 7.415574806000052 ], [ 36.348665484000094, 7.445416163000118 ], [ 36.301755766000099, 7.449876385000039 ], [ 36.215481473000125, 7.491472471000179 ] ], [ [ 38.771246838000025, 9.098194705000026 ], [ 38.68540800500017, 9.073027127000103 ], [ 38.667036364000012, 9.010027781000019 ], [ 38.651942039000176, 9.010284438000042 ], [ 38.659386470000186, 8.985402486000112 ], [ 38.654644678000068, 8.976936648000049 ], [ 38.639405387000068, 8.97403583300013 ], [ 38.642818508000119, 8.965853421000077 ], [ 38.676227154, 8.957604862000153 ], [ 38.68064233900003, 8.941089926000075 ], [ 38.693844563000084, 8.941897666000102 ], [ 38.70196616200019, 8.925628316000086 ], [ 38.743589381, 8.902585569000166 ], [ 38.745517604000099, 8.86342367300017 ], [ 38.756465000000162, 8.853240602000028 ], [ 38.772991760000139, 8.857467391000114 ], [ 38.780594873000155, 8.835919558000057 ], [ 38.824393004000171, 8.841332266000109 ], [ 38.826001429000087, 8.880187270000135 ], [ 38.863808972000072, 8.882850647000112 ], [ 38.868717092000054, 8.873035683000182 ], [ 38.877491630000065, 8.895787247000101 ], [ 38.879447092000078, 8.918314232000114 ], [ 38.855555243000026, 8.938292853000178 ], [ 38.861418416000163, 8.942677144000129 ], [ 38.89142353800014, 8.934332078000125 ], [ 38.901098938000075, 8.946141094000041 ], [ 38.896234789000061, 8.954837463000047 ], [ 38.90624370900008, 8.977418691000025 ], [ 38.905000952000194, 9.009499839000057 ], [ 38.876320806000194, 9.081584122000095 ], [ 38.791311791999988, 9.077681516000155 ], [ 38.771246838000025, 9.098194705000026 ] ], [ [ 42.197458721000032, 9.219872631000044 ], [ 42.233718742000178, 9.185912564000091 ], [ 42.264718903000187, 9.197887447000141 ], [ 42.27203898800019, 9.21566739400015 ], [ 42.249349087000155, 9.270032382000068 ], [ 42.250309142000106, 9.285532357000079 ], [ 42.266049283000143, 9.309772269000064 ], [ 42.258519333000038, 9.334412256000121 ], [ 42.270312659000069, 9.361664396000094 ], [ 42.252999476000127, 9.383802192000132 ], [ 42.238079427000116, 9.384942246000151 ], [ 42.187439149, 9.361682445000042 ], [ 42.168579082000122, 9.362832511000022 ], [ 42.146619073000124, 9.387512541000092 ], [ 42.12914901400012, 9.388672600000064 ], [ 42.070468498000025, 9.303942920999987 ], [ 42.060508338000147, 9.265873009000074 ], [ 42.061332213000185, 9.226459058999978 ], [ 42.073688238000159, 9.220963026000106 ], [ 42.112408425000126, 9.230742891999967 ], [ 42.148558487000173, 9.206262811000158 ], [ 42.197458721000032, 9.219872631000044 ] ] ] } },
{ "type": "Feature", "properties": { "adm1_name": "Somali", "adm1_name1": null, "adm1_name2": null, "adm1_name3": null, "adm1_pcode": "ET05", "adm0_name": "Ethiopia", "adm0_name1": null, "adm0_name2": null, "adm0_name3": null, "adm0_pcode": "ET", "valid_on": "2025-01-01", "valid_to": null, "area_sqkm": 311104.95586912002, "version": "v04", "lang": "en", "lang1": null, "lang2": null, "lang3": null, "adm1_ref_n": null, "center_lat": null, "center_lon": null }, "geometry": { "type": "Polygon", "coordinates": [ [ [ 39.86666, 3.86944 ], [ 39.782780000000173, 3.67833000000013 ], [ 39.594990000000166, 3.500830000000121 ], [ 39.560270000000116, 3.40667000000019 ], [ 39.519020000000182, 3.409310000000119 ], [ 39.50208, 3.422640000000115 ], [ 39.49958, 3.450140000000147 ], [ 39.450830000000167, 3.4625 ], [ 39.331380000000138, 3.469170000000133 ], [ 39.32864, 3.49965 ], [ 39.295, 3.475280000000112 ], [ 39.248890000000188, 3.471390000000156 ], [ 39.19694, 3.478610000000174 ], [ 39.091117958000154, 3.531103962000145 ], [ 39.220496128999969, 3.602478588000054 ], [ 39.28469638700011, 3.623078557000156 ], [ 39.399616985000193, 3.79565871799997 ], [ 39.499677537000025, 3.96572886000007 ], [ 39.478277542000114, 4.040328985000144 ], [ 39.528787869000041, 4.16673909800005 ], [ 39.539687995000065, 4.235169173000145 ], [ 39.585778237999989, 4.29653919499998 ], [ 39.703269004000106, 4.568169368000042 ], [ 39.717009120000114, 4.615679399000044 ], [ 39.74589929300015, 4.666579411000157 ], [ 39.743559362999974, 4.723479474000101 ], [ 39.765069607000044, 4.846849563000092 ], [ 39.80444989900019, 4.951479603000109 ], [ 39.81286000200015, 5.002069636000044 ], [ 39.833590126000104, 5.032769630000189 ], [ 39.90730067200019, 5.219609665 ], [ 39.942290907000086, 5.284989659000075 ], [ 40.033681420999983, 5.396789590000139 ], [ 40.09795160800013, 5.364879467000151 ], [ 40.174431875000153, 5.353379345000064 ], [ 40.532893277000085, 5.410648792000018 ], [ 40.581043554000132, 5.475948735000088 ], [ 40.605383670000151, 5.490288706000058 ], [ 40.63305383200003, 5.530068672000084 ], [ 40.679584018000071, 5.540638594000143 ], [ 40.694374115000187, 5.567168583000068 ], [ 40.752884376000168, 5.594398484000067 ], [ 40.832204765000142, 5.655898367000134 ], [ 40.922295132000045, 5.683378211000104 ], [ 40.874795190000043, 5.807898320000163 ], [ 40.878405537000049, 5.987518345000183 ], [ 40.866428984000095, 6.133653443000128 ], [ 40.881621045000031, 6.244343346000051 ], [ 40.856746236000049, 6.385908396000048 ], [ 40.860356352000167, 6.436198390000129 ], [ 40.885616520000099, 6.472118329000068 ], [ 40.900056653000036, 6.511638298000094 ], [ 40.98996717700004, 6.604238100999964 ], [ 41.015537354, 6.644558033000067 ], [ 41.072077665000052, 6.694327906000183 ], [ 41.131027873000107, 6.691257775999986 ], [ 41.228468081000187, 6.623007581000081 ], [ 41.358388418000118, 6.5655273160001 ], [ 41.380038496000168, 6.565527268999972 ], [ 41.43778865400003, 6.543967151000061 ], [ 41.528008793000026, 6.464936979000072 ], [ 41.619688883000094, 6.361716810000019 ], [ 41.633348992000094, 6.3913867710001 ], [ 41.690329268000085, 6.429416634000177 ], [ 41.738929635000034, 6.519906501000037 ], [ 41.757879747000175, 6.540536444000168 ], [ 41.819660021000061, 6.570476295 ], [ 41.853665850000084, 6.568909076000125 ], [ 41.860730083000078, 6.535341221000124 ], [ 41.887980170999981, 6.535346155000184 ], [ 41.93641037600014, 6.553176036000082 ], [ 41.999540669000055, 6.589845874000105 ], [ 42.006480748000115, 6.614385852 ], [ 41.999180790000082, 6.641615850000107 ], [ 42.013460876000124, 6.658605806000025 ], [ 42.025491026000054, 6.706415754999966 ], [ 42.055531229, 6.748755663000054 ], [ 42.076231629000176, 6.886735527999974 ], [ 42.106051829000194, 6.930215429000157 ], [ 42.134161987000027, 6.954165339999975 ], [ 42.162642213000026, 7.007115234000025 ], [ 42.157612300000096, 7.051325216000123 ], [ 42.18696251700004, 7.096395109000014 ], [ 42.204702686000132, 7.141035027000157 ], [ 42.209842922000178, 7.226904942999965 ], [ 42.209853015000192, 7.264004914 ], [ 42.19911009600014, 7.291440179000119 ], [ 41.896122317000106, 7.411205596000059 ], [ 41.867102525000064, 7.53277558000002 ], [ 41.957143487000053, 7.774785126000154 ], [ 41.912403516000097, 7.844395182000028 ], [ 41.926344219999976, 8.080564910000021 ], [ 41.948404642000071, 8.200894719000132 ], [ 42.027053755000111, 8.323024846000123 ], [ 42.026005586000167, 8.425834241000075 ], [ 42.069725950000077, 8.493974029000185 ], [ 42.215616852000096, 8.611203440000111 ], [ 42.23966702600012, 8.639883325000142 ], [ 42.263077100000146, 8.635953264000136 ], [ 42.323037013000146, 8.53677320800017 ], [ 42.502557518000117, 8.492082721000031 ], [ 42.520137541000111, 8.478712686 ], [ 42.52976750400012, 8.454832691000092 ], [ 42.567027021, 8.255612845000087 ], [ 42.578096982000147, 8.2285328480001 ], [ 42.61597690200017, 8.159602825000093 ], [ 42.630626897000184, 8.140432805000046 ], [ 42.651406933000032, 8.129672756000161 ], [ 42.678517081000109, 8.147322652000184 ], [ 42.701597256000127, 8.179612544 ], [ 42.734877721000146, 8.29437228300003 ], [ 42.768168047000188, 8.363172085000031 ], [ 42.779378119000114, 8.373262037000188 ], [ 42.79818817000006, 8.370071980000091 ], [ 42.89884863900005, 8.409101609000118 ], [ 42.897028782, 8.457751538000139 ], [ 42.912369041000147, 8.522101393000071 ], [ 42.905319211000062, 8.582221323999988 ], [ 42.89878926, 8.602671316000055 ], [ 42.838419246000115, 8.664391413000033 ], [ 42.831989324000119, 8.695231381000042 ], [ 42.843919574000097, 8.75792124700007 ], [ 42.865359802, 8.804351102000055 ], [ 42.865329867000128, 8.825111068000183 ], [ 42.849549881000087, 8.844291089000023 ], [ 42.805159809000031, 8.870031190000191 ], [ 42.730639804000077, 8.948021313000083 ], [ 42.644349907000048, 9.072981394000124 ], [ 42.599345568000047, 9.106174348000081 ], [ 42.635110110000142, 9.143971312000133 ], [ 42.634700161000069, 9.158521290000181 ], [ 42.595480137000038, 9.193591358000049 ], [ 42.583590165000032, 9.21538136700002 ], [ 42.570990259000041, 9.258181333000152 ], [ 42.551360282000076, 9.286571357000071 ], [ 42.546950331000119, 9.30523133500003 ], [ 42.556290423, 9.321051281000166 ], [ 42.537453342000106, 9.372981780000146 ], [ 42.640889819000108, 9.447462241999972 ], [ 42.681975572000056, 9.469872345000113 ], [ 42.714657375000058, 9.474541032000161 ], [ 42.736134051000192, 9.495083681000153 ], [ 42.776286019000054, 9.511891223000077 ], [ 42.813636848000044, 9.572585500000116 ], [ 42.864060224000127, 9.586591722000094 ], [ 42.879934228000138, 9.584724145000052 ], [ 42.908880874000147, 9.563247560000036 ], [ 42.921019829000045, 9.565115037000112 ], [ 42.943430277000175, 9.58752519899997 ], [ 42.968641956000113, 9.592193908000183 ], [ 42.979847194000172, 9.607134029000065 ], [ 42.977979742000173, 9.62861051699997 ], [ 42.950900710000155, 9.672497336000049 ], [ 42.935026727000093, 9.679967474000136 ], [ 42.907947424000156, 9.650087250000183 ], [ 42.853789080000126, 9.662226324000017 ], [ 42.73053226900015, 9.721053651000148 ], [ 42.694115592000173, 9.768675546000168 ], [ 42.681042896000122, 9.774278154000058 ], [ 42.647427344, 9.775212033000173 ], [ 42.568057145000182, 9.73692815000004 ], [ 42.498958445000142, 9.721054470000126 ], [ 42.376572174000046, 9.713839606000022 ], [ 42.339772808000134, 9.719617623000147 ], [ 42.250990849000118, 9.783491543000082 ], [ 42.213350694000155, 9.783741669000165 ], [ 42.18577054800005, 9.773561785000027 ], [ 42.030809393000027, 9.618482565000079 ], [ 42.00838931800007, 9.622162633000073 ], [ 41.906139095000015, 9.679302884000037 ], [ 41.873238977000142, 9.683882986000128 ], [ 41.808678563000058, 9.64055326600004 ], [ 41.773828470000012, 9.653703360000065 ], [ 41.748601873999974, 9.636353472000167 ], [ 41.749068191000106, 9.600553523000031 ], [ 41.728027738000151, 9.489033754000047 ], [ 41.734617702000037, 9.471483758000147 ], [ 41.721947641000042, 9.467533805000073 ], [ 41.670197435000148, 9.470633967000083 ], [ 41.654157407000071, 9.481234004000044 ], [ 41.642597468000076, 9.515143991000116 ], [ 41.540606997000054, 9.499584337000044 ], [ 41.490966655000079, 9.45742454700013 ], [ 41.308696037000175, 9.503075062000107 ], [ 41.239315729000111, 9.498795281000127 ], [ 41.219885617000045, 9.490715353000041 ], [ 41.145445100000074, 9.42462566100005 ], [ 41.056484617000081, 9.391065970000056 ], [ 41.014074331000188, 9.357206139000027 ], [ 40.970714125000086, 9.35150627600018 ], [ 40.926973855000142, 9.323126437999974 ], [ 40.844103443000165, 9.3047967010001 ], [ 40.812563326000088, 9.310926782000081 ], [ 40.788823447000027, 9.386896769000145 ], [ 40.797643508000192, 9.395556737000106 ], [ 40.858223742000064, 9.385366568000109 ], [ 40.891213899000093, 9.389536466000152 ], [ 40.92751409900012, 9.405136336 ], [ 40.889994069000011, 9.448646402000065 ], [ 40.862183991000109, 9.463016470000127 ], [ 40.842363908000038, 9.463586528000064 ], [ 40.783223598000063, 9.447886716000085 ], [ 40.696138915000176, 9.446065145000091 ], [ 40.70220239300005, 9.536092664000137 ], [ 40.751893772000074, 9.654612077000024 ], [ 40.847334932000138, 9.790326117000177 ], [ 41.019566201000032, 9.948825373000147 ], [ 40.998936168000114, 9.96783541200017 ], [ 40.965806035000071, 9.971685510000043 ], [ 40.946036045000142, 10.001315530999989 ], [ 40.936556112000119, 10.035245519 ], [ 40.974676674000136, 10.156645228000173 ], [ 41.031847823000135, 10.422004653999977 ], [ 41.087038686000085, 10.600564198000143 ], [ 41.077268923000076, 10.681154098000093 ], [ 41.220060127000124, 10.834463355000082 ], [ 41.2407505380001, 10.921363138000117 ], [ 41.268160800000146, 10.957852979000108 ], [ 41.39222140600009, 10.966312520000088 ], [ 41.410081462000107, 10.958472469000014 ], [ 41.484071837000158, 10.966902183000116 ], [ 41.717612896000105, 10.964781335000112 ], [ 41.739543010000091, 10.96833124800014 ], [ 41.768913225000063, 10.991211091000082 ], [ 41.918050000000108, 10.95361000000014 ], [ 42.01972, 10.944720000000189 ], [ 42.12555, 10.999440000000163 ], [ 42.35889, 11.01916 ], [ 42.64041, 11.09708 ], [ 42.748190000000193, 11.07792000000012 ], [ 42.769300000000158, 11.02319 ], [ 42.81097, 10.988330000000133 ], [ 42.89097, 10.98208000000011 ], [ 42.944090000000131, 11.00244 ], [ 42.9175, 10.95528000000013 ], [ 42.83861, 10.87389 ], [ 42.764160000000118, 10.78042 ], [ 42.66479, 10.632910000000152 ], [ 42.68111000000016, 10.582780000000184 ], [ 42.709440000000143, 10.536110000000122 ], [ 42.786110000000122, 10.455550000000187 ], [ 42.80611, 10.35 ], [ 42.85069, 10.219440000000191 ], [ 42.89097, 10.17208 ], [ 42.98055, 10.117640000000165 ], [ 43.01305, 10.081110000000137 ], [ 43.05166, 9.96819 ], [ 43.0843, 9.92486 ], [ 43.110280000000159, 9.908890000000156 ], [ 43.18041, 9.902780000000178 ], [ 43.20409, 9.892290000000173 ], [ 43.22486, 9.86319 ], [ 43.26055, 9.68472 ], [ 43.275280000000123, 9.64556 ], [ 43.28333, 9.634720000000186 ], [ 43.328470000000152, 9.61958 ], [ 43.386660000000177, 9.55694 ], [ 43.42777, 9.485280000000159 ], [ 43.425830000000133, 9.43458 ], [ 43.44166, 9.41764 ], [ 43.583060000000103, 9.33611 ], [ 43.627220000000136, 9.35444 ], [ 44.010550000000137, 9.007220000000132 ], [ 47.011940000000152, 8.00111 ], [ 47.98824, 8.00411 ], [ 46.991390000000138, 7.056940000000168 ], [ 46.56139, 6.61944 ], [ 45.955830000000105, 5.999170000000106 ], [ 44.950830000000167, 4.9025 ], [ 43.981940000000122, 4.96305 ], [ 43.922220000000152, 4.93444 ], [ 43.823424633000116, 4.909017784000184 ], [ 43.79863192, 4.86921770500004 ], [ 43.539719044000151, 4.789742177999983 ], [ 43.508545760000118, 4.829276613000047 ], [ 43.321660000000122, 4.74861 ], [ 43.158190000000104, 4.66639 ], [ 42.98569, 4.52542 ], [ 42.95722, 4.48111 ], [ 42.93361, 4.388750000000186 ], [ 42.91999, 4.364030000000128 ], [ 42.85569, 4.30472 ], [ 42.74083000000013, 4.272780000000125 ], [ 42.563789384000131, 4.246906928999977 ], [ 42.585087331000068, 4.214725171 ], [ 42.554531097000108, 4.206250191000095 ], [ 42.266151204000096, 4.182680943000037 ], [ 42.087669373000097, 4.179365158000053 ], [ 42.061088562, 4.161539078000033 ], [ 42.000000000000171, 4.093367100000137 ], [ 41.979049683000028, 4.095186233999982 ], [ 41.974220275999983, 4.080558777000022 ], [ 41.946220398000037, 4.055664063000108 ], [ 41.943458557000042, 4.016658783000082 ], [ 41.906898499000192, 3.978008032000162 ], [ 41.890090942000143, 3.978439092000144 ], [ 41.852069855000082, 3.950186968000025 ], [ 41.840557099000193, 3.955019951000168 ], [ 41.833488464000027, 3.945880889000023 ], [ 41.820648193000125, 3.94615006500004 ], [ 41.820682526000041, 3.955812931000025 ], [ 41.798213958000133, 3.956800938000185 ], [ 41.79254913300008, 3.979363918000104 ], [ 41.772579193000126, 3.972290993000058 ], [ 41.754024506000121, 3.97671794900009 ], [ 41.755420685000104, 3.984766006000143 ], [ 41.720588685000052, 3.992460012000095 ], [ 41.674411774000191, 3.959924936 ], [ 41.627700806000121, 3.983294010000179 ], [ 41.617820740000127, 3.973889113000155 ], [ 41.56689834600013, 3.966666937000127 ], [ 41.545158386000139, 3.982140064000077 ], [ 41.509769440000184, 3.954627991000052 ], [ 41.505668640000124, 3.96476197200019 ], [ 41.479732513000101, 3.95217704800001 ], [ 41.437091827000188, 3.95481896400014 ], [ 41.430187226000101, 3.944943905000116 ], [ 41.391254425000113, 3.962757110000041 ], [ 41.378616333000025, 3.951745987000152 ], [ 41.354564667000034, 3.960318089000111 ], [ 41.32630920500003, 3.938761950000128 ], [ 41.27577590900006, 3.955415011000127 ], [ 41.235301971000183, 3.958884954000098 ], [ 41.22707748400012, 3.949891091000154 ], [ 41.203208924000194, 3.947947979000162 ], [ 41.200981140000067, 3.93810606 ], [ 41.169265747000054, 3.942579985000066 ], [ 41.132629395000095, 3.966588021 ], [ 41.135620117000087, 3.971411944000067 ], [ 41.124855042000149, 3.97419595700012 ], [ 41.118003845000032, 3.987095117000024 ], [ 41.105388641000047, 3.985281945000111 ], [ 41.091869354000096, 4.013317108000081 ], [ 41.072650910000164, 4.022595882000076 ], [ 41.040710449000187, 4.064825058 ], [ 41.026065826000035, 4.07086420100012 ], [ 41.001422882000156, 4.10270977100015 ], [ 40.982192994000116, 4.110606192999967 ], [ 40.965080261000082, 4.132068157000106 ], [ 40.90415954600013, 4.154615879000175 ], [ 40.883205414000088, 4.192656994000117 ], [ 40.882381440000131, 4.212838173000023 ], [ 40.855766297000059, 4.226706981 ], [ 40.844100952000076, 4.246257782000043 ], [ 40.813842774000079, 4.255150794999963 ], [ 40.773384137000164, 4.282452356000022 ], [ 40.67222, 4.228610000000174 ], [ 40.398890000000165, 4.12306 ], [ 40.38861, 4.09889 ], [ 40.1825, 4.0225 ], [ 39.86666, 3.86944 ] ] ] } },
{ "type": "Feature", "properties": { "adm1_name": "Benishangul-Gumuz", "adm1_name1": null, "adm1_name2": null, "adm1_name3": null, "adm1_pcode": "ET06", "adm0_name": "Ethiopia", "adm0_name1": null, "adm0_name2": null, "adm0_name3": null, "adm0_pcode": "ET", "valid_on": "2025-01-01", "valid_to": null, "area_sqkm": 50217.889900980001, "version": "v04", "lang": "en", "lang1": null, "lang2": null, "lang3": null, "adm1_ref_n": null, "center_lat": null, "center_lon": null }, "geometry": { "type": "Polygon", "coordinates": [ [ [ 34.548466702999974, 9.629662940000117 ], [ 34.523230916000159, 9.541112503000079 ], [ 34.498732266000161, 9.514231065999979 ], [ 34.512974770000142, 9.448000646000139 ], [ 34.45180644800007, 9.449110630000121 ], [ 34.46627046499998, 9.365810855000063 ], [ 34.451728095000078, 9.308702328000038 ], [ 34.452389509000056, 9.257480946000044 ], [ 34.439560022000194, 9.215575531000127 ], [ 34.401742184, 9.186634573000049 ], [ 34.340877048000152, 9.168779030000167 ], [ 34.426835009000115, 9.071795454000039 ], [ 34.458330016000161, 9.073183166000092 ], [ 34.483666689000188, 9.047145573000023 ], [ 34.503707991000169, 9.004134039000178 ], [ 34.430651004000083, 8.967436632000044 ], [ 34.134406861000059, 8.9625607750001 ], [ 34.08583, 9.55305 ], [ 34.14, 9.75805 ], [ 34.20722, 9.905 ], [ 34.230550000000164, 10.02764000000019 ], [ 34.32305, 10.11722 ], [ 34.34833, 10.238470000000177 ], [ 34.28611, 10.55416 ], [ 34.35278, 10.63167 ], [ 34.439720000000136, 10.784440000000131 ], [ 34.59444, 10.88778 ], [ 34.67388, 10.83472 ], [ 34.800550000000101, 10.72333 ], [ 34.86062, 10.73201 ], [ 34.975270000000137, 10.864440000000116 ], [ 34.978610000000117, 10.91528 ], [ 34.933330000000126, 10.95666 ], [ 35.005550000000142, 11.17444 ], [ 35.0075, 11.19833 ], [ 34.97111, 11.231110000000115 ], [ 34.964160000000163, 11.25042000000019 ], [ 34.96708000000018, 11.27486000000016 ], [ 35.08749, 11.53583 ], [ 35.0952, 11.57646 ], [ 35.091660000000161, 11.598890000000154 ], [ 35.0668, 11.646530000000155 ], [ 35.058330000000183, 11.730280000000107 ], [ 35.063190000000134, 11.75958 ], [ 35.102360000000147, 11.834440000000143 ], [ 35.13444, 11.86389 ], [ 35.231380000000115, 11.898190000000113 ], [ 35.26108444900018, 11.927687256000013 ], [ 35.284349649000092, 11.884517440000025 ], [ 35.295932535000134, 11.799151355000049 ], [ 35.325713089000033, 11.794483632000095 ], [ 35.33744408900003, 11.77302875100014 ], [ 35.363772558000051, 11.752983616000108 ], [ 35.394678371000055, 11.746206013 ], [ 35.42178871200008, 11.729397646999985 ], [ 35.473298434000185, 11.736175096000068 ], [ 35.516946098000062, 11.718011189000038 ], [ 35.576589017000174, 11.76735160700008 ], [ 35.644907181000121, 11.781448774000012 ], [ 35.661715636000054, 11.793377223000164 ], [ 35.666595569000151, 11.825909434000096 ], [ 35.69439444000011, 11.831326456000113 ], [ 35.7055444450001, 11.822406478000119 ], [ 35.762781253000128, 11.837272957000152 ], [ 35.803664669000113, 11.838016204000098 ], [ 35.822991351000155, 11.82686622 ], [ 35.848264760000063, 11.84024610300014 ], [ 35.868334835000041, 11.859572633000141 ], [ 35.874423950000164, 11.885936790000073 ], [ 35.936458851000111, 11.920757861000027 ], [ 35.942896461000032, 11.936559060000093 ], [ 35.935288480000168, 11.966113195000162 ], [ 35.965816198000027, 11.984583925999971 ], [ 35.969024161000164, 11.95841593800003 ], [ 35.978033363000065, 11.960496563000163 ], [ 35.995979783999985, 11.926879409000094 ], [ 36.02121089100018, 11.913844522999966 ], [ 36.042642416000149, 11.895065586999976 ], [ 36.03382405800005, 11.89176959200006 ], [ 36.03811706800019, 11.885488093000163 ], [ 36.05060942200015, 11.883020070000157 ], [ 36.045074965000083, 11.876433834000181 ], [ 36.056373809000036, 11.874303763000057 ], [ 36.049140053000144, 11.86599999900011 ], [ 36.054495611000107, 11.849317632000123 ], [ 36.066264639000053, 11.851600541000096 ], [ 36.084290124000177, 11.835083350000104 ], [ 36.081458584000188, 11.824370293000186 ], [ 36.095070644000032, 11.812859272000139 ], [ 36.105230449000032, 11.81589069100005 ], [ 36.123229422000065, 11.734435989000133 ], [ 36.116605585000059, 11.723511786000188 ], [ 36.12552807700007, 11.719165851000014 ], [ 36.118357555999978, 11.705810794000172 ], [ 36.144827013000111, 11.685617417000117 ], [ 36.164995391000161, 11.678176712000095 ], [ 36.176215873000046, 11.684244684000134 ], [ 36.200828669000089, 11.705839421000178 ], [ 36.207073445000049, 11.721434708000061 ], [ 36.23157853500004, 11.722111979999966 ], [ 36.235871693000036, 11.736957521000022 ], [ 36.282906732000129, 11.772664399000178 ], [ 36.308797963000188, 11.803229321000117 ], [ 36.329066074000025, 11.796687280000185 ], [ 36.341274615000088, 11.780808515000103 ], [ 36.332064212000148, 11.704052347000072 ], [ 36.347556373000032, 11.696597154000074 ], [ 36.332418123000025, 11.666042003000143 ], [ 36.348421412000107, 11.605359639000142 ], [ 36.365276536000124, 11.600335471000108 ], [ 36.375154938000151, 11.607679311000027 ], [ 36.403408975000104, 11.545985624000082 ], [ 36.414534417000141, 11.545125206000137 ], [ 36.413115923000191, 11.53195975400007 ], [ 36.444303742000102, 11.492808222000065 ], [ 36.409544390000178, 11.458302047000018 ], [ 36.409947647000081, 11.41391171600003 ], [ 36.467155096000056, 11.428645228000164 ], [ 36.512222444000031, 11.458277112000189 ], [ 36.529910165000047, 11.434547089000091 ], [ 36.533094912000024, 11.394058938 ], [ 36.563889813000117, 11.37134905500011 ], [ 36.563626502000091, 11.358029042000169 ], [ 36.538734652000187, 11.34564642600003 ], [ 36.534543144000168, 11.335293242000148 ], [ 36.547482462000119, 11.337270682000167 ], [ 36.556418424000185, 11.329487098000072 ], [ 36.562419936000083, 11.318338093000136 ], [ 36.556879115000186, 11.302116366000064 ], [ 36.537335400000075, 11.304736251000065 ], [ 36.504958016000103, 11.284988236000061 ], [ 36.494965947000139, 11.288952227000038 ], [ 36.483208854000168, 11.271785291000015 ], [ 36.46714241899997, 11.264992656000118 ], [ 36.47583075100016, 11.244666323000104 ], [ 36.46019195100007, 11.226432698000167 ], [ 36.467564638, 11.215339358000165 ], [ 36.467607841000131, 11.155408725000086 ], [ 36.475647259000084, 11.156975441000043 ], [ 36.502904681000075, 11.137539042000071 ], [ 36.549339458000134, 11.137815229000125 ], [ 36.560197970000104, 11.113251220000109 ], [ 36.578017499, 11.110522327000183 ], [ 36.574988356000119, 11.100708863000023 ], [ 36.554908394000108, 11.093216994000159 ], [ 36.534049781000078, 11.097955283999966 ], [ 36.532595030000095, 11.113217411000051 ], [ 36.525083896000126, 11.112711607000108 ], [ 36.489671171999987, 11.068734794000079 ], [ 36.478324750000183, 11.067137992000085 ], [ 36.46985381900015, 11.055211690000078 ], [ 36.444243487000165, 11.050402373000168 ], [ 36.422564846000114, 11.031367313000089 ], [ 36.417669645000046, 11.000727687 ], [ 36.354032613000129, 10.937042986 ], [ 36.353116615000033, 10.921215424000138 ], [ 36.309142279000071, 10.862546867000049 ], [ 36.310128087000123, 10.827150243000176 ], [ 36.294884791000129, 10.815011026000036 ], [ 36.299528418000193, 10.809995223000044 ], [ 36.282253898000135, 10.803867232000073 ], [ 36.285242190000133, 10.744582874000116 ], [ 36.310784268000134, 10.74725869100007 ], [ 36.341603238000175, 10.788837210000111 ], [ 36.377216858000054, 10.785756431000038 ], [ 36.375986146000173, 10.765286073000084 ], [ 36.359346930000129, 10.741647460000081 ], [ 36.331338244000108, 10.72623702500016 ], [ 36.317596673000082, 10.703604919000043 ], [ 36.321730640000112, 10.68528913900019 ], [ 36.31126925500007, 10.67880626300007 ], [ 36.324195112999973, 10.661657148000188 ], [ 36.303015255000105, 10.637862573000064 ], [ 36.307616425000163, 10.624203287000171 ], [ 36.291572825000173, 10.619958811000174 ], [ 36.281647511000131, 10.604559028999972 ], [ 36.305875833000187, 10.577947712000025 ], [ 36.302023956000085, 10.553959757000086 ], [ 36.318218325000032, 10.528003484000124 ], [ 36.343613459000153, 10.520897603000094 ], [ 36.359132568000177, 10.53031590400019 ], [ 36.364675663000071, 10.506177902000161 ], [ 36.382222956000192, 10.489591063000034 ], [ 36.390855295000051, 10.467986198000119 ], [ 36.40899585000011, 10.455303691000154 ], [ 36.445650919000059, 10.455682161000027 ], [ 36.46271156600011, 10.479181219000111 ], [ 36.526777359, 10.482896159000177 ], [ 36.546228503, 10.45689689500017 ], [ 36.520445811000172, 10.405939739000132 ], [ 36.539244943000085, 10.364979387000176 ], [ 36.605471513000168, 10.364720049000027 ], [ 36.637007636000078, 10.346635489999983 ], [ 36.661809687000073, 10.316538557000115 ], [ 36.685399333000191, 10.317595047000168 ], [ 36.692191505000153, 10.296289130000048 ], [ 36.610570507000148, 10.259221846000173 ], [ 36.574685618000103, 10.264173395000114 ], [ 36.575847829000111, 10.279235559000085 ], [ 36.554480933000036, 10.285072005000188 ], [ 36.515488472000072, 10.2399315400001 ], [ 36.490912873000184, 10.234268733000079 ], [ 36.445350893000125, 10.245844166000154 ], [ 36.369421904000092, 10.161652776000096 ], [ 36.271892158000071, 10.113087661000179 ], [ 36.258919556000194, 10.078452010000092 ], [ 36.218924192000088, 10.053212510000094 ], [ 36.184567068000092, 10.049661314000048 ], [ 36.139898364000089, 10.009705090000068 ], [ 36.120648739000103, 9.971573161000094 ], [ 36.152343448000011, 9.8489314790001 ], [ 36.128207082000131, 9.852213635000055 ], [ 36.136471135000079, 9.807447298000056 ], [ 36.105286613000033, 9.773323643000083 ], [ 36.159057226000073, 9.746936508000033 ], [ 36.177496121000104, 9.701314421000063 ], [ 36.191865862000043, 9.68787751800005 ], [ 36.200777372000175, 9.614928768000084 ], [ 36.23177701600008, 9.570323043000087 ], [ 36.266265467000039, 9.568695262000119 ], [ 36.301025209000102, 9.555515471000035 ], [ 36.335955124000179, 9.511994007000055 ], [ 36.380307981000101, 9.480480466000074 ], [ 36.40062950700019, 9.510988321000184 ], [ 36.461168171000054, 9.528057690000026 ], [ 36.494429858000103, 9.509365743000046 ], [ 36.498663554000075, 9.472884584000042 ], [ 36.514911091000158, 9.444134004000091 ], [ 36.507265609000115, 9.419345341000167 ], [ 36.475190875000123, 9.394637238000143 ], [ 36.484109647000025, 9.367867244000081 ], [ 36.46141108900008, 9.357156935000091 ], [ 36.374716538000143, 9.358019170000091 ], [ 36.333767936000072, 9.339799325000058 ], [ 36.318996195000068, 9.305850016000136 ], [ 36.295482496000091, 9.30169163700009 ], [ 36.275117402000149, 9.343833046000157 ], [ 36.253179406000072, 9.30182331200001 ], [ 36.218373047000057, 9.297118325000042 ], [ 36.214586972000063, 9.332416972000033 ], [ 36.234268717000077, 9.347006928000042 ], [ 36.205892528000106, 9.35473969200018 ], [ 36.194597216000091, 9.326289034000183 ], [ 36.194894703999978, 9.288973481000085 ], [ 36.226336010000182, 9.27172814000005 ], [ 36.22892516800016, 9.229031010000085 ], [ 36.203947895000056, 9.157346813000061 ], [ 36.171912299000098, 9.10829718500014 ], [ 36.161473421000039, 9.105351872000085 ], [ 36.184585928000047, 9.07195168700008 ], [ 36.207650458000103, 9.067152766000106 ], [ 36.246477824000124, 9.040962060000084 ], [ 36.225949202000152, 9.030967937000128 ], [ 36.176790550000078, 9.044525228 ], [ 36.159633019000182, 9.020659939999973 ], [ 36.131429030999982, 9.020788201000016 ], [ 36.128686398000184, 9.051117363 ], [ 36.108553458000074, 9.080031575000021 ], [ 36.08417349299998, 9.058420663000163 ], [ 36.075537254000153, 9.062637626000139 ], [ 36.096974614000032, 9.032414896000034 ], [ 36.086545823000165, 9.012616791000028 ], [ 36.063941576000161, 9.019908036000118 ], [ 36.042155393000087, 9.015047793000065 ], [ 36.042449086000147, 9.032177624000155 ], [ 36.028074519000143, 9.055977324000082 ], [ 36.034022845000095, 9.107416687000125 ], [ 36.05361065600016, 9.119437129000119 ], [ 36.031577196000171, 9.23342605900001 ], [ 35.949321024000028, 9.249153646000082 ], [ 35.917871966000064, 9.285639052000136 ], [ 35.911088774000177, 9.315957987000104 ], [ 35.859870325000088, 9.324971589000143 ], [ 35.797191691000137, 9.308617540000171 ], [ 35.773954600000138, 9.324324043000047 ], [ 35.756747975999986, 9.323638114000062 ], [ 35.750557958000115, 9.331128127000113 ], [ 35.750121341000181, 9.40308330400012 ], [ 35.754002660000026, 9.416548201000182 ], [ 35.778415380000069, 9.430699023000045 ], [ 35.777325831000098, 9.440139413999987 ], [ 35.764992988000074, 9.473350736999976 ], [ 35.752891093000187, 9.481694207000032 ], [ 35.710760712000138, 9.486771922000173 ], [ 35.67139109600015, 9.517234552000161 ], [ 35.647491968000168, 9.553310385000032 ], [ 35.64357966200015, 9.594550314000116 ], [ 35.653437895000025, 9.634928304000027 ], [ 35.634727814000087, 9.65148833000012 ], [ 35.594427594000081, 9.656038397000088 ], [ 35.578517519, 9.665518421 ], [ 35.553727423000055, 9.696118466000144 ], [ 35.505106154000089, 9.688702257000159 ], [ 35.468423574000042, 9.670376197000166 ], [ 35.455374985000162, 9.672230703000082 ], [ 35.410766331000161, 9.713677552000092 ], [ 35.368397025000149, 9.719289413000183 ], [ 35.36508100900005, 9.727466421000145 ], [ 35.383031169000049, 9.758996405000175 ], [ 35.378831148000074, 9.765406404000032 ], [ 35.419628528000032, 9.785145035000085 ], [ 35.363788997000086, 9.813043185000026 ], [ 35.349800616000039, 9.866075812000133 ], [ 35.32469285600007, 9.884796300000062 ], [ 35.297454005000077, 9.922483253000166 ], [ 35.278471869000157, 9.907078983000133 ], [ 35.230743591000078, 9.893252214000029 ], [ 35.220798401000025, 9.925425696 ], [ 35.159583687000065, 9.948402073000125 ], [ 35.088341497000101, 9.950488895000092 ], [ 35.08102060900012, 9.921920612000065 ], [ 35.048513532000129, 9.917741245000059 ], [ 35.019654361000164, 9.928791940000167 ], [ 35.015017487000193, 9.995190863000062 ], [ 34.98818221300013, 9.996766925000031 ], [ 34.942995979999978, 9.933567317000154 ], [ 34.92765547700003, 9.93527945600016 ], [ 34.904420085000083, 9.955878686000119 ], [ 34.887781453000059, 9.908213967999984 ], [ 34.866795099, 9.902260916000046 ], [ 34.897683516000029, 9.881757181000069 ], [ 34.869726977000141, 9.820667072000163 ], [ 34.831665465000015, 9.803115600000126 ], [ 34.796142518000124, 9.736239464999983 ], [ 34.809960447000037, 9.702241158000106 ], [ 34.810854103000111, 9.63011872900006 ], [ 34.792057445000069, 9.603314873999977 ], [ 34.782986711000035, 9.553331130000061 ], [ 34.735137544000054, 9.545301779000113 ], [ 34.685918390000097, 9.563686404000123 ], [ 34.632014748000188, 9.588021403000027 ], [ 34.585394227000052, 9.630359738000038 ], [ 34.548466702999974, 9.629662940000117 ] ] ] } },
{ "type": "Feature", "properties": { "adm1_name": "Central Ethiopia", "adm1_name1": null, "adm1_name2": null, "adm1_name3": null, "adm1_pcode": "ET07", "adm0_name": "Ethiopia", "adm0_name1": null, "adm0_name2": null, "adm0_name3": null, "adm0_pcode": "ET", "valid_on": "2025-01-01", "valid_to": null, "area_sqkm": 15106.04974257, "version": "v04", "lang": "en", "lang1": null, "lang2": null, "lang3": null, "adm1_ref_n": null, "center_lat": null, "center_lon": null }, "geometry": { "type": "Polygon", "coordinates": [ [ [ 37.84704530800019, 7.099839219000046 ], [ 37.796854369000073, 7.096262855000077 ], [ 37.768963604000135, 7.119164591000185 ], [ 37.736760909999987, 7.120780221000075 ], [ 37.745991590000131, 7.135543920000146 ], [ 37.72183168100014, 7.140645044000109 ], [ 37.718385517000115, 7.156768598000156 ], [ 37.664480329000014, 7.178512499000078 ], [ 37.546769528000084, 7.170417432000079 ], [ 37.527291078000133, 7.204336511000179 ], [ 37.508622944000081, 7.215597063000132 ], [ 37.464332570000067, 7.199061273000154 ], [ 37.440087652000102, 7.220296753000184 ], [ 37.415378060000194, 7.229877349000105 ], [ 37.402646895000089, 7.246221451000054 ], [ 37.374285316000112, 7.251456135000126 ], [ 37.356459487000052, 7.278043709000144 ], [ 37.349479886000097, 7.35773547600013 ], [ 37.379733601000169, 7.380000817000166 ], [ 37.390284942, 7.402422383000101 ], [ 37.407219633000125, 7.492180415000121 ], [ 37.44510397, 7.564316881000025 ], [ 37.401194678000138, 7.682667443000014 ], [ 37.404844578000166, 7.827260347000106 ], [ 37.436714014000188, 7.918528487 ], [ 37.389814797000099, 7.961972350000053 ], [ 37.391790293000156, 7.992900512 ], [ 37.490798981000125, 8.017061117000083 ], [ 37.513998827000137, 7.999670325000181 ], [ 37.539278640000077, 7.953858262000153 ], [ 37.557518523000169, 7.948338 ], [ 37.602829784000107, 7.964857662000043 ], [ 37.592137343000161, 8.093134079000038 ], [ 37.623886783000046, 8.200043598000093 ], [ 37.615296918000126, 8.211464468999964 ], [ 37.616205598000192, 8.226748510999982 ], [ 37.601768173000153, 8.234641952 ], [ 37.576077834000159, 8.232589763000135 ], [ 37.539124495000181, 8.250209614000084 ], [ 37.529147732000126, 8.265820187000031 ], [ 37.506301852000036, 8.254395118000161 ], [ 37.472023320000119, 8.266089422000164 ], [ 37.46408344800011, 8.282420873999968 ], [ 37.466153402000089, 8.331315219000146 ], [ 37.498569627000052, 8.403618948000087 ], [ 37.512209156000154, 8.416968900000086 ], [ 37.557978897000055, 8.425509241000043 ], [ 37.576078774000052, 8.41406872500005 ], [ 37.598038610000174, 8.365316537000012 ], [ 37.611968519000186, 8.354086028000097 ], [ 37.666063217999977, 8.383537295 ], [ 37.678708141000072, 8.377707025000063 ], [ 37.704547954000134, 8.337035197000034 ], [ 37.717047880000166, 8.334095058 ], [ 37.747967710000182, 8.351765815000078 ], [ 37.816257282000095, 8.331804870000042 ], [ 37.862947009000095, 8.33570500999997 ], [ 37.927986659000169, 8.378166835000115 ], [ 37.988166285000148, 8.359525958000063 ], [ 38.028041075000033, 8.390282286000058 ], [ 38.066705828000181, 8.375966615000152 ], [ 38.086535726000079, 8.390097227000126 ], [ 38.109999975000051, 8.390368230999968 ], [ 38.122545523000156, 8.406587924000064 ], [ 38.138955429000077, 8.409418033000179 ], [ 38.164180883000029, 8.408050598000102 ], [ 38.18003017000018, 8.392867265000177 ], [ 38.217544956000154, 8.408777934000057 ], [ 38.266314665000152, 8.406637793000186 ], [ 38.282044566000025, 8.399557461000029 ], [ 38.289254506000077, 8.38069662099997 ], [ 38.311464357000148, 8.369946127999981 ], [ 38.30703432100006, 8.299693011000102 ], [ 38.333175065000091, 8.258550706999984 ], [ 38.347344031000034, 8.254240952000032 ], [ 38.43020872600016, 8.298750815000119 ], [ 38.45170682700018, 8.38503017700009 ], [ 38.477883440000028, 8.447359394000046 ], [ 38.501452516000086, 8.44396940900009 ], [ 38.526842520000116, 8.45761957000002 ], [ 38.575784188, 8.444891630000143 ], [ 38.590882148000105, 8.426018643000077 ], [ 38.61675172200006, 8.431138369 ], [ 38.654451646000041, 8.394637113000044 ], [ 38.661641542000041, 8.376016047000121 ], [ 38.666025158000025, 8.32696015700003 ], [ 38.650952231000133, 8.285082027000158 ], [ 38.715921776000073, 8.23115956800018 ], [ 38.716018428000041, 8.219447782000145 ], [ 38.682187349000117, 8.190427868000143 ], [ 38.684511863000068, 8.12245477200014 ], [ 38.672843128000181, 8.089863961000162 ], [ 38.635133765000148, 8.132337731000121 ], [ 38.593544457000178, 8.260199101000126 ], [ 38.560745005000115, 8.266089618000024 ], [ 38.549258653000038, 8.26268337099998 ], [ 38.542052848000083, 8.246110405000081 ], [ 38.542552826000076, 8.225849506000145 ], [ 38.587262489000182, 8.156236371000034 ], [ 38.583944895000116, 8.108104487000048 ], [ 38.593412387000114, 8.090883463000125 ], [ 38.62185218999997, 8.068412431000183 ], [ 38.612682218000145, 8.043301324000026 ], [ 38.627701764000108, 8.03359527900011 ], [ 38.597367683000186, 7.990588941000169 ], [ 38.586507289000053, 7.938259967000135 ], [ 38.563087169000084, 7.885196245000088 ], [ 38.512908086000039, 7.848910445000172 ], [ 38.492442884000127, 7.795393342000182 ], [ 38.444847429000163, 7.759533909000083 ], [ 38.438652980000029, 7.718867017999969 ], [ 38.412433326000098, 7.681553431000054 ], [ 38.420263009000166, 7.624342803000047 ], [ 38.400824613000111, 7.595303162000107 ], [ 38.401043085000083, 7.578700777000165 ], [ 38.418914805000156, 7.569457974000045 ], [ 38.425662915000032, 7.553869645000134 ], [ 38.426748651000139, 7.514721252000072 ], [ 38.341228791000162, 7.478579378 ], [ 38.327244892000124, 7.461681727000155 ], [ 38.31891194300016, 7.41416739500005 ], [ 38.279442839000126, 7.380599418000031 ], [ 38.28152741700012, 7.338683435000178 ], [ 38.265210099000058, 7.306723977000104 ], [ 38.086965242000133, 7.194943441000134 ], [ 38.07801476100019, 7.180263146000073 ], [ 38.062799043000155, 7.076428912000097 ], [ 38.040446827999972, 7.075614300000041 ], [ 38.037965769000152, 7.064840314000151 ], [ 38.002610603000164, 7.057803688000035 ], [ 37.993350903000135, 7.063981815000091 ], [ 37.995464280000135, 7.088630294000154 ], [ 37.979409165000163, 7.10820772600016 ], [ 37.966599940000037, 7.104805179000095 ], [ 37.92967892300004, 7.117021458000011 ], [ 37.909264880000194, 7.099545488 ], [ 37.87099441100014, 7.115258951000101 ], [ 37.84704530800019, 7.099839219000046 ] ] ] } },
{ "type": "Feature", "properties": { "adm1_name": "South Ethiopia", "adm1_name1": null, "adm1_name2": null, "adm1_name3": null, "adm1_pcode": "ET08", "adm0_name": "Ethiopia", "adm0_name1": null, "adm0_name2": null, "adm0_name3": null, "adm0_pcode": "ET", "valid_on": "2025-01-01", "valid_to": null, "area_sqkm": 48292.614100849998, "version": "v04", "lang": "en", "lang1": null, "lang2": null, "lang3": null, "adm1_ref_n": null, "center_lat": null, "center_lon": null }, "geometry": { "type": "MultiPolygon", "coordinates": [ [ [ [ 36.211170000000152, 4.448 ], [ 36.045300000000111, 4.44708 ], [ 35.95111, 4.521110000000135 ], [ 35.947700000000168, 4.62933 ], [ 35.92472, 4.64028 ], [ 35.774440000000141, 4.79861000000011 ], [ 35.779990000000168, 5.08264 ], [ 35.82361, 5.13667 ], [ 35.83069, 5.168400000000133 ], [ 35.805130000000133, 5.206810000000132 ], [ 35.796240000000182, 5.23514 ], [ 35.79874, 5.265550000000189 ], [ 35.82166, 5.32861 ], [ 35.757041116000096, 5.345433895999975 ], [ 35.753842744000167, 5.600657981000097 ], [ 35.806852352000192, 5.665838864000079 ], [ 35.87741600600009, 5.673151982000149 ], [ 35.951573150000172, 5.651032429000054 ], [ 35.964752868000176, 5.669370752000077 ], [ 35.968193095000174, 5.682272794000028 ], [ 35.957944612000119, 5.685615538000036 ], [ 35.970285932000024, 5.695694881000065 ], [ 35.959429099000147, 5.703485127000022 ], [ 35.975788396000041, 5.727816879000045 ], [ 35.978500105000137, 5.759599739000066 ], [ 35.96228273700018, 5.782794836000164 ], [ 35.966925125000046, 5.800388698000177 ], [ 35.960893796000107, 5.834615714000051 ], [ 35.973435767000126, 5.840364029000057 ], [ 35.96842326400008, 5.869794396000032 ], [ 35.987696673000073, 5.896311113000138 ], [ 35.98964154500004, 5.92601380800005 ], [ 35.977710228000035, 5.948063972 ], [ 36.003157401000124, 5.974374029999979 ], [ 36.008553450000136, 5.997335860000078 ], [ 35.982138292000172, 6.052006639000126 ], [ 35.994821041000137, 6.084648610999977 ], [ 35.973319711000158, 6.097778385000083 ], [ 35.945089967000115, 6.10214261100009 ], [ 35.950362939000172, 6.122391318000098 ], [ 35.933328522000181, 6.134152808000124 ], [ 35.952889097000082, 6.166839686000174 ], [ 35.977742533000139, 6.166221135000058 ], [ 35.962271506000036, 6.180711116 ], [ 35.967616646000181, 6.207210981000173 ], [ 35.956721498000036, 6.225570251000079 ], [ 35.992205013000046, 6.25771196200003 ], [ 36.027033560000064, 6.275093286000185 ], [ 36.039392145000079, 6.271332981 ], [ 36.044589855000083, 6.293041782000046 ], [ 36.058147917000099, 6.305159821000018 ], [ 36.035333184000081, 6.331596133000176 ], [ 36.039921007000146, 6.348255179999967 ], [ 36.068871604000037, 6.354932694000013 ], [ 36.100092613000186, 6.406244185000162 ], [ 36.138488227000039, 6.438457261000053 ], [ 36.191637244000106, 6.441845138000133 ], [ 36.237174027000094, 6.38923463000009 ], [ 36.248802682000132, 6.38502139000019 ], [ 36.266118796000058, 6.391658065000172 ], [ 36.306703766000055, 6.426370729000098 ], [ 36.323350726, 6.458356873000071 ], [ 36.348595879000072, 6.459784249000052 ], [ 36.361144391999972, 6.469150391000142 ], [ 36.38412136200003, 6.458868241000118 ], [ 36.417727680000098, 6.476416473000029 ], [ 36.461771067000029, 6.528785681000045 ], [ 36.489933075000067, 6.533931398000107 ], [ 36.550090307000175, 6.578375460000188 ], [ 36.570636953000076, 6.582557839000117 ], [ 36.60023980200009, 6.627329890000055 ], [ 36.61964445000018, 6.629324600000075 ], [ 36.671804399000166, 6.656941226000129 ], [ 36.682050495000055, 6.691513721000149 ], [ 36.708785880000164, 6.710652776000188 ], [ 36.779806627000141, 6.710629277000066 ], [ 36.820287811000071, 6.681543685000122 ], [ 36.866842965000046, 6.66846283100017 ], [ 36.888773581, 6.686813156000142 ], [ 36.93229442, 6.703883515000086 ], [ 36.968465443000127, 6.693222842000068 ], [ 36.989134271000182, 6.679881381000087 ], [ 36.988052270000082, 6.603162614999974 ], [ 37.003502849000085, 6.58960011500011 ], [ 37.02575260600014, 6.594711950000033 ], [ 37.064836762000084, 6.626249720000033 ], [ 37.104424175000077, 6.633961711000154 ], [ 37.146612006000055, 6.669717504000175 ], [ 37.182033540000077, 6.666882897 ], [ 37.199877374000152, 6.648671170000114 ], [ 37.237328268000169, 6.653542828000184 ], [ 37.241989796000041, 6.668152749000114 ], [ 37.232800671000064, 6.671807544000046 ], [ 37.228819652000141, 6.697594539000022 ], [ 37.222493848000056, 6.699987937000174 ], [ 37.224905459000183, 6.721240484000077 ], [ 37.249416999, 6.742560857000171 ], [ 37.243941635000169, 6.761236353000129 ], [ 37.267747511000039, 6.777163616000166 ], [ 37.280252381000139, 6.820964755000034 ], [ 37.304744416000062, 6.859975918000146 ], [ 37.334432743000093, 6.865271475000156 ], [ 37.338039243000026, 6.874518833000025 ], [ 37.388620472000127, 6.86083908300003 ], [ 37.416474561000086, 6.871291499000165 ], [ 37.434974637999971, 6.894799343000102 ], [ 37.421132144000069, 6.961003137999967 ], [ 37.432363296000119, 7.025805335000086 ], [ 37.445722841000133, 7.041162167999971 ], [ 37.441051450000089, 7.052990136000062 ], [ 37.459723258999986, 7.09888169400017 ], [ 37.455444102000058, 7.13519806100004 ], [ 37.493623126000102, 7.150732506000054 ], [ 37.527730025000153, 7.189483715000108 ], [ 37.539246755000192, 7.185610781000094 ], [ 37.546769528000084, 7.170417432000079 ], [ 37.650168614999984, 7.181557291000104 ], [ 37.677717156000028, 7.174315598000021 ], [ 37.718385517000115, 7.156768598000156 ], [ 37.72183168100014, 7.140645044000109 ], [ 37.745991590000131, 7.135543920000146 ], [ 37.736760909999987, 7.120780221000075 ], [ 37.774503031000052, 7.117025707000096 ], [ 37.796854369000073, 7.096262855000077 ], [ 37.84704530800019, 7.099839219000046 ], [ 37.87099441100014, 7.115258951000101 ], [ 37.909264880000194, 7.099545488 ], [ 37.92967892300004, 7.117021458000011 ], [ 37.966599940000037, 7.104805179000095 ], [ 37.979409165000163, 7.10820772600016 ], [ 37.995464280000135, 7.088630294000154 ], [ 37.993350903000135, 7.063981815000091 ], [ 38.002610603000164, 7.057803688000035 ], [ 38.037965769000152, 7.064840314000151 ], [ 38.040446827999972, 7.075614300000041 ], [ 38.062799043000155, 7.076428912000097 ], [ 38.064154741000038, 7.043386989000112 ], [ 38.130154270000105, 6.974009886000033 ], [ 38.136591922000036, 6.939727871000116 ], [ 38.129657063000082, 6.934067358000107 ], [ 38.131134607000092, 6.911861565000152 ], [ 38.118054100000052, 6.888719691000119 ], [ 38.118444278000027, 6.871920474000035 ], [ 38.070826097000122, 6.771877416000109 ], [ 38.049927407000098, 6.693215047000024 ], [ 38.035690407000175, 6.685415855000088 ], [ 38.035055641000042, 6.672052939000025 ], [ 38.019388640000045, 6.665603544000135 ], [ 38.009594748999973, 6.617068244000109 ], [ 38.018846062000136, 6.573269380000113 ], [ 37.97721522300003, 6.550851236000085 ], [ 37.952662912000051, 6.549619914000175 ], [ 37.932700593000106, 6.557206405000045 ], [ 37.912612031000151, 6.590668957000105 ], [ 37.892775954000172, 6.596070541000074 ], [ 37.87148281900005, 6.582228514000121 ], [ 37.807774881000171, 6.500655317000053 ], [ 37.796286005000127, 6.449460269000099 ], [ 37.807835908000129, 6.410178477000102 ], [ 37.840085687000169, 6.378747021000038 ], [ 37.852155563000167, 6.304783646999965 ], [ 37.840265601000112, 6.248251081000149 ], [ 37.778095935000181, 6.149596620000068 ], [ 37.775736828000106, 6.113575488000038 ], [ 37.789775800000143, 6.049442044000102 ], [ 37.783175819000178, 6.010600270000111 ], [ 37.79148575500011, 5.99590959600016 ], [ 37.803736092000065, 5.993178829999977 ], [ 37.827095533000033, 6.009990222000113 ], [ 37.842965438000135, 6.0109402490001 ], [ 37.865535278000095, 5.986629124000046 ], [ 37.894985082000119, 5.974498552000171 ], [ 37.903975012000046, 5.960507907000135 ], [ 37.952694705000113, 5.96334801200004 ], [ 37.96857460200016, 5.956017667000083 ], [ 37.982474467000145, 5.887824539000178 ], [ 38.007134285000177, 5.849272763000158 ], [ 38.019874167000182, 5.79004003700004 ], [ 38.05415393300018, 5.764148838000153 ], [ 38.072077750000062, 5.762558968000064 ], [ 38.088883692000024, 5.745607964000158 ], [ 38.075163846000123, 5.688940437000042 ], [ 38.008014704000118, 5.650154599000075 ], [ 37.943519996000134, 5.639464151000141 ], [ 37.93017464400009, 5.616672147000088 ], [ 37.947814487000073, 5.537688512000102 ], [ 37.946814455000151, 5.474285600000087 ], [ 37.935224497000036, 5.423033255 ], [ 37.901212375000171, 5.373247752000054 ], [ 37.896374714, 5.349879911000073 ], [ 37.904774635000024, 5.303957793000052 ], [ 37.900819335000165, 5.244854087000135 ], [ 37.885085524000147, 5.234310022000159 ], [ 37.852657442, 5.234646854000118 ], [ 37.810078172000033, 5.268299910000167 ], [ 37.772828817000118, 5.283351274000097 ], [ 37.747129259000189, 5.276610653000091 ], [ 37.700880053000105, 5.305883307000045 ], [ 37.674230516000023, 5.307643461 ], [ 37.646706038000104, 5.299287273000175 ], [ 37.629734811000048, 5.266009696000026 ], [ 37.517863236000096, 5.220475515000089 ], [ 37.417214982000132, 5.16655059500016 ], [ 37.367175851000127, 5.155099544000109 ], [ 37.340736313000093, 5.159599949999972 ], [ 37.292357141000025, 5.1943630990001 ], [ 37.238108078000039, 5.199433549000048 ], [ 37.216908441000044, 5.21268475 ], [ 37.197158784000067, 5.21031453 ], [ 37.181829059000108, 5.193923041000119 ], [ 37.112230264000175, 5.186272328000086 ], [ 37.003311116000134, 5.199082903000033 ], [ 36.983099968000147, 5.19241227200007 ], [ 36.948966654000174, 5.19468654700006 ], [ 36.892970983000055, 5.109787746 ], [ 36.860708967, 4.978767301000175 ], [ 36.863475655000116, 4.793039446000137 ], [ 36.85473946500008, 4.736059609000165 ], [ 36.828479986000104, 4.709174806000135 ], [ 36.646409141000163, 4.710757126000146 ], [ 36.680841202000067, 4.604300630000125 ], [ 36.657532315000026, 4.580373675999965 ], [ 36.714253964000136, 4.433850543000176 ], [ 36.6475, 4.44667 ], [ 36.27166, 4.43917 ], [ 36.211170000000152, 4.448 ] ] ], [ [ [ 38.203731305000019, 5.935020423000026 ], [ 38.180971692000128, 5.941651025000112 ], [ 38.150342212000169, 6.000406334000104 ], [ 38.121592709000026, 6.016677806000075 ], [ 38.116492788000016, 6.050200836000045 ], [ 38.079863412000122, 6.116986871000108 ], [ 38.086728393000158, 6.161044785000058 ], [ 38.102301546000035, 6.180448387000013 ], [ 38.125063726000064, 6.155126650000057 ], [ 38.14138362000017, 6.154456615000129 ], [ 38.187396841000179, 6.182210307000162 ], [ 38.197921375000192, 6.206434972000181 ], [ 38.193311450000067, 6.226176747000181 ], [ 38.17191181600009, 6.255329379000159 ], [ 38.173741781000103, 6.266810420000184 ], [ 38.197577785000192, 6.319003268000131 ], [ 38.213893281000082, 6.330174559000113 ], [ 38.248603058000072, 6.336279819000083 ], [ 38.288230414000054, 6.359842237000066 ], [ 38.293151967000028, 6.397952940999971 ], [ 38.282933853000145, 6.408303044999968 ], [ 38.281051404000095, 6.441578183 ], [ 38.289540215000159, 6.42782862700011 ], [ 38.309313370000098, 6.419694531000175 ], [ 38.389274315000137, 6.416756544000179 ], [ 38.40446606200004, 6.396718149000151 ], [ 38.393861998000034, 6.368261250999979 ], [ 38.401403601000084, 6.355596820000073 ], [ 38.41612729000019, 6.369779311 ], [ 38.424347106000141, 6.368675131000145 ], [ 38.425391898000044, 6.290092588999983 ], [ 38.438971759000026, 6.216879246000133 ], [ 38.434682692000138, 6.19876580500005 ], [ 38.394218009999975, 6.1817727560001 ], [ 38.376973710000129, 6.164516717000083 ], [ 38.351505673000133, 6.096230788000071 ], [ 38.313880505000043, 6.027833492000127 ], [ 38.279240003000041, 6.006286885000179 ], [ 38.271710141000142, 5.986579348000021 ], [ 38.282259951000128, 5.970703664000041 ], [ 38.304543440000145, 5.979980626999975 ], [ 38.318949083, 5.975062712000124 ], [ 38.327529177000145, 5.95537227900013 ], [ 38.374809066000068, 5.943043287000023 ], [ 38.396085707000054, 5.920052383000041 ], [ 38.380878259000156, 5.903997631000038 ], [ 38.358138651000047, 5.902137461000109 ], [ 38.325329223000153, 5.868814446000101 ], [ 38.303749591999974, 5.861443774000122 ], [ 38.270430162000025, 5.868524416000128 ], [ 38.223380975000168, 5.8386116960001 ], [ 38.198391404000063, 5.849452678000034 ], [ 38.214811116000078, 5.893246647000069 ], [ 38.203731305000019, 5.935020423000026 ] ] ] ] } },
{ "type": "Feature", "properties": { "adm1_name": "South West Ethiopia", "adm1_name1": null, "adm1_name2": null, "adm1_name3": null, "adm1_pcode": "ET11", "adm0_name": "Ethiopia", "adm0_name1": null, "adm0_name2": null, "adm0_name3": null, "adm0_pcode": "ET", "valid_on": "2025-01-01", "valid_to": null, "area_sqkm": 39035.798506480001, "version": "v04", "lang": "en", "lang1": null, "lang2": null, "lang3": null, "adm1_ref_n": null, "center_lat": null, "center_lon": null }, "geometry": { "type": "Polygon", "coordinates": [ [ [ 35.352840000000185, 5.35069 ], [ 35.32625000000013, 5.35708000000011 ], [ 35.30305, 5.377360000000124 ], [ 35.27041, 5.438330000000121 ], [ 35.2927, 5.487640000000113 ], [ 35.28999, 5.50778 ], [ 35.103880000000117, 5.632500000000107 ], [ 35.10541, 5.68833 ], [ 34.986380000000111, 5.87805 ], [ 34.975830000000144, 5.96472 ], [ 34.98782, 6.01394 ], [ 34.981380000000115, 6.06111 ], [ 34.969720000000109, 6.086530000000153 ], [ 34.922430000000134, 6.13229 ], [ 34.87055, 6.237500000000125 ], [ 34.85638, 6.29111 ], [ 34.852922775000081, 6.33204939899997 ], [ 34.975365972000077, 6.301222047000181 ], [ 34.97728673000006, 6.292913684000098 ], [ 34.984970449000116, 6.298803941000131 ], [ 35.011289767000164, 6.28025950600005 ], [ 35.03826853400011, 6.304626489000157 ], [ 35.106107879000149, 6.318904831000054 ], [ 35.131504261000032, 6.395495062000123 ], [ 35.143421760000138, 6.397745007000026 ], [ 35.178499831000181, 6.379267700000014 ], [ 35.199465521000093, 6.410903987999973 ], [ 35.173851643000035, 6.466523021000171 ], [ 35.185577749000174, 6.489749267000093 ], [ 35.195342608000146, 6.597440954999968 ], [ 35.186250262000101, 6.626927301000023 ], [ 35.187500193000062, 6.656492827000079 ], [ 35.197662145000095, 6.680216191999989 ], [ 35.178220167000177, 6.709621103000188 ], [ 35.179559546000064, 6.727364908000027 ], [ 35.079861794000067, 6.81079876900003 ], [ 34.933660998000164, 6.796293009000124 ], [ 34.968994400000156, 6.859264409000161 ], [ 34.992364608000059, 6.864031074000081 ], [ 34.997882971000024, 6.892863830000067 ], [ 34.911325456000043, 6.988154524000095 ], [ 34.90208104300018, 7.030915407000123 ], [ 34.884340418000193, 7.030759646000092 ], [ 34.877082333000146, 7.06979026900018 ], [ 34.892672517999983, 7.091504588000134 ], [ 34.890591089000168, 7.159336462000169 ], [ 34.898093041000038, 7.184790768000028 ], [ 34.942449190000048, 7.19290841000003 ], [ 34.965621224000074, 7.215074367000057 ], [ 34.970159702000103, 7.234028107000142 ], [ 34.977894689000152, 7.213275549000116 ], [ 35.020813335000128, 7.185781798000164 ], [ 35.053913519000105, 7.184263486000134 ], [ 35.083710156000166, 7.124841251000021 ], [ 35.114266402999988, 7.102144963000057 ], [ 35.20456386800015, 7.099613933000057 ], [ 35.218412744000091, 7.108032604000073 ], [ 35.234459906000041, 7.137931503000061 ], [ 35.264621891000104, 7.13623258299998 ], [ 35.299889315000144, 7.11577270700019 ], [ 35.313603505000117, 7.115253651000046 ], [ 35.330781491000153, 7.127092152000159 ], [ 35.371767484000031, 7.116981183000178 ], [ 35.380350540000165, 7.122820944000068 ], [ 35.333986430000039, 7.17993301000007 ], [ 35.372857634000184, 7.231027526000105 ], [ 35.345808364000106, 7.238978042000156 ], [ 35.353379215000132, 7.262397089000103 ], [ 35.374913325000193, 7.289975546000164 ], [ 35.392298410000024, 7.396183099000098 ], [ 35.367835393, 7.414628042000061 ], [ 35.373648242000058, 7.427978167000049 ], [ 35.355809000000136, 7.436700194000082 ], [ 35.345310669000071, 7.452871979000065 ], [ 35.320055048000029, 7.463008334000051 ], [ 35.309554712000022, 7.479178306 ], [ 35.209512077000056, 7.471867610000174 ], [ 35.189252435000071, 7.455626145000053 ], [ 35.161412898000151, 7.471357534000049 ], [ 35.122402105999981, 7.478600811000092 ], [ 35.138082805000067, 7.512076175000175 ], [ 35.171916384000042, 7.532753644000138 ], [ 35.166305223000165, 7.61487082900004 ], [ 35.145658908000144, 7.63024023000014 ], [ 35.115636627000072, 7.630795768000098 ], [ 35.11603360700019, 7.645092153000178 ], [ 35.172934602000055, 7.654229187000169 ], [ 35.212324139000032, 7.651496985000051 ], [ 35.22032125800007, 7.662597221000112 ], [ 35.222732824000161, 7.703102542000181 ], [ 35.275566916000059, 7.74600805200015 ], [ 35.340877649000106, 7.776610678000054 ], [ 35.342029587000184, 7.821368869000082 ], [ 35.349859201000186, 7.834874142000103 ], [ 35.358051522000096, 7.84299441800016 ], [ 35.389141341000027, 7.827023693000058 ], [ 35.400578841000083, 7.829573682000103 ], [ 35.433531098000174, 7.882756181000161 ], [ 35.474310848000073, 7.873505752000085 ], [ 35.520725584000161, 7.8956067310001 ], [ 35.544400425000163, 7.83099382 ], [ 35.554630358000054, 7.82021333400013 ], [ 35.589620153000112, 7.808632804000126 ], [ 35.618279986000061, 7.814743066000119 ], [ 35.693729554000129, 7.86435527000009 ], [ 35.716439421000075, 7.855474859000083 ], [ 35.739539285000149, 7.866625353000074 ], [ 35.776066029000106, 7.899170272000163 ], [ 35.799921729000062, 7.940669771000046 ], [ 35.738512741000136, 7.988824024000053 ], [ 35.722852992000014, 8.022467005000067 ], [ 35.728003735000129, 8.039569454000173 ], [ 35.76576921200018, 8.081234959000142 ], [ 35.860868654000171, 8.077234741000098 ], [ 35.872718576000125, 8.058773906 ], [ 35.905128344000104, 7.946018852000066 ], [ 35.886874435000152, 7.89253824400015 ], [ 35.848618632000012, 7.838964073 ], [ 35.941628057000059, 7.773921118000089 ], [ 35.997237715999972, 7.745119799000122 ], [ 36.020557553000117, 7.692017406000105 ], [ 36.041897424000183, 7.674366604000056 ], [ 36.051907352000057, 7.653905677000068 ], [ 36.032487444000139, 7.591452878000041 ], [ 36.03532741700019, 7.572582032000071 ], [ 36.045067358000097, 7.565481707000117 ], [ 36.086947099000156, 7.553891164000049 ], [ 36.127616857000078, 7.555641226000091 ], [ 36.156556678000129, 7.542620626000144 ], [ 36.224696245000132, 7.484387976000107 ], [ 36.301755766000099, 7.449876385000039 ], [ 36.348665484000094, 7.445416163000118 ], [ 36.374635311000077, 7.415574806000052 ], [ 36.406295123000177, 7.408544479000057 ], [ 36.483919654000033, 7.416009775000077 ], [ 36.598333941000021, 7.369032600000139 ], [ 36.632953738000026, 7.377862983000057 ], [ 36.651743607000128, 7.345011488000182 ], [ 36.672563472000149, 7.328040718000011 ], [ 36.791112613000166, 7.252283413000157 ], [ 36.840936200000101, 7.325989875000062 ], [ 36.879154575000143, 7.329694398000072 ], [ 36.95546430700017, 7.260490995000168 ], [ 36.96579892, 7.241924506999965 ], [ 36.964645170000097, 7.224732706000111 ], [ 37.039511190000042, 7.240016542000092 ], [ 37.104830783000125, 7.224495804000071 ], [ 37.128590638000048, 7.228445968000017 ], [ 37.154180492000137, 7.240666506000082 ], [ 37.237830025, 7.312059669000178 ], [ 37.287639735000141, 7.334420649000037 ], [ 37.331224325000164, 7.343444724000051 ], [ 37.349479886000097, 7.35773547600013 ], [ 37.356459487000052, 7.278043709000144 ], [ 37.374285316000112, 7.251456135000126 ], [ 37.402646895000089, 7.246221451000054 ], [ 37.415378060000194, 7.229877349000105 ], [ 37.440087652000102, 7.220296753000184 ], [ 37.464332570000067, 7.199061273000154 ], [ 37.508622944000081, 7.215597063000132 ], [ 37.527291078000133, 7.204336511000179 ], [ 37.527170937000051, 7.184553106000067 ], [ 37.496107017000043, 7.152989662000095 ], [ 37.455444102000058, 7.13519806100004 ], [ 37.459723258999986, 7.09888169400017 ], [ 37.441051450000089, 7.052990136000062 ], [ 37.445722841000133, 7.041162167999971 ], [ 37.432363296000119, 7.025805335000086 ], [ 37.421132144000069, 6.961003137999967 ], [ 37.434974637999971, 6.894799343000102 ], [ 37.416474561000086, 6.871291499000165 ], [ 37.388620472000127, 6.86083908300003 ], [ 37.338039243000026, 6.874518833000025 ], [ 37.334432743000093, 6.865271475000156 ], [ 37.304744416000062, 6.859975918000146 ], [ 37.280252381000139, 6.820964755000034 ], [ 37.267747511000039, 6.777163616000166 ], [ 37.243941635000169, 6.761236353000129 ], [ 37.249416999, 6.742560857000171 ], [ 37.224905459000183, 6.721240484000077 ], [ 37.222493848000056, 6.699987937000174 ], [ 37.228819652000141, 6.697594539000022 ], [ 37.232800671000064, 6.671807544000046 ], [ 37.241989796000041, 6.668152749000114 ], [ 37.237328268000169, 6.653542828000184 ], [ 37.199877374000152, 6.648671170000114 ], [ 37.182033540000077, 6.666882897 ], [ 37.146612006000055, 6.669717504000175 ], [ 37.104424175000077, 6.633961711000154 ], [ 37.064836762000084, 6.626249720000033 ], [ 37.02575260600014, 6.594711950000033 ], [ 37.003502849000085, 6.58960011500011 ], [ 36.988052270000082, 6.603162614999974 ], [ 36.989134271000182, 6.679881381000087 ], [ 36.968465443000127, 6.693222842000068 ], [ 36.93229442, 6.703883515000086 ], [ 36.888773581, 6.686813156000142 ], [ 36.866842965000046, 6.66846283100017 ], [ 36.820287811000071, 6.681543685000122 ], [ 36.779806627000141, 6.710629277000066 ], [ 36.708785880000164, 6.710652776000188 ], [ 36.682050495000055, 6.691513721000149 ], [ 36.671804399000166, 6.656941226000129 ], [ 36.61964445000018, 6.629324600000075 ], [ 36.60023980200009, 6.627329890000055 ], [ 36.570636953000076, 6.582557839000117 ], [ 36.550090307000175, 6.578375460000188 ], [ 36.489933075000067, 6.533931398000107 ], [ 36.461771067000029, 6.528785681000045 ], [ 36.417727680000098, 6.476416473000029 ], [ 36.38412136200003, 6.458868241000118 ], [ 36.361144391999972, 6.469150391000142 ], [ 36.348595879000072, 6.459784249000052 ], [ 36.323350726, 6.458356873000071 ], [ 36.306703766000055, 6.426370729000098 ], [ 36.266118796000058, 6.391658065000172 ], [ 36.248802682000132, 6.38502139000019 ], [ 36.237174027000094, 6.38923463000009 ], [ 36.186975018, 6.443233122000095 ], [ 36.128100404000179, 6.432613854000181 ], [ 36.100092613000186, 6.406244185000162 ], [ 36.068871604000037, 6.354932694000013 ], [ 36.039131342000076, 6.347126189000107 ], [ 36.035333184000081, 6.331596133000176 ], [ 36.059071752000079, 6.307414026000117 ], [ 36.044589855000083, 6.293041782000046 ], [ 36.039392145000079, 6.271332981 ], [ 36.027033560000064, 6.275093286000185 ], [ 35.992205013000046, 6.25771196200003 ], [ 35.956721498000036, 6.225570251000079 ], [ 35.967616646000181, 6.207210981000173 ], [ 35.962271506000036, 6.180711116 ], [ 35.977742533000139, 6.166221135000058 ], [ 35.952889097000082, 6.166839686000174 ], [ 35.933929069000044, 6.131447797000078 ], [ 35.950362939000172, 6.122391318000098 ], [ 35.949252841000146, 6.098887010000112 ], [ 35.973319711000158, 6.097778385000083 ], [ 35.994821041000137, 6.084648610999977 ], [ 35.982138292000172, 6.052006639000126 ], [ 36.008553450000136, 5.997335860000078 ], [ 36.003157401000124, 5.974374029999979 ], [ 35.977710228000035, 5.948063972 ], [ 35.98964154500004, 5.92601380800005 ], [ 35.987696673000073, 5.896311113000138 ], [ 35.96842326400008, 5.869794396000032 ], [ 35.973435767000126, 5.840364029000057 ], [ 35.960893796000107, 5.834615714000051 ], [ 35.966925125000046, 5.800388698000177 ], [ 35.96228273700018, 5.782794836000164 ], [ 35.978500105000137, 5.759599739000066 ], [ 35.975788396000041, 5.727816879000045 ], [ 35.959034668000072, 5.700672012000041 ], [ 35.970234530000027, 5.694347645000164 ], [ 35.958245531000102, 5.683977357000117 ], [ 35.968193095000174, 5.682272794000028 ], [ 35.951573150000172, 5.651032429000054 ], [ 35.87741600600009, 5.673151982000149 ], [ 35.806852352000192, 5.665838864000079 ], [ 35.753842744000167, 5.600657981000097 ], [ 35.757041116000096, 5.345433895999975 ], [ 35.726240000000132, 5.364440000000116 ], [ 35.50471, 5.43139 ], [ 35.443710000000181, 5.425520000000176 ], [ 35.41909, 5.398400000000152 ], [ 35.352840000000185, 5.35069 ] ] ] } },
{ "type": "Feature", "properties": { "adm1_name": "Gambela", "adm1_name1": null, "adm1_name2": null, "adm1_name3": null, "adm1_pcode": "ET12", "adm0_name": "Ethiopia", "adm0_name1": null, "adm0_name2": null, "adm0_name3": null, "adm0_pcode": "ET", "valid_on": "2025-01-01", "valid_to": null, "area_sqkm": 31245.587306550002, "version": "v04", "lang": "en", "lang1": null, "lang2": null, "lang3": null, "adm1_ref_n": null, "center_lat": null, "center_lon": null }, "geometry": { "type": "Polygon", "coordinates": [ [ [ 34.027710000000127, 7.37868 ], [ 33.88555, 7.525420000000167 ], [ 33.71249, 7.658470000000136 ], [ 33.647220000000118, 7.685 ], [ 33.46444, 7.74403 ], [ 33.05222, 7.79069 ], [ 33.014970000000119, 7.846060000000136 ], [ 32.996830000000102, 7.88722 ], [ 32.9918, 7.92604 ], [ 33.03194, 7.99739 ], [ 33.12138, 8.10097 ], [ 33.162770000000194, 8.115 ], [ 33.185920000000181, 8.14029 ], [ 33.16083, 8.35653 ], [ 33.171250000000157, 8.399790000000166 ], [ 33.26354, 8.46153 ], [ 33.380830000000117, 8.43792 ], [ 33.508610000000147, 8.466200000000129 ], [ 33.63437, 8.46715 ], [ 33.66999, 8.43708 ], [ 33.69048, 8.39548 ], [ 33.71527, 8.375070000000107 ], [ 33.77133, 8.36775 ], [ 33.81874, 8.41153 ], [ 33.852490000000103, 8.42583000000019 ], [ 33.97076, 8.43757 ], [ 34.070830000000115, 8.52333 ], [ 34.12166, 8.579580000000135 ], [ 34.124245703000042, 8.651479982000126 ], [ 34.189639021000119, 8.651632735000078 ], [ 34.22351863200015, 8.669767441999966 ], [ 34.255733657000121, 8.70263865700008 ], [ 34.279388977, 8.708837029000108 ], [ 34.312429023000107, 8.682099813000093 ], [ 34.345471368000176, 8.600099974000102 ], [ 34.358223376000126, 8.522043527999983 ], [ 34.357432848000087, 8.499928235000084 ], [ 34.313296408000042, 8.389928504000125 ], [ 34.347280143000148, 8.376647333000165 ], [ 34.522687101000031, 8.475544933000037 ], [ 34.556526754000117, 8.455134120000082 ], [ 34.574273499000071, 8.403479556999969 ], [ 34.728751828000156, 8.390022244000022 ], [ 34.785250433000101, 8.355242661000148 ], [ 34.795072045999973, 8.326909195999974 ], [ 34.785803330000135, 8.303639340000018 ], [ 34.826427111000044, 8.261935566000034 ], [ 34.855094825000037, 8.250647129000129 ], [ 34.964792083000134, 8.247346959000083 ], [ 35.018258912000078, 8.219643652 ], [ 35.073245997000072, 8.220184827000139 ], [ 35.118913490000182, 8.200608826000177 ], [ 35.138131458000089, 8.181827079000016 ], [ 35.157659299000159, 8.136710000000107 ], [ 35.143271224000102, 8.142853244000037 ], [ 35.103878786, 8.115117707000138 ], [ 35.089087727000049, 8.113922156000058 ], [ 35.117936250000184, 8.082588241000167 ], [ 35.140716397000176, 8.021689461000051 ], [ 35.141024095000091, 7.989027562000047 ], [ 35.108557973000188, 7.957113076000155 ], [ 35.048340566000036, 7.954436467000107 ], [ 35.008480071, 7.923502092000035 ], [ 35.013101335000101, 7.882457938000073 ], [ 35.00061526900015, 7.862321638000026 ], [ 34.950686634000022, 7.890286446000175 ], [ 34.932276357999967, 7.827954211000133 ], [ 34.937111947000119, 7.764793453000038 ], [ 34.931977556000163, 7.728168627000173 ], [ 34.995473251000135, 7.747974243000044 ], [ 35.077095841000073, 7.731005248000145 ], [ 35.11603360700019, 7.645092153000178 ], [ 35.115636627000072, 7.630795768000098 ], [ 35.145658908000144, 7.63024023000014 ], [ 35.166305223000165, 7.61487082900004 ], [ 35.171916384000042, 7.532753644000138 ], [ 35.138082805000067, 7.512076175000175 ], [ 35.122402105999981, 7.478600811000092 ], [ 35.161412898000151, 7.471357534000049 ], [ 35.189252435000071, 7.455626145000053 ], [ 35.209512077000056, 7.471867610000174 ], [ 35.309554712000022, 7.479178306 ], [ 35.320055048000029, 7.463008334000051 ], [ 35.345310669000071, 7.452871979000065 ], [ 35.355809000000136, 7.436700194000082 ], [ 35.373648242000058, 7.427978167000049 ], [ 35.367835393, 7.414628042000061 ], [ 35.392298410000024, 7.396183099000098 ], [ 35.387543648000076, 7.35066745000006 ], [ 35.370291530000145, 7.277360543999976 ], [ 35.353379215000132, 7.262397089000103 ], [ 35.345808364000106, 7.238978042000156 ], [ 35.372857634000184, 7.231027526000105 ], [ 35.333986430000039, 7.17993301000007 ], [ 35.380350540000165, 7.122820944000068 ], [ 35.371767484000031, 7.116981183000178 ], [ 35.330781491000153, 7.127092152000159 ], [ 35.313603505000117, 7.115253651000046 ], [ 35.299889315000144, 7.11577270700019 ], [ 35.264621891000104, 7.13623258299998 ], [ 35.234459906000041, 7.137931503000061 ], [ 35.218412744000091, 7.108032604000073 ], [ 35.20456386800015, 7.099613933000057 ], [ 35.114266402999988, 7.102144963000057 ], [ 35.083710156000166, 7.124841251000021 ], [ 35.053913519000105, 7.184263486000134 ], [ 35.020813335000128, 7.185781798000164 ], [ 34.977894689000152, 7.213275549000116 ], [ 34.970159702000103, 7.234028107000142 ], [ 34.965621224000074, 7.215074367000057 ], [ 34.942449190000048, 7.19290841000003 ], [ 34.898093041000038, 7.184790768000028 ], [ 34.890591089000168, 7.159336462000169 ], [ 34.892672517999983, 7.091504588000134 ], [ 34.877082333000146, 7.06979026900018 ], [ 34.884340418000193, 7.030759646000092 ], [ 34.90208104300018, 7.030915407000123 ], [ 34.911325456000043, 6.988154524000095 ], [ 34.997882971000024, 6.892863830000067 ], [ 34.992364608000059, 6.864031074000081 ], [ 34.968994400000156, 6.859264409000161 ], [ 34.933660998000164, 6.796293009000124 ], [ 35.079861794000067, 6.81079876900003 ], [ 35.179559546000064, 6.727364908000027 ], [ 35.178220167000177, 6.709621103000188 ], [ 35.197662145000095, 6.680216191999989 ], [ 35.187500193000062, 6.656492827000079 ], [ 35.186250262000101, 6.626927301000023 ], [ 35.195342608000146, 6.597440954999968 ], [ 35.185577749000174, 6.489749267000093 ], [ 35.173851643000035, 6.466523021000171 ], [ 35.199465521000093, 6.410903987999973 ], [ 35.178499831000181, 6.379267700000014 ], [ 35.143421760000138, 6.397745007000026 ], [ 35.131504261000032, 6.395495062000123 ], [ 35.106107879000149, 6.318904831000054 ], [ 35.03826853400011, 6.304626489000157 ], [ 35.011289767000164, 6.28025950600005 ], [ 34.984970449000116, 6.298803941000131 ], [ 34.97728673000006, 6.292913684000098 ], [ 34.975365972000077, 6.301222047000181 ], [ 34.852922775000081, 6.33204939899997 ], [ 34.850000000000136, 6.366660000000138 ], [ 34.756990000000144, 6.613780000000133 ], [ 34.70472, 6.67778 ], [ 34.654720000000168, 6.716670000000136 ], [ 34.63208, 6.729030000000137 ], [ 34.55361, 6.73569 ], [ 34.52882, 6.74722 ], [ 34.4718, 6.914310000000171 ], [ 34.360970000000179, 6.959030000000155 ], [ 34.299570000000131, 6.964320000000157 ], [ 34.23569, 7.01972 ], [ 34.19389, 7.09 ], [ 34.163330000000144, 7.17167000000012 ], [ 34.09916, 7.199720000000184 ], [ 34.02708, 7.24812 ], [ 34.03278, 7.30444 ], [ 34.027710000000127, 7.37868 ] ] ] } },
{ "type": "Feature", "properties": { "adm1_name": "Harari", "adm1_name1": null, "adm1_name2": null, "adm1_name3": null, "adm1_pcode": "ET13", "adm0_name": "Ethiopia", "adm0_name1": null, "adm0_name2": null, "adm0_name3": null, "adm0_pcode": "ET", "valid_on": "2025-01-01", "valid_to": null, "area_sqkm": 370.77594202, "version": "v04", "lang": "en", "lang1": null, "lang2": null, "lang3": null, "adm1_ref_n": null, "center_lat": null, "center_lon": null }, "geometry": { "type": "Polygon", "coordinates": [ [ [ 42.250309142000106, 9.285532357000079 ], [ 42.27203898800019, 9.21566739400015 ], [ 42.259448868000163, 9.19227247300006 ], [ 42.233718742000178, 9.185912564000091 ], [ 42.197458721000032, 9.219872631000044 ], [ 42.148558487000173, 9.206262811000158 ], [ 42.112408425000126, 9.230742891999967 ], [ 42.073688238000159, 9.220963026000106 ], [ 42.061332213000185, 9.226459058999978 ], [ 42.058878278000122, 9.249433034999981 ], [ 42.070468498000025, 9.303942920999987 ], [ 42.12914901400012, 9.388672600000064 ], [ 42.146619073000124, 9.387512541000092 ], [ 42.168579082000122, 9.362832511000022 ], [ 42.187439149, 9.361682445000042 ], [ 42.238079427000116, 9.384942246000151 ], [ 42.252999476000127, 9.383802192000132 ], [ 42.270312659000069, 9.361664396000094 ], [ 42.258519333000038, 9.334412256000121 ], [ 42.266049283000143, 9.309772269000064 ], [ 42.250309142000106, 9.285532357000079 ] ] ] } },
{ "type": "Feature", "properties": { "adm1_name": "Addis Ababa", "adm1_name1": null, "adm1_name2": null, "adm1_name3": null, "adm1_pcode": "ET14", "adm0_name": "Ethiopia", "adm0_name1": null, "adm0_name2": null, "adm0_name3": null, "adm0_pcode": "ET", "valid_on": "2025-01-01", "valid_to": null, "area_sqkm": 539.62637558999995, "version": "v04", "lang": "en", "lang1": null, "lang2": null, "lang3": null, "adm1_ref_n": null, "center_lat": null, "center_lon": null }, "geometry": { "type": "Polygon", "coordinates": [ [ [ 38.743712042000141, 8.90113806200003 ], [ 38.70196616200019, 8.925628316000086 ], [ 38.693844563000084, 8.941897666000102 ], [ 38.68064233900003, 8.941089926000075 ], [ 38.676227154, 8.957604862000153 ], [ 38.642818508000119, 8.965853421000077 ], [ 38.639405387000068, 8.97403583300013 ], [ 38.654644678000068, 8.976936648000049 ], [ 38.659386470000186, 8.985402486000112 ], [ 38.651942039000176, 9.010284438000042 ], [ 38.667036364000012, 9.010027781000019 ], [ 38.68540800500017, 9.073027127000103 ], [ 38.765214224000033, 9.098150301000089 ], [ 38.791311791999988, 9.077681516000155 ], [ 38.876320806000194, 9.081584122000095 ], [ 38.905000952000194, 9.009499839000057 ], [ 38.90624370900008, 8.977418691000025 ], [ 38.896759233000125, 8.937026941000056 ], [ 38.855555243000026, 8.938292853000178 ], [ 38.879447092000078, 8.918314232000114 ], [ 38.868717092000054, 8.873035683000182 ], [ 38.863808972000072, 8.882850647000112 ], [ 38.826001429000087, 8.880187270000135 ], [ 38.824393004000171, 8.841332266000109 ], [ 38.780594873000155, 8.835919558000057 ], [ 38.772991760000139, 8.857467391000114 ], [ 38.756465000000162, 8.853240602000028 ], [ 38.745517604000099, 8.86342367300017 ], [ 38.743712042000141, 8.90113806200003 ] ] ] } },
{ "type": "Feature", "properties": { "adm1_name": "Dire Dawa", "adm1_name1": null, "adm1_name2": null, "adm1_name3": null, "adm1_pcode": "ET15", "adm0_name": "Ethiopia", "adm0_name1": null, "adm0_name2": null, "adm0_name3": null, "adm0_pcode": "ET", "valid_on": "2025-01-01", "valid_to": null, "area_sqkm": 1053.31892307, "version": "v04", "lang": "en", "lang1": null, "lang2": null, "lang3": null, "adm1_ref_n": null, "center_lat": null, "center_lon": null }, "geometry": { "type": "Polygon", "coordinates": [ [ [ 41.982523831000037, 9.508492896 ], [ 41.913378429000034, 9.472463175000087 ], [ 41.859708268000134, 9.48801333 ], [ 41.815198051000039, 9.476743490000104 ], [ 41.772997927000119, 9.49105360700014 ], [ 41.734617702000037, 9.471483758000147 ], [ 41.728027738000151, 9.489033754000047 ], [ 41.749068191000106, 9.600553523000031 ], [ 41.748601873999974, 9.636353472000167 ], [ 41.773828470000012, 9.653703360000065 ], [ 41.808678563000058, 9.64055326600004 ], [ 41.873238977000142, 9.683882986000128 ], [ 41.906139095000015, 9.679302884000037 ], [ 42.00838931800007, 9.622162633000073 ], [ 42.030809393000027, 9.618482565000079 ], [ 42.18577054800005, 9.773561785000027 ], [ 42.213350694000155, 9.783741669000165 ], [ 42.250990849000118, 9.783491543000082 ], [ 42.339772808000134, 9.719617623000147 ], [ 42.258635415000072, 9.651581739000108 ], [ 42.200530191000155, 9.653141934000132 ], [ 42.124859761000096, 9.61452225000005 ], [ 42.13340968100016, 9.582492279000121 ], [ 42.152599667000061, 9.556372258000124 ], [ 42.138899537000157, 9.53469233300018 ], [ 42.081059154000059, 9.488162599000191 ], [ 42.074771083000144, 9.473716646000128 ], [ 42.019098978000159, 9.508172774 ], [ 41.982523831000037, 9.508492896 ] ] ] } },
{ "type": "Feature", "properties": { "adm1_name": "Sidama", "adm1_name1": null, "adm1_name2": null, "adm1_name3": null, "adm1_pcode": "ET16", "adm0_name": "Ethiopia", "adm0_name1": null, "adm0_name2": null, "adm0_name3": null, "adm0_pcode": "ET", "valid_on": "2025-01-01", "valid_to": null, "area_sqkm": 6776.7117796499997, "version": "v04", "lang": "en", "lang1": null, "lang2": null, "lang3": null, "adm1_ref_n": null, "center_lat": null, "center_lon": null }, "geometry": { "type": "Polygon", "coordinates": [ [ [ 38.449285772000167, 6.413040543000079 ], [ 38.427645317999975, 6.385945006000043 ], [ 38.424347106000141, 6.368675131000145 ], [ 38.41612729000019, 6.369779311 ], [ 38.402736425000057, 6.355070756000089 ], [ 38.393861998000034, 6.368261250999979 ], [ 38.40446606200004, 6.396718149000151 ], [ 38.394254145000048, 6.413866506000147 ], [ 38.308595304000164, 6.41993289300018 ], [ 38.289540215000159, 6.42782862700011 ], [ 38.285694994000039, 6.440148725000029 ], [ 38.24559052900014, 6.468228601000078 ], [ 38.170621815000061, 6.449826935000033 ], [ 38.155222080000158, 6.439255981999963 ], [ 38.143491266000126, 6.458191833000058 ], [ 38.149683719000109, 6.496589192000158 ], [ 38.139280388000088, 6.506002737000017 ], [ 38.114510558000177, 6.499561886000095 ], [ 38.090731515000073, 6.526068446000181 ], [ 38.05159517900006, 6.534738812000114 ], [ 38.012433488000113, 6.585484843000131 ], [ 38.009594748999973, 6.617068244000109 ], [ 38.019388640000045, 6.665603544000135 ], [ 38.035055641000042, 6.672052939000025 ], [ 38.035690407000175, 6.685415855000088 ], [ 38.049927407000098, 6.693215047000024 ], [ 38.070826097000122, 6.771877416000109 ], [ 38.131134607000092, 6.911861565000152 ], [ 38.129111162000129, 6.931386024000119 ], [ 38.136591922000036, 6.939727871000116 ], [ 38.130154270000105, 6.974009886000033 ], [ 38.146584174000054, 6.977463948000036 ], [ 38.193793906000167, 7.012345484000093 ], [ 38.237920596000095, 7.02005471300015 ], [ 38.254430708000143, 7.059897726000145 ], [ 38.305258961999982, 7.121612751000043 ], [ 38.321894933000067, 7.161742447 ], [ 38.342193101000191, 7.164452227000027 ], [ 38.378072847000055, 7.129760635000082 ], [ 38.400632700000131, 7.121470242000044 ], [ 38.4425483280001, 7.126812556000118 ], [ 38.460022326000114, 7.118190046000109 ], [ 38.463912287000028, 7.099829213000135 ], [ 38.480022182000084, 7.090398776000143 ], [ 38.546114525000178, 7.090876842000057 ], [ 38.583641554000167, 7.126290302000086 ], [ 38.611491380000189, 7.124180187000036 ], [ 38.630341248000036, 7.110849564999967 ], [ 38.64617113900016, 7.09554310600015 ], [ 38.63695117400016, 7.06609754699997 ], [ 38.668000970000094, 7.05985724400017 ], [ 38.680870877000132, 7.048356713000089 ], [ 38.677412797000159, 7.005354711000109 ], [ 38.689381633000153, 7.000867257000095 ], [ 38.697659787000134, 7.013830057000064 ], [ 38.710500658000058, 7.012985094000044 ], [ 38.714380616000085, 6.991414114000179 ], [ 38.711167949000128, 6.973757076000084 ], [ 38.694770716000107, 6.957492603000048 ], [ 38.704630624000174, 6.930631385000083 ], [ 38.699760634000143, 6.903340156000013 ], [ 38.714084698000136, 6.860577375000048 ], [ 38.639853442000117, 6.812686850000034 ], [ 38.635670932000096, 6.771714267 ], [ 38.658210783000129, 6.769624153999985 ], [ 38.678420642000162, 6.748963198000069 ], [ 38.705550464000112, 6.742042868 ], [ 38.742290194000077, 6.700940976000084 ], [ 38.817929714000059, 6.703611031000094 ], [ 38.833539606000045, 6.691660483000021 ], [ 38.837751030000163, 6.674915718000022 ], [ 38.934424959000125, 6.655611414000077 ], [ 38.949423820999982, 6.643803218000073 ], [ 38.941678844000194, 6.61033670900008 ], [ 38.959640225000101, 6.60087935100006 ], [ 39.032198258000165, 6.61180669700002 ], [ 39.059308084, 6.608786533999989 ], [ 39.064525077000098, 6.598816795000118 ], [ 39.048448124000117, 6.569824785000094 ], [ 39.052568086000122, 6.556984197000133 ], [ 39.086217855000143, 6.545168636000085 ], [ 39.096617764000086, 6.521612558000072 ], [ 39.095397734000073, 6.472090315000059 ], [ 39.127387417000193, 6.344354499000076 ], [ 39.119546178000064, 6.298994291000042 ], [ 39.090850623000165, 6.270802640999989 ], [ 39.085967610000125, 6.252010342000062 ], [ 39.113207371000044, 6.176556888 ], [ 39.13185995300006, 6.158786172000134 ], [ 39.079716255999983, 6.153000181000039 ], [ 39.03448703000015, 6.137438774000088 ], [ 38.960598297000161, 6.159270747000164 ], [ 38.874109772000054, 6.300833539 ], [ 38.757956764000141, 6.40906830400013 ], [ 38.738652093000042, 6.408953289000124 ], [ 38.707162634000099, 6.392451803000085 ], [ 38.661453411000025, 6.419084203000125 ], [ 38.645016020000071, 6.423178951000182 ], [ 38.626744008000117, 6.417034019000141 ], [ 38.566545038000129, 6.440456127000061 ], [ 38.475286600000118, 6.430375209000147 ], [ 38.449285772000167, 6.413040543000079 ] ] ] } },
{ "type": "Feature", "properties": { "adm1_name": "Contested", "adm1_name1": null, "adm1_name2": null, "adm1_name3": null, "adm1_pcode": "ET99", "adm0_name": "Ethiopia", "adm0_name1": null, "adm0_name2": null, "adm0_name3": null, "adm0_pcode": "ET", "valid_on": "2025-01-01", "valid_to": null, "area_sqkm": 18698.786521419999, "version": "v04", "lang": "en", "lang1": null, "lang2": null, "lang3": null, "adm1_ref_n": null, "center_lat": null, "center_lon": null }, "geometry": { "type": "MultiPolygon", "coordinates": [ [ [ [ 37.759926005000125, 13.590998005000188 ], [ 37.727027012, 13.563421897000069 ], [ 37.714425549000168, 13.542012677000059 ], [ 37.690896724000027, 13.484688629000061 ], [ 37.694142437000096, 13.472426752000104 ], [ 37.676794297000185, 13.450687568000149 ], [ 37.656563967000181, 13.441373463000161 ], [ 37.637097256000175, 13.413895488000094 ], [ 37.552001122000092, 13.388603948000025 ], [ 37.517780528000173, 13.36647495200009 ], [ 37.471474858000079, 13.366936788000146 ], [ 37.440505834000078, 13.35409430600015 ], [ 37.415816650000068, 13.373968391000062 ], [ 37.395817856000065, 13.357776969000099 ], [ 37.365241889000174, 13.359850854000058 ], [ 37.355384239000045, 13.351342339000098 ], [ 37.350409733000049, 13.326731793000022 ], [ 37.321827248000091, 13.297177615000066 ], [ 37.280647187000113, 13.284943967000174 ], [ 37.250517199000114, 13.294993971000054 ], [ 37.239752410000165, 13.276930645000107 ], [ 37.224398829000165, 13.274730585000157 ], [ 37.204709119000142, 13.255712391000088 ], [ 37.185726628000111, 13.282550094000101 ], [ 37.15774619900003, 13.297806598000136 ], [ 37.098737854000035, 13.316356616 ], [ 37.078374033000102, 13.311815581000076 ], [ 37.034955552000042, 13.353264047000096 ], [ 36.964487847000157, 13.369635152000114 ], [ 36.956890105000184, 13.362378047000163 ], [ 36.938587688000098, 13.379983397000046 ], [ 36.929672897000103, 13.372127957000032 ], [ 36.919192014000032, 13.376823803999969 ], [ 36.895540236000102, 13.406913268000039 ], [ 36.881178028000136, 13.407483369000033 ], [ 36.843696590999969, 13.440939619000119 ], [ 36.824789940000187, 13.448246112000106 ], [ 36.817147515000102, 13.446529213000076 ], [ 36.808622144000026, 13.418499846000032 ], [ 36.783219823000138, 13.402886462000083 ], [ 36.766943716000185, 13.37812810700018 ], [ 36.734659852999982, 13.363072466000119 ], [ 36.685101069000041, 13.374785176000046 ], [ 36.664595514000098, 13.366565204000096 ], [ 36.635779662000061, 13.382451577000154 ], [ 36.60480770800018, 13.377627433000157 ], [ 36.569510996000076, 13.425268509000091 ], [ 36.566421944000069, 13.446200745000056 ], [ 36.57431031800013, 13.477864165000142 ], [ 36.601122891000045, 13.498425464000093 ], [ 36.564711750000185, 13.533001045000162 ], [ 36.55469238600017, 13.571281353000018 ], [ 36.519556105000106, 13.585511773000121 ], [ 36.526074354, 13.606487345000119 ], [ 36.50439169800012, 13.665134416000058 ], [ 36.475796428000081, 13.700421448999975 ], [ 36.483836159000134, 13.727104541000131 ], [ 36.453524516000073, 13.762965645000065 ], [ 36.486940000000175, 13.83944 ], [ 36.44639, 13.95694 ], [ 36.542820000000177, 14.262050000000102 ], [ 36.55273739800009, 14.278901204000135 ], [ 36.614275634000194, 14.292427712000062 ], [ 36.628806866000104, 14.307589914000118 ], [ 36.685778599000116, 14.295905838000067 ], [ 36.746483752000188, 14.317707394000024 ], [ 36.824891034000188, 14.313709344000188 ], [ 36.832208877000028, 14.306866767000031 ], [ 36.863263550000056, 14.317819457000155 ], [ 36.94372560100004, 14.289098053000146 ], [ 36.96923397400019, 14.287088146000031 ], [ 36.990331588000174, 14.259755383000083 ], [ 37.0175166840001, 14.250591909000036 ], [ 37.043557621000105, 14.266419265000081 ], [ 37.065142907000109, 14.261925494000138 ], [ 37.093755118000047, 14.271675081000069 ], [ 37.103384651000056, 14.29076810600003 ], [ 37.102527668000107, 14.343399381000097 ], [ 37.133841490000179, 14.405419887 ], [ 37.164167478000081, 14.417256166000129 ], [ 37.17969781000005, 14.414514492000137 ], [ 37.219015151000065, 14.438943632000075 ], [ 37.247851065000134, 14.429494461000104 ], [ 37.307909880000182, 14.442622822000033 ], [ 37.336695938, 14.411113682000121 ], [ 37.349539168000035, 14.413160842000025 ], [ 37.347820905000049, 14.401874241000087 ], [ 37.371489834000101, 14.381920039000022 ], [ 37.371830836000072, 14.372401465999985 ], [ 37.391487636000079, 14.365260928000168 ], [ 37.379702609000105, 14.342450927000186 ], [ 37.402662792000115, 14.335853682000106 ], [ 37.395470448000083, 14.29567139 ], [ 37.446352140999977, 14.26071018500005 ], [ 37.446093159000043, 14.250233584000114 ], [ 37.469138439000119, 14.251295503000165 ], [ 37.465409387000079, 14.215550736000182 ], [ 37.496172203000071, 14.194177798000112 ], [ 37.495588708000014, 14.182035757000108 ], [ 37.526516148000155, 14.183004165000114 ], [ 37.515639056000055, 14.16030405500004 ], [ 37.527302341999984, 14.116462130000116 ], [ 37.557245548000026, 14.104488940000124 ], [ 37.559598761000132, 14.091316816000074 ], [ 37.575600302000112, 14.095933886000182 ], [ 37.592251038000029, 14.068359519000126 ], [ 37.591078431000085, 14.051815997000176 ], [ 37.599912361000065, 14.054779204000113 ], [ 37.603055209000047, 14.040077576000158 ], [ 37.623700241000051, 14.03763884500006 ], [ 37.609512773000176, 14.008938292000096 ], [ 37.63236210000008, 13.976111776999971 ], [ 37.628947507000078, 13.955084215999989 ], [ 37.650389018000055, 13.95267299600016 ], [ 37.661861309000074, 13.91577807300007 ], [ 37.686644169000147, 13.892971670000179 ], [ 37.70115848100005, 13.887629807000053 ], [ 37.71547027600019, 13.897889095000153 ], [ 37.72901022700006, 13.896615245000078 ], [ 37.736880367000026, 13.880071981000128 ], [ 37.752399150000031, 13.875555882000128 ], [ 37.767864257000042, 13.856612523000138 ], [ 37.802185606000194, 13.872771820000025 ], [ 37.822541317000173, 13.865298215000053 ], [ 37.839490101000081, 13.878629084000067 ], [ 37.86254643400008, 13.865287439999975 ], [ 37.86773452500006, 13.87619628900012 ], [ 37.899076724000111, 13.884870357000182 ], [ 37.912401515000113, 13.845320697000034 ], [ 37.938307610000152, 13.828720270000076 ], [ 37.962794438000117, 13.828314234000061 ], [ 37.977000766000117, 13.805909650000103 ], [ 37.996398791999979, 13.796709174 ], [ 38.001083280000159, 13.766539454000053 ], [ 38.018802578000077, 13.739120401999969 ], [ 38.03727378200017, 13.753583112000115 ], [ 38.058521939000116, 13.754017779000094 ], [ 38.096306987000048, 13.741672194000103 ], [ 38.150194366000164, 13.747002539000164 ], [ 38.180971688000113, 13.730212876000166 ], [ 38.224250219000112, 13.727345228000047 ], [ 38.269920533000061, 13.763681097000074 ], [ 38.290356208000105, 13.769604255000104 ], [ 38.315407533000098, 13.805792884000027 ], [ 38.367028837000191, 13.805330040000115 ], [ 38.375806650000015, 13.788417453000079 ], [ 38.39620794700005, 13.78093437800004 ], [ 38.414831729000184, 13.751766609000185 ], [ 38.47436476200005, 13.719319527999971 ], [ 38.484588338000037, 13.700974737000138 ], [ 38.505176635999987, 13.696886875000132 ], [ 38.519867047000048, 13.68432151900015 ], [ 38.530445575999977, 13.687272523000047 ], [ 38.575068270000088, 13.651962968000021 ], [ 38.598886932000028, 13.649251717000141 ], [ 38.635167271000057, 13.602870737000046 ], [ 38.639763257000027, 13.577948260000028 ], [ 38.660765268000034, 13.558190167000078 ], [ 38.669084421000093, 13.536098585000104 ], [ 38.614045233000184, 13.490686865000043 ], [ 38.590112415000078, 13.506124023000154 ], [ 38.562075459000027, 13.483329711000067 ], [ 38.460991233000072, 13.459561585000131 ], [ 38.467402843000173, 13.484901999000158 ], [ 38.498256686000161, 13.484455432000061 ], [ 38.490658546000134, 13.495777931000134 ], [ 38.496804606000069, 13.506789362000063 ], [ 38.542458952000118, 13.525802187000124 ], [ 38.553946141000154, 13.550308131 ], [ 38.501449832000048, 13.557859295000071 ], [ 38.477619910999977, 13.55234488300016 ], [ 38.46521463300013, 13.567644900000175 ], [ 38.453622524000139, 13.556946122000113 ], [ 38.442793750000135, 13.560540201000038 ], [ 38.451038580000045, 13.584599391000097 ], [ 38.440805702000148, 13.584405289000017 ], [ 38.406508159000168, 13.539411139000094 ], [ 38.391234110000028, 13.553355668000052 ], [ 38.37983954800012, 13.544477135000022 ], [ 38.359950907000041, 13.553004272000067 ], [ 38.341196735000153, 13.537642856000048 ], [ 38.327883107000105, 13.550325213 ], [ 38.319856452000067, 13.50215196500011 ], [ 38.278917156000034, 13.485519139000075 ], [ 38.259142031000124, 13.486203203000173 ], [ 38.247957957999972, 13.501662639000131 ], [ 38.20089763600015, 13.480138398000122 ], [ 38.173720225000068, 13.493443946000184 ], [ 38.145192748000056, 13.471678588000032 ], [ 38.129907026000069, 13.484739118999983 ], [ 38.120990784000071, 13.506304382000053 ], [ 38.115321849000054, 13.494262634000052 ], [ 38.059441013000139, 13.467191866000064 ], [ 38.045603382000138, 13.480111391999969 ], [ 38.020729472000141, 13.481256969000185 ], [ 38.001179411000066, 13.501097501000118 ], [ 37.968388894000043, 13.493693843000187 ], [ 37.946487353000066, 13.466415070000096 ], [ 37.904101474000186, 13.447048973000051 ], [ 37.887193277000165, 13.453370081000116 ], [ 37.86640019400005, 13.475127248999968 ], [ 37.816905536000093, 13.463175524000064 ], [ 37.809005963000061, 13.519093881000174 ], [ 37.792659305000029, 13.520614519000048 ], [ 37.769024663000096, 13.562598912999988 ], [ 37.784149450000029, 13.587719252000056 ], [ 37.774765315000082, 13.611653900000135 ], [ 37.776066951000132, 13.633502867000061 ], [ 37.764368764999972, 13.618372348000037 ], [ 37.759926005000125, 13.590998005000188 ] ] ], [ [ [ 39.566311634000158, 12.564025184000172 ], [ 39.609603758000105, 12.558022473000108 ], [ 39.615837741000178, 12.549994879000053 ], [ 39.665658882000059, 12.554630988000042 ], [ 39.654679606000059, 12.636188110000091 ], [ 39.672077532, 12.652194109999982 ], [ 39.708202193000034, 12.666535226000178 ], [ 39.74343710800008, 12.664422913000067 ], [ 39.728287389000059, 12.699103760000128 ], [ 39.738542753000047, 12.709622720000084 ], [ 39.762783822000188, 12.719609177000109 ], [ 39.805148897000095, 12.717709466000031 ], [ 39.834953434000113, 12.706728690999967 ], [ 39.820077805000039, 12.658827258000088 ], [ 39.832573503000106, 12.634377556000061 ], [ 39.806736717000035, 12.596283054000082 ], [ 39.826825598000141, 12.571970484000133 ], [ 39.832764098000155, 12.549890952999988 ], [ 39.852370483000129, 12.547421673000144 ], [ 39.863195812000072, 12.531448593000164 ], [ 39.863451756000131, 12.506289292000076 ], [ 39.881065664000175, 12.484460752000189 ], [ 39.866285922000145, 12.47262432600013 ], [ 39.882049998000127, 12.466955603000144 ], [ 39.882572530000175, 12.457662647000063 ], [ 39.863112708000131, 12.463346011999988 ], [ 39.814929224000082, 12.407061931000044 ], [ 39.830876304000071, 12.357500495000181 ], [ 39.817622562, 12.341872429000148 ], [ 39.817611330000148, 12.324029795000172 ], [ 39.761546943000042, 12.303252023000141 ], [ 39.75855376100003, 12.319953055000155 ], [ 39.706265144000042, 12.306206621000172 ], [ 39.632274431000155, 12.307654083000045 ], [ 39.620934418000047, 12.300221699000076 ], [ 39.625122954000062, 12.287998835 ], [ 39.614212959000042, 12.275731232999988 ], [ 39.591869765000183, 12.270975589000159 ], [ 39.572543903000053, 12.255925598000033 ], [ 39.555184250000138, 12.255511219000141 ], [ 39.543273525000075, 12.265007941000022 ], [ 39.522661952000078, 12.326414029000091 ], [ 39.507440992000113, 12.332852040000091 ], [ 39.47051795200008, 12.32139860500007 ], [ 39.455564056000185, 12.325027175000059 ], [ 39.419514241000172, 12.296596725000143 ], [ 39.321702794000032, 12.304866179000101 ], [ 39.290874255, 12.296071961000052 ], [ 39.245529419000036, 12.352944384000068 ], [ 39.229773857000055, 12.501081519000024 ], [ 39.174401276000026, 12.643480484000065 ], [ 39.187290867000058, 12.65632306700013 ], [ 39.238857724000184, 12.663099151000154 ], [ 39.265666399000111, 12.677082273 ], [ 39.280482154000026, 12.688008236000144 ], [ 39.285521429000141, 12.704370101000052 ], [ 39.39798990200012, 12.691166609000049 ], [ 39.405306664000136, 12.67946329900019 ], [ 39.396055605000072, 12.663859290000062 ], [ 39.407759612000063, 12.638337676000162 ], [ 39.459060041000157, 12.637970580000172 ], [ 39.478317301000118, 12.643947852000167 ], [ 39.497494045000167, 12.666149739000161 ], [ 39.548230274000105, 12.670731839000041 ], [ 39.559281333000115, 12.662295868000058 ], [ 39.556839064000087, 12.638564836000114 ], [ 39.570175630000108, 12.614567583999985 ], [ 39.554619944000194, 12.608439710000141 ], [ 39.573911676000137, 12.580210078000107 ], [ 39.566311634000158, 12.564025184000172 ] ] ], [ [ [ 38.633280931000172, 13.472711308000044 ], [ 38.680130078, 13.486166756000102 ], [ 38.729748970000173, 13.403431642000101 ], [ 38.721865207000064, 13.408050577999973 ], [ 38.70568553600009, 13.389298880000126 ], [ 38.695991475000085, 13.3889796630001 ], [ 38.648639953000156, 13.396521310000139 ], [ 38.62636460300007, 13.407984616000022 ], [ 38.615788282000096, 13.451400938000177 ], [ 38.633280931000172, 13.472711308000044 ] ] ] ] } }
]
}
