{
"type": "FeatureCollection",
"name": "admin2_zones",
"crs": { "type": "name", "properties": { "name": "urn:ogc:def:crs:OGC:1.3:CRS84" } },
"features": [
{ "type": "Feature", "properties": { "adm2_name": "North Western", "adm2_name1": null, "adm2_name2": null, "adm2_name3": null, "adm2_pcode": "ET0101", "adm1_name": "Tigray", "adm1_name1": null, "adm1_name2": null, "adm1_name3": null, "adm1_pcode": "ET01", "adm0_name": "Ethiopia", "adm0_name1": null, "adm0_name2": null, "adm0_name3": null, "adm0_pcode": "ET", "valid_on": "2025-01-01", "valid_to": null, "area_sqkm": 9689.2499478000009, "version": "v04", "lang": "en", "lang1": null, "lang2": null, "lang3": null, "adm2_ref_n": null, "center_lat": null, "center_lon": null, "adm2_alt_n": null }, "geometry": { "type": "Polygon", "coordinates": [ [ [ 38.31598364000007, 13.803645986000049 ], [ 38.290356208000105, 13.769604255000104 ], [ 38.224250219000112, 13.727345228000047 ], [ 38.058521939000116, 13.754017779000094 ], [ 38.018802578000077, 13.739120401999969 ], [ 37.996398791999979, 13.796709174 ], [ 37.962794438000117, 13.828314234000061 ], [ 37.912401515000113, 13.845320697000034 ], [ 37.899076724000111, 13.884870357000182 ], [ 37.86254643400008, 13.865287439999975 ], [ 37.839490101000081, 13.878629084000067 ], [ 37.767864257000042, 13.856612523000138 ], [ 37.72901022700006, 13.896615245000078 ], [ 37.686644169000147, 13.892971670000179 ], [ 37.661861309000074, 13.91577807300007 ], [ 37.650389018000055, 13.95267299600016 ], [ 37.628947507000078, 13.955084215999989 ], [ 37.63236210000008, 13.976111776999971 ], [ 37.609512773000176, 14.008938292000096 ], [ 37.623700241000051, 14.03763884500006 ], [ 37.591078431000085, 14.051815997000176 ], [ 37.575600302000112, 14.095933886000182 ], [ 37.559598761000132, 14.091316816000074 ], [ 37.557245548000026, 14.104488940000124 ], [ 37.52860085400016, 14.114644141000099 ], [ 37.515639056000055, 14.16030405500004 ], [ 37.526516148000155, 14.183004165000114 ], [ 37.495588708000014, 14.182035757000108 ], [ 37.496172203000071, 14.194177798000112 ], [ 37.465409387000079, 14.215550736000182 ], [ 37.469138439000119, 14.251295503000165 ], [ 37.446093159000043, 14.250233584000114 ], [ 37.395470448000083, 14.29567139 ], [ 37.402662792000115, 14.335853682000106 ], [ 37.379702609000105, 14.342450927000186 ], [ 37.391487636000079, 14.365260928000168 ], [ 37.371830836000072, 14.372401465999985 ], [ 37.347015184000099, 14.411236305000045 ], [ 37.369741702000056, 14.419258170000035 ], [ 37.403338287000111, 14.471358707999968 ], [ 37.429745045000118, 14.480212523000091 ], [ 37.488951343, 14.473108391999972 ], [ 37.548789784000121, 14.446135214000037 ], [ 37.595363754, 14.477582397000049 ], [ 37.670743457000071, 14.504168423000124 ], [ 37.723673222000173, 14.623757455000145 ], [ 37.741534948000151, 14.642437537000148 ], [ 37.77355448000003, 14.630389106000052 ], [ 37.781859922000081, 14.734886032000077 ], [ 37.832622379000099, 14.805154923000089 ], [ 37.849453609000079, 14.812515420000068 ], [ 37.875660503, 14.799868305000189 ], [ 37.940296291000095, 14.845476907000148 ], [ 37.971047991000091, 14.83044908800008 ], [ 37.97446577400018, 14.801627098000097 ], [ 37.987922264000133, 14.807947037000133 ], [ 37.994189999000128, 14.773459063000132 ], [ 38.02053812500003, 14.760782508000148 ], [ 38.018264385, 14.736637359000156 ], [ 38.040369254000154, 14.716603013 ], [ 38.091544747000057, 14.706628799000043 ], [ 38.139266198000144, 14.667294295000147 ], [ 38.179999399000053, 14.676574656000128 ], [ 38.187405288000036, 14.689155056000118 ], [ 38.251615968000124, 14.675043686000151 ], [ 38.269062622000035, 14.634375875000103 ], [ 38.264505869000061, 14.614130603000149 ], [ 38.307922249000171, 14.585116137000057 ], [ 38.343208163000156, 14.507703961000118 ], [ 38.373443123000129, 14.480230984000116 ], [ 38.39480763600011, 14.481472588000145 ], [ 38.401517640000179, 14.46495725900013 ], [ 38.420781839000085, 14.463747722000164 ], [ 38.462859506000029, 14.294727239000167 ], [ 38.453345380000144, 14.234633152000072 ], [ 38.510891011000012, 14.206408164000095 ], [ 38.542595009000081, 14.222482372000115 ], [ 38.54840850100004, 14.209521008000081 ], [ 38.577701467000111, 14.204043290000186 ], [ 38.557057061000137, 14.166666349000138 ], [ 38.538136073000089, 14.166775337000104 ], [ 38.54828377900003, 14.138189188000183 ], [ 38.501425998000173, 14.115889265000078 ], [ 38.496353374000023, 14.079370927000127 ], [ 38.522725614000194, 14.045130600999983 ], [ 38.48995321000001, 14.031045751000079 ], [ 38.488111359000129, 14.01933517700013 ], [ 38.496322570000189, 13.968677102000072 ], [ 38.560523646000149, 13.907859899000186 ], [ 38.565846558000032, 13.883451929000046 ], [ 38.494087072000127, 13.787175808000086 ], [ 38.530445575999977, 13.687272523000047 ], [ 38.484588338000037, 13.700974737000138 ], [ 38.47436476200005, 13.719319527999971 ], [ 38.414831729000184, 13.751766609000185 ], [ 38.367028837000191, 13.805330040000115 ], [ 38.31598364000007, 13.803645986000049 ] ] ] } },
{ "type": "Feature", "properties": { "adm2_name": "Central", "adm2_name1": null, "adm2_name2": null, "adm2_name3": null, "adm2_pcode": "ET0102", "adm1_name": "Tigray", "adm1_name1": null, "adm1_name2": null, "adm1_name3": null, "adm1_pcode": "ET01", "adm0_name": "Ethiopia", "adm0_name1": null, "adm0_name2": null, "adm0_name3": null, "adm0_pcode": "ET", "valid_on": "2025-01-01", "valid_to": null, "area_sqkm": 9553.8621156999998, "version": "v04", "lang": "en", "lang1": null, "lang2": null, "lang3": null, "adm2_ref_n": null, "center_lat": null, "center_lon": null, "adm2_alt_n": null }, "geometry": { "type": "Polygon", "coordinates": [ [ [ 39.021436563000123, 13.460448504000055 ], [ 39.028359014999978, 13.376087684000026 ], [ 39.065984723000099, 13.327740786000106 ], [ 39.041870859000142, 13.289175135000164 ], [ 39.063617123000142, 13.285776296000051 ], [ 39.071982346000141, 13.296345886999973 ], [ 39.098050757000067, 13.281375225000147 ], [ 39.10132749100012, 13.237307470000189 ], [ 39.071885365000185, 13.217643123000016 ], [ 39.068778763000182, 13.199274007000042 ], [ 39.050770720000116, 13.200766844000157 ], [ 39.03949636100009, 13.170673978000025 ], [ 38.997367780000047, 13.203404456999976 ], [ 38.955824074000134, 13.21201319000005 ], [ 38.951741918000039, 13.237514728000122 ], [ 38.863105411, 13.209497663000036 ], [ 38.800690766000116, 13.247309866000023 ], [ 38.731588079000176, 13.262275644000169 ], [ 38.741812589000062, 13.339832438000144 ], [ 38.730584078000163, 13.409000114000037 ], [ 38.67560861700008, 13.485616229000073 ], [ 38.66822375300012, 13.540428044000123 ], [ 38.635167271000057, 13.602870737000046 ], [ 38.598886932000028, 13.649251717000141 ], [ 38.575068270000088, 13.651962968000021 ], [ 38.530445575999977, 13.687272523000047 ], [ 38.492874049000193, 13.77549351 ], [ 38.520427796000149, 13.83060574700005 ], [ 38.565846558000032, 13.883451929000046 ], [ 38.560523646000149, 13.907859899000186 ], [ 38.496322570000189, 13.968677102000072 ], [ 38.489098222000166, 14.029645882000182 ], [ 38.522725614000194, 14.045130600999983 ], [ 38.495502176000116, 14.091840936000096 ], [ 38.501889585000072, 14.116519747000041 ], [ 38.549520128000097, 14.139805442000124 ], [ 38.538136073000089, 14.166775337000104 ], [ 38.557057061000137, 14.166666349000138 ], [ 38.577701467000111, 14.204043290000186 ], [ 38.54840850100004, 14.209521008000081 ], [ 38.542595009000081, 14.222482372000115 ], [ 38.510891011000012, 14.206408164000095 ], [ 38.453345380000144, 14.234633152000072 ], [ 38.462859506000029, 14.294727239000167 ], [ 38.448055611000029, 14.375994529000025 ], [ 38.42982816500006, 14.409412071000077 ], [ 38.432667426000194, 14.427906378999978 ], [ 38.44741137800014, 14.410416756000188 ], [ 38.483698459000038, 14.418195981000167 ], [ 38.515858538000089, 14.405079012000158 ], [ 38.594375083000159, 14.438576193000131 ], [ 38.615774358000181, 14.433529122000095 ], [ 38.702942838000183, 14.465288096000052 ], [ 38.794040337000069, 14.463219068000114 ], [ 38.848394168000027, 14.495687701000122 ], [ 38.904877260000035, 14.501192779000121 ], [ 38.937267095000095, 14.532087065000155 ], [ 38.974733216000061, 14.541596849000086 ], [ 39.02351901500009, 14.632369865000044 ], [ 39.080736947000162, 14.63651403300014 ], [ 39.124664419000169, 14.613430921000145 ], [ 39.200322892000031, 14.611037689 ], [ 39.221536713000091, 14.572458615000073 ], [ 39.23863151300003, 14.565882257000055 ], [ 39.231452883000088, 14.51916675800004 ], [ 39.208486129000164, 14.49305225300003 ], [ 39.24664974600006, 14.405436267000141 ], [ 39.232890525000187, 14.371838725999964 ], [ 39.248011162000125, 14.362830325000061 ], [ 39.247162601000127, 14.33964387900005 ], [ 39.239219141000149, 14.30854975800014 ], [ 39.219268643000021, 14.30450361700008 ], [ 39.242305328000157, 14.297367704000067 ], [ 39.229231386000038, 14.266643328000043 ], [ 39.260030004000157, 14.236277862000065 ], [ 39.255906601000106, 14.205707632000042 ], [ 39.324229029000094, 14.136631820000105 ], [ 39.34477607499997, 14.087610407999989 ], [ 39.306644994000067, 13.992819660000123 ], [ 39.253509097000176, 13.957481807000079 ], [ 39.221382891000189, 13.908609584000146 ], [ 39.193786234000072, 13.894690260000061 ], [ 39.22852589300004, 13.843326360000106 ], [ 39.218473590000087, 13.804424115000188 ], [ 39.225040498000055, 13.776207998000132 ], [ 39.19001253700003, 13.765030947000071 ], [ 39.192145900000071, 13.747574587000031 ], [ 39.166545943000131, 13.744714408000107 ], [ 39.165505877000044, 13.723245630000122 ], [ 39.138416527000061, 13.714841762000049 ], [ 39.137524918999986, 13.700483263000137 ], [ 39.10402360900008, 13.693754130000173 ], [ 39.068320988000039, 13.706282111000121 ], [ 39.060519327000179, 13.637076012000023 ], [ 39.02020436600003, 13.618395578000161 ], [ 39.04973129300015, 13.5996919910001 ], [ 39.068082872000048, 13.618797376000032 ], [ 39.101654839000048, 13.59551450400005 ], [ 39.088837636000108, 13.586290617999964 ], [ 39.134195523000074, 13.560627534000048 ], [ 39.157412257000033, 13.564355228000124 ], [ 39.123733415, 13.49984931400013 ], [ 39.127026059000173, 13.480512862000182 ], [ 39.095582255000124, 13.485355420000076 ], [ 39.046762627000192, 13.44965636500018 ], [ 39.021436563000123, 13.460448504000055 ] ] ] } },
{ "type": "Feature", "properties": { "adm2_name": "Eastern", "adm2_name1": null, "adm2_name2": null, "adm2_name3": null, "adm2_pcode": "ET0103", "adm1_name": "Tigray", "adm1_name1": null, "adm1_name2": null, "adm1_name3": null, "adm1_pcode": "ET01", "adm0_name": "Ethiopia", "adm0_name1": null, "adm0_name2": null, "adm0_name3": null, "adm0_pcode": "ET", "valid_on": "2025-01-01", "valid_to": null, "area_sqkm": 6361.5346889599996, "version": "v04", "lang": "en", "lang1": null, "lang2": null, "lang3": null, "adm2_ref_n": null, "center_lat": null, "center_lon": null, "adm2_alt_n": null }, "geometry": { "type": "Polygon", "coordinates": [ [ [ 39.406028482000181, 13.672728830000096 ], [ 39.317403201000161, 13.667386545000113 ], [ 39.293271457000117, 13.705232675 ], [ 39.248825883000109, 13.706309924000038 ], [ 39.252820534000136, 13.717604015000063 ], [ 39.235111877000122, 13.738965444000144 ], [ 39.238814141000034, 13.790916669000069 ], [ 39.218473590000087, 13.804424115000188 ], [ 39.22852589300004, 13.843326360000106 ], [ 39.193786234000072, 13.894690260000061 ], [ 39.221382891000189, 13.908609584000146 ], [ 39.253509097000176, 13.957481807000079 ], [ 39.306644994000067, 13.992819660000123 ], [ 39.344555148000097, 14.097416537000186 ], [ 39.323715710000158, 14.137276737000093 ], [ 39.255906601000106, 14.205707632000042 ], [ 39.260030004000157, 14.236277862000065 ], [ 39.229231386000038, 14.266643328000043 ], [ 39.242305328000157, 14.297367704000067 ], [ 39.221655864000127, 14.30024841 ], [ 39.219169499000031, 14.306548265000174 ], [ 39.238901136000038, 14.308149983000021 ], [ 39.247162601000127, 14.33964387900005 ], [ 39.248011162000125, 14.362830325000061 ], [ 39.232890525000187, 14.371838725999964 ], [ 39.240049718000023, 14.395171435000066 ], [ 39.24664974600006, 14.405436267000141 ], [ 39.255430694000097, 14.392346763000148 ], [ 39.300832483000079, 14.411389074000169 ], [ 39.297714055000029, 14.436182551000172 ], [ 39.323291592000032, 14.450034359000142 ], [ 39.313847994000071, 14.478881045000037 ], [ 39.329982269000027, 14.480435911000086 ], [ 39.324045667000178, 14.498269948000143 ], [ 39.340012122000076, 14.511309453000024 ], [ 39.37114900600011, 14.494614944999967 ], [ 39.368698579000124, 14.53831389700008 ], [ 39.428219429000137, 14.53066994500017 ], [ 39.435477033000041, 14.519270406000089 ], [ 39.453263403000165, 14.526868381000043 ], [ 39.452093179000144, 14.510938678000116 ], [ 39.469320279000158, 14.515609184000027 ], [ 39.472642061000045, 14.4982511 ], [ 39.485096532000171, 14.501425029000188 ], [ 39.500386525000067, 14.543799707000119 ], [ 39.477534216000095, 14.603629319000049 ], [ 39.50267493900003, 14.677010141000039 ], [ 39.575182287000189, 14.669890578000093 ], [ 39.622686479000151, 14.635943927000028 ], [ 39.637687754000126, 14.598433770000156 ], [ 39.680289726000069, 14.588753205000046 ], [ 39.709332679000113, 14.551368027000137 ], [ 39.766785667000079, 14.540761419000034 ], [ 39.813180874000068, 14.48237148600009 ], [ 39.856616114000133, 14.472026032000144 ], [ 39.923756024000113, 14.414994940999975 ], [ 39.949863675000131, 14.410645311000167 ], [ 39.98085004700016, 14.440779718000101 ], [ 39.984256322000192, 14.432340698000132 ], [ 39.990843734000066, 14.381967487000054 ], [ 39.950269412000068, 14.360418708999987 ], [ 39.853118790000167, 14.367098800000178 ], [ 39.800948107000181, 14.387177744000098 ], [ 39.772049039000194, 14.37385066600018 ], [ 39.779204078000078, 14.330532193000067 ], [ 39.726247716000159, 14.302962213000114 ], [ 39.757605709000075, 14.277177362000145 ], [ 39.757304091000037, 14.239843563000136 ], [ 39.694087480000178, 14.241311387000053 ], [ 39.685722395000028, 14.216176396000094 ], [ 39.649962783000149, 14.188612418000105 ], [ 39.68199849500013, 14.164686730000028 ], [ 39.767133017000049, 14.140043372000093 ], [ 39.837624773000073, 14.154198463000057 ], [ 39.843997023000099, 14.050258584000176 ], [ 39.88593699400019, 14.012203097000167 ], [ 39.859164438000164, 13.96577285800015 ], [ 39.829200986000046, 13.974282718000097 ], [ 39.801657987999988, 13.945601886000077 ], [ 39.817633132000026, 13.942581124000071 ], [ 39.833278651000171, 13.918403375000025 ], [ 39.829022220000184, 13.868502307000142 ], [ 39.842246326000122, 13.838402885000164 ], [ 39.833701325000163, 13.821384023000121 ], [ 39.852273098000182, 13.794897904000095 ], [ 39.853197336000051, 13.766511068000057 ], [ 39.884068764000176, 13.748246227000038 ], [ 39.863907174000133, 13.548160815000188 ], [ 39.746406219000164, 13.570825983000191 ], [ 39.685347413000102, 13.613462811000147 ], [ 39.634533596000097, 13.559646244000021 ], [ 39.609411585000146, 13.603808143000151 ], [ 39.576281258999984, 13.577083465000158 ], [ 39.544631239000125, 13.603284618999965 ], [ 39.529554917999974, 13.594248061000144 ], [ 39.507980892000035, 13.620912524000062 ], [ 39.484302330000162, 13.620170839000082 ], [ 39.477379079000116, 13.642009318000134 ], [ 39.425495109000167, 13.612819811000065 ], [ 39.403650687000152, 13.625710639000147 ], [ 39.414412827000149, 13.641129985000134 ], [ 39.406028482000181, 13.672728830000096 ] ] ] } },
{ "type": "Feature", "properties": { "adm2_name": "Southern", "adm2_name1": null, "adm2_name2": null, "adm2_name3": null, "adm2_pcode": "ET0104", "adm1_name": "Tigray", "adm1_name1": null, "adm1_name2": null, "adm1_name3": null, "adm1_pcode": "ET01", "adm0_name": "Ethiopia", "adm0_name1": null, "adm0_name2": null, "adm0_name3": null, "adm0_pcode": "ET", "valid_on": "2025-01-01", "valid_to": null, "area_sqkm": 2464.6740800299999, "version": "v04", "lang": "en", "lang1": null, "lang2": null, "lang3": null, "adm2_ref_n": null, "center_lat": null, "center_lon": null, "adm2_alt_n": null }, "geometry": { "type": "Polygon", "coordinates": [ [ [ 39.898175579000053, 12.926062035000086 ], [ 39.977982917000077, 12.792190897000012 ], [ 39.89904895899997, 12.762307990000124 ], [ 39.867605568000101, 12.723737696000171 ], [ 39.834953434000113, 12.706728690999967 ], [ 39.762783822000188, 12.719609177000109 ], [ 39.738542753000047, 12.709622720000084 ], [ 39.728287389000059, 12.699103760000128 ], [ 39.74343710800008, 12.664422913000067 ], [ 39.708202193000034, 12.666535226000178 ], [ 39.654679606000059, 12.636188110000091 ], [ 39.665658882000059, 12.554630988000042 ], [ 39.615837741000178, 12.549994879000053 ], [ 39.566311634000158, 12.564025184000172 ], [ 39.573911676000137, 12.580210078000107 ], [ 39.554619944000194, 12.608439710000141 ], [ 39.570175630000108, 12.614567583999985 ], [ 39.548230274000105, 12.670731839000041 ], [ 39.497494045000167, 12.666149739000161 ], [ 39.459060041000157, 12.637970580000172 ], [ 39.407759612000063, 12.638337676000162 ], [ 39.39798990200012, 12.691166609000049 ], [ 39.285521429000141, 12.704370101000052 ], [ 39.269535045000111, 12.723219788000165 ], [ 39.280932323000059, 12.743338179000034 ], [ 39.267663775000187, 12.77133496600004 ], [ 39.275771867000117, 12.787847884000143 ], [ 39.303601963000119, 12.793315247000123 ], [ 39.307215579000115, 12.811652772000116 ], [ 39.277685629000189, 12.826024042000142 ], [ 39.310131667000178, 12.852206824000064 ], [ 39.306827890000136, 12.866310379000026 ], [ 39.294894823000163, 12.870902075000117 ], [ 39.279022835000148, 12.856247515000177 ], [ 39.258728715000018, 12.914682269000025 ], [ 39.233098326000061, 12.916723823000154 ], [ 39.240670352000052, 12.96349092600019 ], [ 39.216275841000027, 12.989849118000052 ], [ 39.221271689000048, 13.008400444000017 ], [ 39.275274976000105, 13.029124189000072 ], [ 39.281394572000011, 13.018273277000048 ], [ 39.300518989000125, 13.032617105999975 ], [ 39.321656678000124, 13.082472685000084 ], [ 39.346137943000031, 13.100269456000092 ], [ 39.387750701000186, 13.082185220000042 ], [ 39.472465156000055, 12.986480483000093 ], [ 39.497192530000177, 12.990025340000045 ], [ 39.469486142000108, 13.032066537 ], [ 39.533577512000136, 13.041495726000107 ], [ 39.534657060000086, 13.02507261400018 ], [ 39.582868443000052, 12.965517871000088 ], [ 39.599759879000032, 12.964829596000072 ], [ 39.623964968000166, 12.904182683999977 ], [ 39.686641379000037, 12.907659467000144 ], [ 39.712999112000148, 12.888584573000173 ], [ 39.749801732000037, 12.882756986 ], [ 39.820512295000128, 12.943848222000099 ], [ 39.838006756000141, 12.940857369000184 ], [ 39.844888403000141, 12.925288798000167 ], [ 39.872620706000077, 12.942546805000177 ], [ 39.898175579000053, 12.926062035000086 ] ] ] } },
{ "type": "Feature", "properties": { "adm2_name": "South Eastern", "adm2_name1": null, "adm2_name2": null, "adm2_name3": null, "adm2_pcode": "ET0106", "adm1_name": "Tigray", "adm1_name1": null, "adm1_name2": null, "adm1_name3": null, "adm1_pcode": "ET01", "adm0_name": "Ethiopia", "adm0_name1": null, "adm0_name2": null, "adm0_name3": null, "adm0_pcode": "ET", "valid_on": "2025-01-01", "valid_to": null, "area_sqkm": 5545.7157929599998, "version": "v04", "lang": "en", "lang1": null, "lang2": null, "lang3": null, "adm2_ref_n": null, "center_lat": null, "center_lon": null, "adm2_alt_n": null }, "geometry": { "type": "Polygon", "coordinates": [ [ [ 39.807084656000143, 13.183144080000091 ], [ 39.863058903000024, 13.019703688 ], [ 39.86001018200011, 12.969632401000183 ], [ 39.872620706000077, 12.942546805000177 ], [ 39.846477250000021, 12.925432843000067 ], [ 39.824836340000047, 12.944526286000098 ], [ 39.79945140600006, 12.934361937000119 ], [ 39.749801732000037, 12.882756986 ], [ 39.712999112000148, 12.888584573000173 ], [ 39.686641379000037, 12.907659467000144 ], [ 39.623964968000166, 12.904182683999977 ], [ 39.599759879000032, 12.964829596000072 ], [ 39.582868443000052, 12.965517871000088 ], [ 39.534657060000086, 13.02507261400018 ], [ 39.533577512000136, 13.041495726000107 ], [ 39.469486142000108, 13.032066537 ], [ 39.497192530000177, 12.990025340000045 ], [ 39.472465156000055, 12.986480483000093 ], [ 39.387750701000186, 13.082185220000042 ], [ 39.346137943000031, 13.100269456000092 ], [ 39.321656678000124, 13.082472685000084 ], [ 39.300925460000087, 13.051294072000076 ], [ 39.304920689000141, 13.037475739000115 ], [ 39.284838461000163, 13.019781894000118 ], [ 39.275274976000105, 13.029124189000072 ], [ 39.22091167200017, 13.007987049 ], [ 39.21715564200008, 12.986253924000096 ], [ 39.240670352000052, 12.96349092600019 ], [ 39.233098326000061, 12.916723823000154 ], [ 39.141864794000185, 12.955839862 ], [ 39.082858956000166, 12.959272311000063 ], [ 39.053611421000028, 12.990669566000065 ], [ 39.000219106000031, 13.003443776000097 ], [ 39.004334067000116, 13.023397491000026 ], [ 38.97860189000005, 13.098962081000025 ], [ 39.036933914000087, 13.134239229000116 ], [ 39.049254134000194, 13.198630832 ], [ 39.068778763000182, 13.199274007000042 ], [ 39.071885365000185, 13.217643123000016 ], [ 39.10132749100012, 13.237307470000189 ], [ 39.098050757000067, 13.281375225000147 ], [ 39.071982346000141, 13.296345886999973 ], [ 39.063617123000142, 13.285776296000051 ], [ 39.041870859000142, 13.289175135000164 ], [ 39.065984723000099, 13.327740786000106 ], [ 39.028359014999978, 13.376087684000026 ], [ 39.020765035000124, 13.46073113500006 ], [ 39.046762627000192, 13.44965636500018 ], [ 39.095582255000124, 13.485355420000076 ], [ 39.125836845000151, 13.47850153600001 ], [ 39.127162750000025, 13.50910695500005 ], [ 39.158975338000175, 13.56113405300016 ], [ 39.134195523000074, 13.560627534000048 ], [ 39.088837636000108, 13.586290617999964 ], [ 39.101654839000048, 13.59551450400005 ], [ 39.068082872000048, 13.618797376000032 ], [ 39.04973129300015, 13.5996919910001 ], [ 39.020303131000105, 13.61790728699998 ], [ 39.060519327000179, 13.637076012000023 ], [ 39.068320988000039, 13.706282111000121 ], [ 39.10402360900008, 13.693754130000173 ], [ 39.137524918999986, 13.700483263000137 ], [ 39.138416527000061, 13.714841762000049 ], [ 39.165505877000044, 13.723245630000122 ], [ 39.166545943000131, 13.744714408000107 ], [ 39.192145900000071, 13.747574587000031 ], [ 39.19001253700003, 13.765030947000071 ], [ 39.225040498000055, 13.776207998000132 ], [ 39.224322361000191, 13.799504473000127 ], [ 39.238814141000034, 13.790916669000069 ], [ 39.234321675000103, 13.74252087900004 ], [ 39.248825883000109, 13.706309924000038 ], [ 39.293271457000117, 13.705232675 ], [ 39.324048162000111, 13.665692726000032 ], [ 39.410038092000093, 13.672349246000124 ], [ 39.414359019000131, 13.640428186000065 ], [ 39.403650687000152, 13.625710639000147 ], [ 39.424831058000166, 13.613044737 ], [ 39.477379079000116, 13.642009318000134 ], [ 39.484302330000162, 13.620170839000082 ], [ 39.507980892000035, 13.620912524000062 ], [ 39.529554917999974, 13.594248061000144 ], [ 39.544631239000125, 13.603284618999965 ], [ 39.576281258999984, 13.577083465000158 ], [ 39.609411585000146, 13.603808143000151 ], [ 39.634533596000097, 13.559646244000021 ], [ 39.685347413000102, 13.613462811000147 ], [ 39.719756865000193, 13.59653803599997 ], [ 39.747809218000157, 13.573943246000113 ], [ 39.720509646000039, 13.48685260700006 ], [ 39.745758888000182, 13.374121329000104 ], [ 39.729522420000023, 13.378807824000035 ], [ 39.741704418999973, 13.351287595000031 ], [ 39.719723195000086, 13.294554241000071 ], [ 39.777378498000189, 13.275160946000142 ], [ 39.808532936000063, 13.21717392700009 ], [ 39.807084656000143, 13.183144080000091 ] ], [ [ 39.436076376000187, 13.477936379000084 ], [ 39.395014496000158, 13.467809240000122 ], [ 39.388401974000146, 13.435374960000047 ], [ 39.43813447000008, 13.399729333000096 ], [ 39.449965047000092, 13.416792597000097 ], [ 39.470016848000171, 13.406738455000038 ], [ 39.512579826000035, 13.414015883 ], [ 39.531899014000146, 13.401362192000136 ], [ 39.547509675000128, 13.440689996000174 ], [ 39.578316204000089, 13.432657397000185 ], [ 39.598105292000128, 13.386312843000042 ], [ 39.64349126500008, 13.400006139000084 ], [ 39.643746050000118, 13.419389095000156 ], [ 39.619765948000179, 13.428107957000179 ], [ 39.636899649000043, 13.456504289000122 ], [ 39.620021249000104, 13.473504565000042 ], [ 39.569701394000106, 13.48525846300015 ], [ 39.553351939000152, 13.528496481000104 ], [ 39.487473553000086, 13.577644646000124 ], [ 39.47445002600017, 13.609313426000085 ], [ 39.446673197000052, 13.550154018000171 ], [ 39.428007040000068, 13.538862573000188 ], [ 39.43602367200009, 13.528181039000117 ], [ 39.424907135000183, 13.49462390900004 ], [ 39.436076376000187, 13.477936379000084 ] ] ] } },
{ "type": "Feature", "properties": { "adm2_name": "Mekelle", "adm2_name1": null, "adm2_name2": null, "adm2_name3": null, "adm2_pcode": "ET0107", "adm1_name": "Tigray", "adm1_name1": null, "adm1_name2": null, "adm1_name3": null, "adm1_pcode": "ET01", "adm0_name": "Ethiopia", "adm0_name1": null, "adm0_name2": null, "adm0_name3": null, "adm0_pcode": "ET", "valid_on": "2025-01-01", "valid_to": null, "area_sqkm": 315.21303634999998, "version": "v04", "lang": "en", "lang1": null, "lang2": null, "lang3": null, "adm2_ref_n": null, "center_lat": null, "center_lon": null, "adm2_alt_n": null }, "geometry": { "type": "Polygon", "coordinates": [ [ [ 39.552612306000128, 13.521766572000047 ], [ 39.569701394000106, 13.48525846300015 ], [ 39.620021249000104, 13.473504565000042 ], [ 39.636899649000043, 13.456504289000122 ], [ 39.619765948000179, 13.428107957000179 ], [ 39.646515453, 13.415539201000115 ], [ 39.636074542000074, 13.416410033000034 ], [ 39.64033125200001, 13.3969048780001 ], [ 39.598105292000128, 13.386312843000042 ], [ 39.568194030000086, 13.440145734999987 ], [ 39.547509675000128, 13.440689996000174 ], [ 39.531899014000146, 13.401362192000136 ], [ 39.512579826000035, 13.414015883 ], [ 39.470016848000171, 13.406738455000038 ], [ 39.449965047000092, 13.416792597000097 ], [ 39.43813447000008, 13.399729333000096 ], [ 39.388845852000088, 13.434230434000028 ], [ 39.395014496000158, 13.467809240000122 ], [ 39.438411281000185, 13.478801871000087 ], [ 39.424907135000183, 13.49462390900004 ], [ 39.43602367200009, 13.528181039000117 ], [ 39.428007040000068, 13.538862573000188 ], [ 39.446673197000052, 13.550154018000171 ], [ 39.47393840400008, 13.60916633700009 ], [ 39.487473553000086, 13.577644646000124 ], [ 39.552612306000128, 13.521766572000047 ] ] ] } },
{ "type": "Feature", "properties": { "adm2_name": "Awsi /Zone 1", "adm2_name1": null, "adm2_name2": null, "adm2_name3": null, "adm2_pcode": "ET0201", "adm1_name": "Afar", "adm1_name1": null, "adm1_name2": null, "adm1_name3": null, "adm1_pcode": "ET02", "adm0_name": "Ethiopia", "adm0_name1": null, "adm0_name2": null, "adm0_name3": null, "adm0_pcode": "ET", "valid_on": "2025-01-01", "valid_to": null, "area_sqkm": 29581.570966089999, "version": "v04", "lang": "en", "lang1": null, "lang2": null, "lang3": null, "adm2_ref_n": null, "center_lat": null, "center_lon": null, "adm2_alt_n": null }, "geometry": { "type": "Polygon", "coordinates": [ [ [ 40.785680375000027, 11.164222718000076 ], [ 40.757025536000128, 11.054448990000026 ], [ 40.705629179000084, 11.010191014999975 ], [ 40.684204325000167, 11.094116095 ], [ 40.662798881000128, 11.10965248500014 ], [ 40.641859624000176, 11.098706965000076 ], [ 40.619492690000129, 11.110604270000124 ], [ 40.580469530000016, 11.103941779000138 ], [ 40.50751692700004, 11.053885161000039 ], [ 40.437047513000095, 11.08809621100005 ], [ 40.405437635000055, 11.126490262 ], [ 40.343511423000109, 11.164695216000098 ], [ 40.224813288000064, 11.13419531 ], [ 40.21815422300017, 11.148969500000135 ], [ 40.201289775000134, 11.145618703000082 ], [ 40.172875988000101, 11.239979554000172 ], [ 40.145619762000138, 11.255625560000112 ], [ 40.102577586000052, 11.316914856999972 ], [ 40.064956347000077, 11.337759224000081 ], [ 40.060914350000019, 11.474131536000129 ], [ 39.993314070000167, 11.58379725900005 ], [ 40.015285517000052, 11.645552521000184 ], [ 39.99411318600005, 11.681157761000065 ], [ 39.969655659000125, 11.664480789000095 ], [ 39.927039541000113, 11.698613494000085 ], [ 39.960931310999968, 11.703974074000087 ], [ 39.998768089000123, 11.687911002000078 ], [ 40.123549660000151, 11.727593313000114 ], [ 40.186450107000098, 11.71054532800008 ], [ 40.262451508000083, 11.752850166000087 ], [ 40.29810760700002, 11.714845467000146 ], [ 40.314550485000041, 11.721947040000032 ], [ 40.329706112000167, 11.769242194000071 ], [ 40.354338017000089, 11.697361414000056 ], [ 40.454557867000119, 11.665199431000076 ], [ 40.452936487999978, 11.819017473000144 ], [ 40.46764588100018, 11.827122590999977 ], [ 40.449741276000111, 11.866970554000034 ], [ 40.500149003999979, 11.915035057000068 ], [ 40.601561901000025, 11.894259923000106 ], [ 40.637393634000148, 11.901321316000065 ], [ 40.645883695000123, 11.914155869000183 ], [ 40.649269770000103, 11.943554963000111 ], [ 40.628355552000187, 11.999495933000048 ], [ 40.636305693000111, 12.016862195000044 ], [ 40.650849939000182, 12.015863917000047 ], [ 40.64481712900016, 12.032504587000062 ], [ 40.673852134000128, 12.079197689000068 ], [ 40.63288208300014, 12.16225658400009 ], [ 40.596144211000137, 12.283182712000041 ], [ 40.65912889800012, 12.314887976000023 ], [ 40.819169687, 12.478663734000122 ], [ 40.889233967000052, 12.627325782000128 ], [ 40.915060478000044, 12.718258779999985 ], [ 40.89516563400008, 12.741761126000029 ], [ 40.8910080550001, 12.80324550600011 ], [ 41.02826664600002, 12.745385665000128 ], [ 41.13473997900013, 12.753224390000071 ], [ 41.182021128000031, 12.730355866000139 ], [ 41.184610543000133, 12.687920987000098 ], [ 41.287332738000146, 12.651514927 ], [ 41.41301039200016, 12.582082307000064 ], [ 41.468290831000047, 12.62931136300017 ], [ 41.448618516000124, 12.743202794000126 ], [ 41.624729525000078, 12.853311266000105 ], [ 42.120944032000182, 12.757914445000097 ], [ 42.135692340000105, 12.745865757000104 ], [ 42.28026218500014, 12.556435585000088 ], [ 42.350738865000153, 12.517582657000048 ], [ 42.39972, 12.469720000000166 ], [ 42.33944, 12.39694 ], [ 42.308330000000183, 12.308330000000126 ], [ 42.25556, 12.26333 ], [ 42.12722, 12.090280000000121 ], [ 41.94861, 11.816670000000158 ], [ 41.829020000000128, 11.740970000000118 ], [ 41.759860000000174, 11.507920000000183 ], [ 41.811940000000163, 11.25792 ], [ 41.800550000000101, 11.03111 ], [ 41.78972, 11.00805 ], [ 41.811704585000143, 10.983851437000055 ], [ 41.763363201000175, 10.990871113000026 ], [ 41.717612896000105, 10.964781335000112 ], [ 41.51842245000006, 10.965211835000048 ], [ 41.481674972000178, 11.28968457700006 ], [ 41.424309700000151, 11.446616592000112 ], [ 41.449276173000101, 11.472277024 ], [ 41.394157599000152, 11.552589685000044 ], [ 41.310433298000135, 11.579994255000145 ], [ 41.325194283000144, 11.586126884000123 ], [ 41.29601747300012, 11.612898762000157 ], [ 41.284370672000193, 11.591933525000172 ], [ 41.266099660000123, 11.596462974000019 ], [ 41.296488504000081, 11.399349268000037 ], [ 41.272992248000037, 11.368804136000108 ], [ 41.224152890000084, 11.363181461000067 ], [ 41.207529524999984, 11.341363294000018 ], [ 41.126761059000046, 11.329904319000036 ], [ 41.016934062000132, 11.335629897000047 ], [ 40.990165126000193, 11.299937982000131 ], [ 40.950904019000063, 11.198216024000033 ], [ 40.909858317000101, 11.180370067000013 ], [ 40.873952250000116, 11.18255917100015 ], [ 40.869098150000127, 11.201023788000157 ], [ 40.860168231000102, 11.219799771000169 ], [ 40.850291454000114, 11.199919783000041 ], [ 40.812414419000106, 11.207713851999983 ], [ 40.806210236000027, 11.171670766000091 ], [ 40.785680375000027, 11.164222718000076 ] ] ] } },
{ "type": "Feature", "properties": { "adm2_name": "Kilbati /Zone 2", "adm2_name1": null, "adm2_name2": null, "adm2_name3": null, "adm2_pcode": "ET0202", "adm1_name": "Afar", "adm1_name1": null, "adm1_name2": null, "adm1_name3": null, "adm1_pcode": "ET02", "adm0_name": "Ethiopia", "adm0_name1": null, "adm0_name2": null, "adm0_name3": null, "adm0_pcode": "ET", "valid_on": "2025-01-01", "valid_to": null, "area_sqkm": 29871.325447449999, "version": "v04", "lang": "en", "lang1": null, "lang2": null, "lang3": null, "adm2_ref_n": null, "center_lat": null, "center_lon": null, "adm2_alt_n": null }, "geometry": { "type": "Polygon", "coordinates": [ [ [ 40.12146489800017, 12.795743516000073 ], [ 40.042953431000115, 12.569483815000183 ], [ 40.024569518000078, 12.56401385200013 ], [ 39.912814322000031, 12.593045421000113 ], [ 39.839179483000123, 12.573070134000034 ], [ 39.849187332000099, 12.547235906000139 ], [ 39.832764098000155, 12.549890952999988 ], [ 39.806736717000035, 12.596283054000082 ], [ 39.832573503000106, 12.634377556000061 ], [ 39.820077805000039, 12.658827258000088 ], [ 39.826104312000155, 12.693741426000031 ], [ 39.888647898000158, 12.755775692000157 ], [ 39.977982917000077, 12.792190897000012 ], [ 39.925204444000087, 12.893767369000045 ], [ 39.862363689000063, 12.962021568000068 ], [ 39.863058903000024, 13.019703688 ], [ 39.785749087000056, 13.262705021999977 ], [ 39.767315156000109, 13.285268958000188 ], [ 39.719723195000086, 13.294554241000071 ], [ 39.741704418999973, 13.351287595000031 ], [ 39.729522420000023, 13.378807824000035 ], [ 39.745758888000182, 13.374121329000104 ], [ 39.719517477000124, 13.475681038000062 ], [ 39.744547150000074, 13.570811597999977 ], [ 39.863907174000133, 13.548160815000188 ], [ 39.884068764000176, 13.748246227000038 ], [ 39.853197336000051, 13.766511068000057 ], [ 39.852273098000182, 13.794897904000095 ], [ 39.833701325000163, 13.821384023000121 ], [ 39.842246326000122, 13.838402885000164 ], [ 39.829022220000184, 13.868502307000142 ], [ 39.833278651000171, 13.918403375000025 ], [ 39.817633132000026, 13.942581124000071 ], [ 39.801657987999988, 13.945601886000077 ], [ 39.829200986000046, 13.974282718000097 ], [ 39.859164438000164, 13.96577285800015 ], [ 39.88593699400019, 14.012203097000167 ], [ 39.843997023000099, 14.050258584000176 ], [ 39.837624773000073, 14.154198463000057 ], [ 39.767133017000049, 14.140043372000093 ], [ 39.68199849500013, 14.164686730000028 ], [ 39.649962783000149, 14.188612418000105 ], [ 39.685722395000028, 14.216176396000094 ], [ 39.694087480000178, 14.241311387000053 ], [ 39.757304091000037, 14.239843563000136 ], [ 39.757605709000075, 14.277177362000145 ], [ 39.726247716000159, 14.302962213000114 ], [ 39.779204078000078, 14.330532193000067 ], [ 39.772049039000194, 14.37385066600018 ], [ 39.800948107000181, 14.387177744000098 ], [ 39.853118790000167, 14.367098800000178 ], [ 39.956508800999984, 14.362416345000099 ], [ 39.990843734000066, 14.381967487000054 ], [ 39.984256322000192, 14.432340698000132 ], [ 40.010217905000161, 14.439631002000112 ], [ 40.055258402000163, 14.486900711000146 ], [ 40.139918990000126, 14.498050334000084 ], [ 40.22258942100018, 14.478630022000175 ], [ 40.545590627000081, 14.301409044000138 ], [ 40.836741396000036, 14.084148277000168 ], [ 41.077301857000123, 13.878547704000084 ], [ 41.250372088000177, 13.712717340000154 ], [ 41.313702060000082, 13.630287251000084 ], [ 41.878682616000162, 13.089606055000047 ], [ 41.972552609000161, 12.983165899000142 ], [ 42.050232358000073, 12.843125902000111 ], [ 42.120944032000182, 12.757914445000097 ], [ 41.624729525000078, 12.853311266000105 ], [ 41.448618516000124, 12.743202794000126 ], [ 41.468290831000047, 12.62931136300017 ], [ 41.41301039200016, 12.582082307000064 ], [ 41.287332738000146, 12.651514927 ], [ 41.184610543000133, 12.687920987000098 ], [ 41.182021128000031, 12.730355866000139 ], [ 41.13473997900013, 12.753224390000071 ], [ 41.02826664600002, 12.745385665000128 ], [ 40.715825052000184, 12.875879956000176 ], [ 40.577482592000194, 12.890413280000075 ], [ 40.515626448000035, 13.052641725000115 ], [ 40.396198646000073, 12.888409852000052 ], [ 40.35421138300012, 12.910177521000151 ], [ 40.29804593199998, 12.91318937 ], [ 40.257838031000063, 12.884442176 ], [ 40.280601835000027, 12.754181111000094 ], [ 40.245241973000191, 12.74430326300012 ], [ 40.215378170000065, 12.767358559000115 ], [ 40.204604803000166, 12.792812173000073 ], [ 40.171089280000047, 12.808368552000161 ], [ 40.12146489800017, 12.795743516000073 ] ] ] } },
{ "type": "Feature", "properties": { "adm2_name": "Gabi /Zone 3", "adm2_name1": null, "adm2_name2": null, "adm2_name3": null, "adm2_pcode": "ET0203", "adm1_name": "Afar", "adm1_name1": null, "adm1_name2": null, "adm1_name3": null, "adm1_pcode": "ET02", "adm0_name": "Ethiopia", "adm0_name1": null, "adm0_name2": null, "adm0_name3": null, "adm0_pcode": "ET", "valid_on": "2025-01-01", "valid_to": null, "area_sqkm": 10072.063819499999, "version": "v04", "lang": "en", "lang1": null, "lang2": null, "lang3": null, "adm2_ref_n": null, "center_lat": null, "center_lon": null, "adm2_alt_n": null }, "geometry": { "type": "Polygon", "coordinates": [ [ [ 40.169350351000162, 8.963451817000134 ], [ 40.094496917000185, 8.86216516900015 ], [ 40.06695374800006, 8.843969253000068 ], [ 40.024218561000055, 8.845049361000065 ], [ 40.01091856700009, 8.87077937700019 ], [ 40.036618778000104, 8.906529287000183 ], [ 40.047459013999969, 8.977889205000054 ], [ 40.021928961000128, 9.002279258000101 ], [ 39.947628630000054, 9.00359944700017 ], [ 39.951868717000139, 9.029989418000071 ], [ 39.91874867000007, 9.068409475000124 ], [ 39.909018797000158, 9.131799454000031 ], [ 39.877658687000121, 9.144729525000059 ], [ 39.817420679000122, 9.136314175000109 ], [ 39.813013316000024, 9.171110355000053 ], [ 39.873029747000089, 9.227292375000047 ], [ 39.857005408000191, 9.270074091000083 ], [ 39.885989008000081, 9.269359403000067 ], [ 39.844136254000148, 9.314182703000085 ], [ 39.778879464, 9.30986388499997 ], [ 39.749826332000112, 9.369215006000047 ], [ 39.791478857000016, 9.369819571999983 ], [ 39.785192561000031, 9.395607140999971 ], [ 39.821455806000131, 9.417440211000098 ], [ 39.878645824000159, 9.400410595000039 ], [ 39.872525838000058, 9.459261316000152 ], [ 39.83752582600016, 9.50189908100009 ], [ 39.857324161000179, 9.547084830000131 ], [ 39.847578568000017, 9.564292121000051 ], [ 39.87714658800013, 9.57656938700012 ], [ 39.883795549000183, 9.610633282000151 ], [ 39.839127550000171, 9.723559838000085 ], [ 39.84977405800015, 9.748358985000039 ], [ 39.875800348000098, 9.752809007000167 ], [ 39.953983276000031, 9.730397252000046 ], [ 39.924653332000105, 9.680351694000137 ], [ 40.012696563000077, 9.683704423000165 ], [ 40.072835991000147, 9.648313212000119 ], [ 40.14137856800005, 9.653069646 ], [ 40.298497853000185, 9.625011204000145 ], [ 40.298026232000154, 9.655061773999989 ], [ 40.277205177000042, 9.664350898000123 ], [ 40.273648383000079, 9.654650397000182 ], [ 40.273932855000169, 9.666181360000053 ], [ 40.254873864, 9.669864190000169 ], [ 40.262716222000165, 9.690794135000033 ], [ 40.241661563000093, 9.709580788000039 ], [ 40.258597994000127, 9.746927319000065 ], [ 40.252201327000137, 9.761629098000128 ], [ 40.224859867000077, 9.764264625000123 ], [ 40.228376807000075, 9.789325967000025 ], [ 40.285570952000057, 9.902423111000019 ], [ 40.311455190000174, 9.92216858900008 ], [ 40.337287081000113, 9.922341702000097 ], [ 40.35246408200004, 9.948609484000144 ], [ 40.337965491000091, 9.991157439000062 ], [ 40.325239528000054, 9.99249195200008 ], [ 40.334664229000168, 10.037231390000102 ], [ 40.389625436000074, 10.129079704000048 ], [ 40.392116477000059, 10.150390892000132 ], [ 40.366975617000037, 10.173198664999973 ], [ 40.39070813800015, 10.18479055600011 ], [ 40.402835532000097, 10.230250365000131 ], [ 40.432149301000038, 10.261729665000075 ], [ 40.406229090000068, 10.313423432000036 ], [ 40.433001364000063, 10.325716113999988 ], [ 40.490522273000067, 10.304530505000116 ], [ 40.565907856000081, 10.31506413000011 ], [ 40.546970516000158, 10.369870090000063 ], [ 40.577220574000137, 10.325097594000169 ], [ 40.597208046000162, 10.318673048999983 ], [ 40.58908317900017, 10.297626717000128 ], [ 40.635839587000078, 10.26514707400014 ], [ 40.691162056000053, 10.295485202000179 ], [ 40.724355537000179, 10.27835308300007 ], [ 40.741487656000061, 10.296912878000171 ], [ 40.789671741000063, 10.283349951000162 ], [ 40.804305427000088, 10.331534036000164 ], [ 40.850347997000085, 10.315115755000022 ], [ 40.902815112000098, 10.321183381000026 ], [ 40.933153240000138, 10.291559091000124 ], [ 40.995078713000055, 10.288703738000038 ], [ 40.974676674000136, 10.156645228000173 ], [ 40.936556112000119, 10.035245519 ], [ 40.965806035000071, 9.971685510000043 ], [ 41.01335621000004, 9.959995378000031 ], [ 41.01393614400007, 9.939205401000152 ], [ 40.847334932000138, 9.790326117000177 ], [ 40.751893772000074, 9.654612077000024 ], [ 40.70220239300005, 9.536092664000137 ], [ 40.696138915000176, 9.446065145000091 ], [ 40.675543034000043, 9.417517067000063 ], [ 40.635972799000058, 9.395947209000042 ], [ 40.528412291000052, 9.385457529000064 ], [ 40.47102194900009, 9.354757718000087 ], [ 40.408121459000029, 9.28118796900003 ], [ 40.327020742, 9.154658312000095 ], [ 40.245500161000052, 9.074868599000013 ], [ 40.23780991000018, 8.99733868800007 ], [ 40.169350351000162, 8.963451817000134 ] ] ] } },
{ "type": "Feature", "properties": { "adm2_name": "Fanti /Zone 4", "adm2_name1": null, "adm2_name2": null, "adm2_name3": null, "adm2_pcode": "ET0204", "adm1_name": "Afar", "adm1_name1": null, "adm1_name2": null, "adm1_name3": null, "adm1_pcode": "ET02", "adm0_name": "Ethiopia", "adm0_name1": null, "adm0_name2": null, "adm0_name3": null, "adm0_pcode": "ET", "valid_on": "2025-01-01", "valid_to": null, "area_sqkm": 11141.990057389999, "version": "v04", "lang": "en", "lang1": null, "lang2": null, "lang3": null, "adm2_ref_n": null, "center_lat": null, "center_lon": null, "adm2_alt_n": null }, "geometry": { "type": "Polygon", "coordinates": [ [ [ 40.500149003999979, 11.915035057000068 ], [ 40.449741276000111, 11.866970554000034 ], [ 40.46764588100018, 11.827122590999977 ], [ 40.452936487999978, 11.819017473000144 ], [ 40.454557867000119, 11.665199431000076 ], [ 40.354338017000089, 11.697361414000056 ], [ 40.329706112000167, 11.769242194000071 ], [ 40.314550485000041, 11.721947040000032 ], [ 40.29810760700002, 11.714845467000146 ], [ 40.262451508000083, 11.752850166000087 ], [ 40.186450107000098, 11.71054532800008 ], [ 40.123549660000151, 11.727593313000114 ], [ 39.998768089000123, 11.687911002000078 ], [ 39.960931310999968, 11.703974074000087 ], [ 39.927039541000113, 11.698613494000085 ], [ 39.874871622000171, 11.778754453000147 ], [ 39.887100224000164, 11.905738230000111 ], [ 39.876546907000147, 11.974361157000146 ], [ 39.841262494000034, 12.053548152000076 ], [ 39.861724730000049, 12.088369026000123 ], [ 39.828600589000189, 12.099837122000054 ], [ 39.799860768000144, 12.194985067000061 ], [ 39.807546950000187, 12.238868944999979 ], [ 39.827579057000037, 12.240457884000136 ], [ 39.817622562, 12.341872429000148 ], [ 39.830876304000071, 12.357500495000181 ], [ 39.814929224000082, 12.407061931000044 ], [ 39.863112708000131, 12.463346011999988 ], [ 39.882572530000175, 12.457662647000063 ], [ 39.866285922000145, 12.47262432600013 ], [ 39.881065664000175, 12.484460752000189 ], [ 39.839179483000123, 12.573070134000034 ], [ 39.912814322000031, 12.593045421000113 ], [ 40.04178754000003, 12.568528466000089 ], [ 40.095384866000188, 12.70228207200006 ], [ 40.105977849000112, 12.774615604000076 ], [ 40.123569689000135, 12.798583312 ], [ 40.171089280000047, 12.808368552000161 ], [ 40.204604803000166, 12.792812173000073 ], [ 40.215378170000065, 12.767358559000115 ], [ 40.245241973000191, 12.74430326300012 ], [ 40.280601835000027, 12.754181111000094 ], [ 40.257838031000063, 12.884442176 ], [ 40.29804593199998, 12.91318937 ], [ 40.35421138300012, 12.910177521000151 ], [ 40.396198646000073, 12.888409852000052 ], [ 40.515626448000035, 13.052641725000115 ], [ 40.577482592000194, 12.890413280000075 ], [ 40.715825052000184, 12.875879956000176 ], [ 40.8910080550001, 12.80324550600011 ], [ 40.89516563400008, 12.741761126000029 ], [ 40.915060478000044, 12.718258779999985 ], [ 40.889233967000052, 12.627325782000128 ], [ 40.819169687, 12.478663734000122 ], [ 40.65912889800012, 12.314887976000023 ], [ 40.596144211000137, 12.283182712000041 ], [ 40.63288208300014, 12.16225658400009 ], [ 40.673852134000128, 12.079197689000068 ], [ 40.64481712900016, 12.032504587000062 ], [ 40.650849939000182, 12.015863917000047 ], [ 40.636305693000111, 12.016862195000044 ], [ 40.628355552000187, 11.999495933000048 ], [ 40.649269770000103, 11.943554963000111 ], [ 40.644801159999986, 11.91198560700019 ], [ 40.601561901000025, 11.894259923000106 ], [ 40.500149003999979, 11.915035057000068 ] ] ] } },
{ "type": "Feature", "properties": { "adm2_name": "Hari /Zone 5", "adm2_name1": null, "adm2_name2": null, "adm2_name3": null, "adm2_pcode": "ET0205", "adm1_name": "Afar", "adm1_name1": null, "adm1_name2": null, "adm1_name3": null, "adm1_pcode": "ET02", "adm0_name": "Ethiopia", "adm0_name1": null, "adm0_name2": null, "adm0_name3": null, "adm0_pcode": "ET", "valid_on": "2025-01-01", "valid_to": null, "area_sqkm": 5535.1564336700003, "version": "v04", "lang": "en", "lang1": null, "lang2": null, "lang3": null, "adm2_ref_n": null, "center_lat": null, "center_lon": null, "adm2_alt_n": null }, "geometry": { "type": "Polygon", "coordinates": [ [ [ 40.334382144000188, 10.034362892000104 ], [ 40.325239528000054, 9.99249195200008 ], [ 40.337965491000091, 9.991157439000062 ], [ 40.352171259000045, 9.947821168000075 ], [ 40.337287081000113, 9.922341702000097 ], [ 40.311455190000174, 9.92216858900008 ], [ 40.285570952000057, 9.902423111000019 ], [ 40.272718508000139, 9.863797189000138 ], [ 40.253396384000155, 9.854392381000025 ], [ 40.259061741000039, 9.844373327000085 ], [ 40.224885998, 9.764814820000083 ], [ 40.252201327000137, 9.761629098000128 ], [ 40.259501619, 9.74028469700005 ], [ 40.241661563000093, 9.709580788000039 ], [ 40.262716222000165, 9.690794135000033 ], [ 40.254873864, 9.669864190000169 ], [ 40.273932855000169, 9.666181360000053 ], [ 40.273648383000079, 9.654650397000182 ], [ 40.277205177000042, 9.664350898000123 ], [ 40.298026232000154, 9.655061773999989 ], [ 40.298497853000185, 9.625011204000145 ], [ 40.14137856800005, 9.653069646 ], [ 40.072835991000147, 9.648313212000119 ], [ 40.012696563000077, 9.683704423000165 ], [ 39.920982660000163, 9.682909889000143 ], [ 39.953983276000031, 9.730397252000046 ], [ 40.013766690000068, 9.737567590000026 ], [ 39.991154010000116, 9.756725605000042 ], [ 40.008073401000047, 9.78177612800016 ], [ 40.011025413000027, 9.818556814000146 ], [ 40.070692824000162, 9.857416624000052 ], [ 40.058430127000122, 9.864339007000012 ], [ 40.063559105000138, 9.902413099000114 ], [ 40.077824466000152, 9.905461926000044 ], [ 40.088842507000038, 9.93480546100011 ], [ 40.04315937500013, 9.991030512000179 ], [ 39.947354193000137, 9.993374848000144 ], [ 39.929689071000155, 10.005838085999983 ], [ 39.943444662000047, 10.059189888000105 ], [ 39.927274822000129, 10.089962566 ], [ 40.132584922000092, 10.071093523000116 ], [ 40.158145723000132, 10.090278606000084 ], [ 40.128993667000032, 10.173546208000062 ], [ 40.155579610000188, 10.257410691000132 ], [ 40.146659743000157, 10.277217092000171 ], [ 40.160385655000027, 10.300797679000141 ], [ 40.163639855000156, 10.41236375200009 ], [ 40.102610932000175, 10.755046175000132 ], [ 40.166695362000098, 10.805048304000138 ], [ 40.180501636000088, 10.896861903000115 ], [ 40.149310951000132, 10.895796132000157 ], [ 40.123771524000063, 10.93763921600015 ], [ 40.144128374000047, 10.952115006999975 ], [ 40.186939037000059, 11.025342766000165 ], [ 40.19379644300011, 11.096367235000116 ], [ 40.21243793400015, 11.108908124000095 ], [ 40.201289775000134, 11.145618703000082 ], [ 40.21815422300017, 11.148969500000135 ], [ 40.224813288000064, 11.13419531 ], [ 40.330207710000082, 11.166519221000101 ], [ 40.404711101000146, 11.127069854000183 ], [ 40.459108510000135, 11.073909750000155 ], [ 40.506090734999987, 11.054009720000124 ], [ 40.479323505000025, 11.036337469000102 ], [ 40.462600523000162, 11.008884841000111 ], [ 40.464684026000157, 10.979690346000098 ], [ 40.449816799000075, 10.974331254999981 ], [ 40.458421495000039, 10.897142270000131 ], [ 40.449403049000125, 10.88912332700005 ], [ 40.456678725000131, 10.877199675000043 ], [ 40.45065823300007, 10.807448818000125 ], [ 40.438131524000028, 10.787130039000033 ], [ 40.447922919000064, 10.759740755999985 ], [ 40.438914735000083, 10.724115697000173 ], [ 40.455476777000115, 10.683988575 ], [ 40.476402017000055, 10.674314958000139 ], [ 40.493351024000106, 10.622991826000032 ], [ 40.514323311000112, 10.613263932 ], [ 40.513733363000142, 10.595185846999982 ], [ 40.504476984000178, 10.600604933 ], [ 40.515497916000072, 10.577006621000066 ], [ 40.511776627000074, 10.527936861000057 ], [ 40.526027608000163, 10.525572057000147 ], [ 40.522339973000157, 10.498199346000092 ], [ 40.562793090000127, 10.437079112999982 ], [ 40.546332984000173, 10.367810235999968 ], [ 40.56629767000004, 10.315732045 ], [ 40.490522273000067, 10.304530505000116 ], [ 40.433001364000063, 10.325716113999988 ], [ 40.406229090000068, 10.313423432000036 ], [ 40.432149301000038, 10.261729665000075 ], [ 40.402835532000097, 10.230250365000131 ], [ 40.39070813800015, 10.18479055600011 ], [ 40.366975617000037, 10.173198664999973 ], [ 40.392116477000059, 10.150390892000132 ], [ 40.389625436000074, 10.129079704000048 ], [ 40.334382144000188, 10.034362892000104 ] ] ] } },
{ "type": "Feature", "properties": { "adm2_name": "Mahi /Zone 6", "adm2_name1": null, "adm2_name2": null, "adm2_name3": null, "adm2_pcode": "ET0206", "adm1_name": "Afar", "adm1_name1": null, "adm1_name2": null, "adm1_name3": null, "adm1_pcode": "ET02", "adm0_name": "Ethiopia", "adm0_name1": null, "adm0_name2": null, "adm0_name3": null, "adm0_pcode": "ET", "valid_on": "2025-01-01", "valid_to": null, "area_sqkm": 8687.25383091, "version": "v04", "lang": "en", "lang1": null, "lang2": null, "lang3": null, "adm2_ref_n": null, "center_lat": null, "center_lon": null, "adm2_alt_n": null }, "geometry": { "type": "Polygon", "coordinates": [ [ [ 41.220060127000124, 10.834463355000082 ], [ 41.077268923000076, 10.681154098000093 ], [ 41.087038686000085, 10.600564198000143 ], [ 40.998596919000192, 10.283074763000116 ], [ 40.933153240000138, 10.291559091000124 ], [ 40.902815112000098, 10.321183381000026 ], [ 40.850347997000085, 10.315115755000022 ], [ 40.804305427000088, 10.331534036000164 ], [ 40.789671741000063, 10.283349951000162 ], [ 40.741487656000061, 10.296912878000171 ], [ 40.724355537000179, 10.27835308300007 ], [ 40.691162056000053, 10.295485202000179 ], [ 40.635839587000078, 10.26514707400014 ], [ 40.58908317900017, 10.297626717000128 ], [ 40.597208046000162, 10.318673048999983 ], [ 40.577220574000137, 10.325097594000169 ], [ 40.546970516000158, 10.369870090000063 ], [ 40.562793090000127, 10.437079112999982 ], [ 40.522339973000157, 10.498199346000092 ], [ 40.526027608000163, 10.525572057000147 ], [ 40.511776627000074, 10.527936861000057 ], [ 40.515497916000072, 10.577006621000066 ], [ 40.504476984000178, 10.600604933 ], [ 40.513733363000142, 10.595185846999982 ], [ 40.514323311000112, 10.613263932 ], [ 40.493351024000106, 10.622991826000032 ], [ 40.476402017000055, 10.674314958000139 ], [ 40.455476777000115, 10.683988575 ], [ 40.438914735000083, 10.724115697000173 ], [ 40.447922919000064, 10.759740755999985 ], [ 40.438131524000028, 10.787130039000033 ], [ 40.45065823300007, 10.807448818000125 ], [ 40.456678725000131, 10.877199675000043 ], [ 40.449403049000125, 10.88912332700005 ], [ 40.458421495000039, 10.897142270000131 ], [ 40.448150381000062, 10.965224947000081 ], [ 40.464684026000157, 10.979690346000098 ], [ 40.462600523000162, 11.008884841000111 ], [ 40.480686701000025, 11.037766096000098 ], [ 40.599505218000161, 11.110604270000124 ], [ 40.641859624000176, 11.098706965000076 ], [ 40.676599754000051, 11.104417671000078 ], [ 40.694038813000134, 11.029729841000176 ], [ 40.711815777000027, 11.010666908000189 ], [ 40.757025536000128, 11.054448990000026 ], [ 40.783498492999968, 11.161396738 ], [ 40.806210236000027, 11.171670766000091 ], [ 40.81146359100012, 11.207287523000161 ], [ 40.850291454000114, 11.199919783000041 ], [ 40.860168231000102, 11.219799771000169 ], [ 40.873952250000116, 11.18255917100015 ], [ 40.909858317000101, 11.180370067000013 ], [ 40.950904019000063, 11.198216024000033 ], [ 40.990165126000193, 11.299937982000131 ], [ 41.016934062000132, 11.335629897000047 ], [ 41.126761059000046, 11.329904319000036 ], [ 41.207529524999984, 11.341363294000018 ], [ 41.224152890000084, 11.363181461000067 ], [ 41.272992248000037, 11.368804136000108 ], [ 41.296488504000081, 11.399349268000037 ], [ 41.266099660000123, 11.596462974000019 ], [ 41.284370672000193, 11.591933525000172 ], [ 41.29601747300012, 11.612898762000157 ], [ 41.325194283000144, 11.586126884000123 ], [ 41.310433298000135, 11.579994255000145 ], [ 41.394157599000152, 11.552589685000044 ], [ 41.449276173000101, 11.472277024 ], [ 41.424309700000151, 11.446616592000112 ], [ 41.481674972000178, 11.28968457700006 ], [ 41.51842245000006, 10.965211835000048 ], [ 41.268160800000146, 10.957852979000108 ], [ 41.2407505380001, 10.921363138000117 ], [ 41.220060127000124, 10.834463355000082 ] ] ] } },
{ "type": "Feature", "properties": { "adm2_name": "North Gondar", "adm2_name1": null, "adm2_name2": null, "adm2_name3": null, "adm2_pcode": "ET0301", "adm1_name": "Amhara", "adm1_name1": null, "adm1_name2": null, "adm1_name3": null, "adm1_pcode": "ET03", "adm0_name": "Ethiopia", "adm0_name1": null, "adm0_name2": null, "adm0_name3": null, "adm0_pcode": "ET", "valid_on": "2025-01-01", "valid_to": null, "area_sqkm": 6855.0763354600003, "version": "v04", "lang": "en", "lang1": null, "lang2": null, "lang3": null, "adm2_ref_n": null, "center_lat": null, "center_lon": null, "adm2_alt_n": null }, "geometry": { "type": "Polygon", "coordinates": [ [ [ 38.351121056000181, 12.986490469000046 ], [ 38.33574459700003, 12.952382771000089 ], [ 38.370690226000193, 12.946201159 ], [ 38.398265560000027, 12.920714256 ], [ 38.381372413, 12.910592586000121 ], [ 38.386598110000136, 12.891554957000096 ], [ 38.361579501000165, 12.906194791000132 ], [ 38.35505847800016, 12.897308243000055 ], [ 38.34167252400016, 12.852836872000125 ], [ 38.354888673000062, 12.849266377000049 ], [ 38.327891355000077, 12.796348341000112 ], [ 38.33007808800005, 12.760012424000081 ], [ 38.312173415000188, 12.754366177000179 ], [ 38.295812201000047, 12.816236247 ], [ 38.261777456000175, 12.825162596000098 ], [ 38.264647418000095, 12.898583744000177 ], [ 38.24763883900016, 12.90224368000014 ], [ 38.222974443000055, 12.873534093000103 ], [ 38.186834017000137, 12.904717293999965 ], [ 38.192318401000023, 12.939228540000158 ], [ 38.162091467000153, 12.941335967000157 ], [ 38.134086768000031, 12.871769605000168 ], [ 38.124048704000131, 12.876497103000133 ], [ 38.133216675000085, 12.897891623000021 ], [ 38.126632929000152, 12.967870682000182 ], [ 38.089799309000057, 12.98142873200004 ], [ 38.053798657000129, 12.934960836000187 ], [ 38.036641881000037, 12.94851937500016 ], [ 38.001133418000052, 13.026924604000101 ], [ 38.043786429000193, 13.074125489000096 ], [ 37.993449605000137, 13.106617151000137 ], [ 37.97545433300013, 13.081640520000064 ], [ 37.954863444000068, 13.078925933999983 ], [ 37.948372513999971, 13.05591277200017 ], [ 37.905022032000147, 13.041908885000112 ], [ 37.919683160000147, 13.029602839000063 ], [ 37.893778277000024, 12.99930303900004 ], [ 37.912674285000151, 12.905313637000063 ], [ 37.825896295000121, 12.926939269 ], [ 37.772298557000113, 12.921119059000034 ], [ 37.732413059000066, 12.880501970000125 ], [ 37.662121711000111, 12.894313301000068 ], [ 37.645692898000163, 12.911547077000137 ], [ 37.649973335000027, 12.927237016000049 ], [ 37.627818904000037, 12.920615243999976 ], [ 37.635863558000096, 12.956920309000168 ], [ 37.579031980000025, 12.945398217 ], [ 37.547478830000159, 12.965962350000041 ], [ 37.523957340000152, 13.095344924000131 ], [ 37.455782978000059, 13.099526665000042 ], [ 37.483441595000158, 13.157094885000106 ], [ 37.514221353000096, 13.189746680000155 ], [ 37.542845318000104, 13.197029311999984 ], [ 37.548203857000033, 13.222164970000165 ], [ 37.52927407500016, 13.294564094000066 ], [ 37.549234946000183, 13.312705727000036 ], [ 37.523677372000122, 13.369931853000026 ], [ 37.631671712000184, 13.410879923000039 ], [ 37.676794297000185, 13.450687568000149 ], [ 37.714425549000168, 13.542012677000059 ], [ 37.759926005000125, 13.590998005000188 ], [ 37.776066951000132, 13.633502867000061 ], [ 37.784149450000029, 13.587719252000056 ], [ 37.769024663000096, 13.562598912999988 ], [ 37.792659305000029, 13.520614519000048 ], [ 37.809005963000061, 13.519093881000174 ], [ 37.816905536000093, 13.463175524000064 ], [ 37.86640019400005, 13.475127248999968 ], [ 37.904101474000186, 13.447048973000051 ], [ 37.946487353000066, 13.466415070000096 ], [ 37.968388894000043, 13.493693843000187 ], [ 38.001179411000066, 13.501097501000118 ], [ 38.059441013000139, 13.467191866000064 ], [ 38.120990784000071, 13.506304382000053 ], [ 38.145192748000056, 13.471678588000032 ], [ 38.173720225000068, 13.493443946000184 ], [ 38.20089763600015, 13.480138398000122 ], [ 38.247957957999972, 13.501662639000131 ], [ 38.259142031000124, 13.486203203000173 ], [ 38.278917156000034, 13.485519139000075 ], [ 38.319856452000067, 13.50215196500011 ], [ 38.327883107000105, 13.550325213 ], [ 38.341196735000153, 13.537642856000048 ], [ 38.359950907000041, 13.553004272000067 ], [ 38.37983954800012, 13.544477135000022 ], [ 38.391234110000028, 13.553355668000052 ], [ 38.406508159000168, 13.539411139000094 ], [ 38.440805702000148, 13.584405289000017 ], [ 38.451038580000045, 13.584599391000097 ], [ 38.442793750000135, 13.560540201000038 ], [ 38.453622524000139, 13.556946122000113 ], [ 38.46521463300013, 13.567644900000175 ], [ 38.477619910999977, 13.55234488300016 ], [ 38.553946141000154, 13.550308131 ], [ 38.542458952000118, 13.525802187000124 ], [ 38.496804606000069, 13.506789362000063 ], [ 38.498256686000161, 13.484455432000061 ], [ 38.467402843000173, 13.484901999000158 ], [ 38.460991233000072, 13.459561585000131 ], [ 38.562075459000027, 13.483329711000067 ], [ 38.590112415000078, 13.506124023000154 ], [ 38.614045233000184, 13.490686865000043 ], [ 38.662150268000062, 13.531181440000125 ], [ 38.676430296000149, 13.483440269000027 ], [ 38.648180239000112, 13.481377610000152 ], [ 38.615788282000096, 13.451400938000177 ], [ 38.622371244000135, 13.411227093000036 ], [ 38.669133566000028, 13.391859999000189 ], [ 38.70568553600009, 13.389298880000126 ], [ 38.721865207000064, 13.408050577999973 ], [ 38.733132743000112, 13.39881121600007 ], [ 38.739521761000049, 13.293518656000117 ], [ 38.663086343000145, 13.294450065000149 ], [ 38.62832792200004, 13.309426650000034 ], [ 38.572660300000166, 13.292448088000128 ], [ 38.576744248000068, 13.247427929000082 ], [ 38.548872716000176, 13.223933632000126 ], [ 38.559710925000161, 13.199070390000145 ], [ 38.534000191000189, 13.198594245999971 ], [ 38.550165936999974, 13.171109221000052 ], [ 38.495275715000162, 13.185984174000055 ], [ 38.496637005000139, 13.165028546000087 ], [ 38.510815290999972, 13.155868726000165 ], [ 38.489734560000045, 13.102666216000159 ], [ 38.503588223000122, 13.083266013000184 ], [ 38.464828483000133, 13.084767641000099 ], [ 38.44856231000017, 13.057123924000166 ], [ 38.424095930000135, 13.094919852000146 ], [ 38.412152138000067, 13.067762104 ], [ 38.388582369000062, 13.075841858999979 ], [ 38.378724718000058, 13.065339294000125 ], [ 38.381330589000129, 13.008547986000167 ], [ 38.35282171800003, 13.022546229000113 ], [ 38.370481248000146, 12.986080380000146 ], [ 38.351121056000181, 12.986490469000046 ] ] ] } },
{ "type": "Feature", "properties": { "adm2_name": "South Gondar", "adm2_name1": null, "adm2_name2": null, "adm2_name3": null, "adm2_pcode": "ET0302", "adm1_name": "Amhara", "adm1_name1": null, "adm1_name2": null, "adm1_name3": null, "adm1_pcode": "ET03", "adm0_name": "Ethiopia", "adm0_name1": null, "adm0_name2": null, "adm0_name3": null, "adm0_pcode": "ET", "valid_on": "2025-01-01", "valid_to": null, "area_sqkm": 14689.889888940001, "version": "v04", "lang": "en", "lang1": null, "lang2": null, "lang3": null, "adm2_ref_n": null, "center_lat": null, "center_lon": null, "adm2_alt_n": null }, "geometry": { "type": "Polygon", "coordinates": [ [ [ 37.989573422000149, 11.201200135000079 ], [ 37.948365607000028, 11.191344139000137 ], [ 37.927434648000087, 11.209764101000076 ], [ 37.876205693000031, 11.216394252000043 ], [ 37.828811722000182, 11.25714690600006 ], [ 37.789666062000094, 11.264119537999989 ], [ 37.736981148000098, 11.304105023000034 ], [ 37.633732767000083, 11.456361622000145 ], [ 37.62577922600002, 11.481275482000058 ], [ 37.644493802000056, 11.491217610000035 ], [ 37.629097336000143, 11.520283152000104 ], [ 37.617090546000043, 11.527819022000131 ], [ 37.59240111600019, 11.510234396000044 ], [ 37.573646586999985, 11.549733811000181 ], [ 37.556445033000159, 11.545450485000117 ], [ 37.542981887000167, 11.561878501000137 ], [ 37.549789646000079, 11.578559403999975 ], [ 37.519367184000146, 11.592974457000139 ], [ 37.51259421200001, 11.628942665000068 ], [ 37.52670826300016, 11.627223742000012 ], [ 37.543483187000049, 11.648889863000079 ], [ 37.503656677000095, 11.698261934000129 ], [ 37.504161007000107, 11.723281507000024 ], [ 37.496491662000153, 11.731901141000037 ], [ 37.440200938000032, 11.720001407000041 ], [ 37.380169026000033, 11.789726391000045 ], [ 37.374876502000177, 11.830801271999974 ], [ 37.404652010000177, 11.8840272650001 ], [ 37.399628560000053, 12.070523055000137 ], [ 37.422716811000157, 12.098077372000091 ], [ 37.53938596800009, 12.087675405000027 ], [ 37.633619140000178, 12.154283525000039 ], [ 37.647077036999974, 12.142077925000024 ], [ 37.672890957000163, 12.144931758000155 ], [ 37.693752310000036, 12.152402843000061 ], [ 37.695241976000034, 12.171326519000104 ], [ 37.734124876000067, 12.171970968000039 ], [ 37.752583561999984, 12.185442553000144 ], [ 37.761924862, 12.216057564000039 ], [ 37.734191744000043, 12.199130320000165 ], [ 37.737836767000147, 12.208340878000172 ], [ 37.700481450000098, 12.238739365000129 ], [ 37.682226386000082, 12.275946360000148 ], [ 37.647313583000027, 12.286194015000092 ], [ 37.66420009, 12.319731059000105 ], [ 37.684501251000142, 12.332053561 ], [ 37.728875159999973, 12.324454067999966 ], [ 37.767145012000128, 12.367687018000026 ], [ 37.775759128000175, 12.347198973000104 ], [ 37.794386018000182, 12.344303668000123 ], [ 37.788461236000046, 12.304509809000137 ], [ 37.812549977, 12.300423975000115 ], [ 37.830141733, 12.251474870000038 ], [ 37.863604953000163, 12.254781692999984 ], [ 37.882419498000161, 12.292251087000125 ], [ 37.904557941000064, 12.268584610000119 ], [ 37.91890937800008, 12.274670322000077 ], [ 37.939557801000149, 12.220922534000067 ], [ 37.964814304000072, 12.218076064000059 ], [ 37.949237224000115, 12.300877164000042 ], [ 37.960022862000073, 12.305009366000149 ], [ 37.963504876000059, 12.288024691000032 ], [ 37.982965956000044, 12.308230058 ], [ 37.989359005999972, 12.299810800000103 ], [ 38.004041820000168, 12.315919748000113 ], [ 38.020086555000148, 12.308927542000163 ], [ 38.058772463000082, 12.333122076000052 ], [ 38.075650138000015, 12.310652282000035 ], [ 38.098387198000125, 12.32552820900014 ], [ 38.113057798000057, 12.318733788000088 ], [ 38.113698062000083, 12.338186696000093 ], [ 38.140295470000012, 12.330328773000133 ], [ 38.171828458000164, 12.338728302000106 ], [ 38.209755535000056, 12.374130589 ], [ 38.289855027000101, 12.41689121800016 ], [ 38.292311639000161, 12.435583488000077 ], [ 38.345543887000133, 12.48663134200018 ], [ 38.364731959000039, 12.525771854000027 ], [ 38.419813435000094, 12.55303771500013 ], [ 38.414285080000184, 12.531420654000044 ], [ 38.430125357000122, 12.502297873000146 ], [ 38.44097965900005, 12.404549580000094 ], [ 38.489113794000048, 12.346097814000075 ], [ 38.486419118000185, 12.323980323000114 ], [ 38.457261617000086, 12.287415217000046 ], [ 38.444613825000033, 12.227454032000082 ], [ 38.4619124190001, 12.213515284000039 ], [ 38.488065841000093, 12.126758186000131 ], [ 38.50478759300006, 12.114735869000071 ], [ 38.532813001000193, 12.123535781000044 ], [ 38.56943818000002, 12.085521 ], [ 38.608442385000046, 12.076097466000135 ], [ 38.641781165, 12.029534055999989 ], [ 38.634407977000137, 11.976295468000046 ], [ 38.603179883000053, 11.95516692700005 ], [ 38.548312242000179, 11.869068958000071 ], [ 38.574772357000029, 11.82294599 ], [ 38.555391398000097, 11.791431223000075 ], [ 38.561399994, 11.773644338000167 ], [ 38.602165530000036, 11.753724427000179 ], [ 38.609745047000047, 11.72831648500005 ], [ 38.635603728000035, 11.705175970000084 ], [ 38.630631639000171, 11.641697257000033 ], [ 38.649234895000177, 11.601581208000027 ], [ 38.723389321000184, 11.54192531100017 ], [ 38.707334476000085, 11.510503466999978 ], [ 38.709608961000072, 11.421491476000142 ], [ 38.653774215000055, 11.382846090000044 ], [ 38.629577726000093, 11.300929703000065 ], [ 38.574064126000167, 11.23059222500018 ], [ 38.577272295000114, 11.188728026000092 ], [ 38.519777042000101, 11.146379339000134 ], [ 38.484359766000125, 11.100593208000134 ], [ 38.474649687000067, 11.036711113000138 ], [ 38.43681623000009, 11.085687519000032 ], [ 38.390144271000167, 11.085347919000185 ], [ 38.295858734000092, 11.150536068000065 ], [ 38.275294153000061, 11.142794049000145 ], [ 38.239085671000169, 11.15341741800006 ], [ 38.200046190000023, 11.139311162000183 ], [ 38.15691195900007, 11.160300518999975 ], [ 38.076442021000105, 11.157097821000036 ], [ 38.018358529000182, 11.173350503999984 ], [ 37.989573422000149, 11.201200135000079 ] ] ] } },
{ "type": "Feature", "properties": { "adm2_name": "North Wello", "adm2_name1": null, "adm2_name2": null, "adm2_name3": null, "adm2_pcode": "ET0303", "adm1_name": "Amhara", "adm1_name1": null, "adm1_name2": null, "adm1_name3": null, "adm1_pcode": "ET03", "adm0_name": "Ethiopia", "adm0_name1": null, "adm0_name2": null, "adm0_name3": null, "adm0_pcode": "ET", "valid_on": "2025-01-01", "valid_to": null, "area_sqkm": 11131.246867239999, "version": "v04", "lang": "en", "lang1": null, "lang2": null, "lang3": null, "adm2_ref_n": null, "center_lat": null, "center_lon": null, "adm2_alt_n": null }, "geometry": { "type": "Polygon", "coordinates": [ [ [ 38.978424363000045, 11.522203862000083 ], [ 39.011089872000127, 11.463555006000092 ], [ 38.98559442800007, 11.427512842000112 ], [ 38.995270948000098, 11.398771426 ], [ 38.957441331000098, 11.393978639000011 ], [ 38.927195393000034, 11.345333605000178 ], [ 38.899550702000056, 11.35092488000015 ], [ 38.891393422000135, 11.376801182000122 ], [ 38.847795873, 11.385803841999973 ], [ 38.798019578000094, 11.368647650000128 ], [ 38.727579777000187, 11.419114261000175 ], [ 38.706921980000061, 11.416392003 ], [ 38.707334476000085, 11.510503466999978 ], [ 38.723389321000184, 11.54192531100017 ], [ 38.649234895000177, 11.601581208000027 ], [ 38.630631639000171, 11.641697257000033 ], [ 38.637430031000065, 11.701014811000107 ], [ 38.602165530000036, 11.753724427000179 ], [ 38.561399994, 11.773644338000167 ], [ 38.557231629000171, 11.798642294000103 ], [ 38.574772357000029, 11.82294599 ], [ 38.548733351000124, 11.853034240000113 ], [ 38.603179883000053, 11.95516692700005 ], [ 38.634407977000137, 11.976295468000046 ], [ 38.641781165, 12.029534055999989 ], [ 38.608442385000046, 12.076097466000135 ], [ 38.56943818000002, 12.085521 ], [ 38.532813001000193, 12.123535781000044 ], [ 38.50478759300006, 12.114735869000071 ], [ 38.486544495000146, 12.12888007600003 ], [ 38.4619124190001, 12.213515284000039 ], [ 38.444613825000033, 12.227454032000082 ], [ 38.457261617000086, 12.287415217000046 ], [ 38.472989246000111, 12.306071152000072 ], [ 38.503511184000047, 12.286181243000101 ], [ 38.56767697000015, 12.296770025000114 ], [ 38.674056941000117, 12.273723640000071 ], [ 38.740598117000161, 12.297349841000141 ], [ 38.813565579000169, 12.267882954000129 ], [ 38.84201293000018, 12.281357585000137 ], [ 38.967853833999982, 12.250295529000084 ], [ 38.989553920000105, 12.254699874000039 ], [ 39.055814118000114, 12.209902046000025 ], [ 39.028519791000178, 12.183155159000023 ], [ 39.041846045, 12.170806797000125 ], [ 39.096857460000194, 12.167299552999964 ], [ 39.121689735000018, 12.117089509000152 ], [ 39.164679928000169, 12.152314588000138 ], [ 39.153644932000191, 12.168347311000161 ], [ 39.16129768400009, 12.200221690000035 ], [ 39.196011153000029, 12.201894033000087 ], [ 39.264498221999986, 12.329293716000052 ], [ 39.290874255, 12.296071961000052 ], [ 39.321702794000032, 12.304866179000101 ], [ 39.402885922000053, 12.295279038000103 ], [ 39.455564056000185, 12.325027175000059 ], [ 39.507440992000113, 12.332852040000091 ], [ 39.522661952000078, 12.326414029000091 ], [ 39.555184250000138, 12.255511219000141 ], [ 39.614212959000042, 12.275731232999988 ], [ 39.632274431000155, 12.307654083000045 ], [ 39.706265144000042, 12.306206621000172 ], [ 39.75855376100003, 12.319953055000155 ], [ 39.761546943000042, 12.303252023000141 ], [ 39.824736882000138, 12.317740811000078 ], [ 39.827579057000037, 12.240457884000136 ], [ 39.807546950000187, 12.238868944999979 ], [ 39.799860768000144, 12.194985067000061 ], [ 39.828600589000189, 12.099837122000054 ], [ 39.861724730000049, 12.088369026000123 ], [ 39.841262494000034, 12.053548152000076 ], [ 39.876546907000147, 11.974361157000146 ], [ 39.887100224000164, 11.905738230000111 ], [ 39.874871622000171, 11.778754453000147 ], [ 39.923946133000129, 11.700796031000152 ], [ 39.969655659000125, 11.664480789000095 ], [ 39.99411318600005, 11.681157761000065 ], [ 40.015285517000052, 11.645552521000184 ], [ 39.963817887000062, 11.626814955000043 ], [ 39.955536445000178, 11.61029245400016 ], [ 39.863573002000066, 11.555788847000031 ], [ 39.848550797000087, 11.517386032000047 ], [ 39.793274391000125, 11.477124361000051 ], [ 39.730674723000106, 11.471217478000085 ], [ 39.704605136, 11.483259550000128 ], [ 39.673256573000174, 11.471572274000152 ], [ 39.662411552000151, 11.509861964000095 ], [ 39.642132248000166, 11.50936539900016 ], [ 39.626459133000026, 11.529182474000152 ], [ 39.584928719000175, 11.524218229000041 ], [ 39.606634873000075, 11.561997042000087 ], [ 39.578731150000124, 11.611222805000125 ], [ 39.591411070000163, 11.618284036000034 ], [ 39.581746619000114, 11.622493703000089 ], [ 39.591517588000045, 11.642135477000068 ], [ 39.576314893000131, 11.708903237000186 ], [ 39.548910470000123, 11.712382332000175 ], [ 39.546557276999977, 11.676184576000082 ], [ 39.511678936000123, 11.66591209000012 ], [ 39.485700021000071, 11.60702305000018 ], [ 39.467330672000116, 11.59408443600006 ], [ 39.334038442000178, 11.596822422000116 ], [ 39.358083088000114, 11.658765290000133 ], [ 39.409481664000054, 11.695182030000069 ], [ 39.435040883, 11.695144398000139 ], [ 39.430250173000104, 11.711920251000038 ], [ 39.459689212000058, 11.728786355000068 ], [ 39.463877319000119, 11.75030519600017 ], [ 39.422031735000132, 11.758356934000062 ], [ 39.441610566000122, 11.780881544000181 ], [ 39.428473601, 11.797292079000044 ], [ 39.439727089000144, 11.820110314000033 ], [ 39.376376340000093, 11.829109637000101 ], [ 39.349936488000026, 11.84939598 ], [ 39.315114375000178, 11.816971476000049 ], [ 39.304277760000161, 11.82215173000003 ], [ 39.252653370000132, 11.786663152000187 ], [ 39.26015399400012, 11.752137113000117 ], [ 39.248737802, 11.704148072000123 ], [ 39.176108852000084, 11.68083860400003 ], [ 39.149389671000108, 11.643682348000084 ], [ 39.115960933000167, 11.638923274000149 ], [ 39.047960921000083, 11.557479622000074 ], [ 38.978424363000045, 11.522203862000083 ] ] ] } },
{ "type": "Feature", "properties": { "adm2_name": "South Wello", "adm2_name1": null, "adm2_name2": null, "adm2_name3": null, "adm2_pcode": "ET0304", "adm1_name": "Amhara", "adm1_name1": null, "adm1_name2": null, "adm1_name3": null, "adm1_pcode": "ET03", "adm0_name": "Ethiopia", "adm0_name1": null, "adm0_name2": null, "adm0_name3": null, "adm0_pcode": "ET", "valid_on": "2025-01-01", "valid_to": null, "area_sqkm": 18535.693229389999, "version": "v04", "lang": "en", "lang1": null, "lang2": null, "lang3": null, "adm2_ref_n": null, "center_lat": null, "center_lon": null, "adm2_alt_n": null }, "geometry": { "type": "Polygon", "coordinates": [ [ [ 39.406980942000132, 10.346512328000131 ], [ 39.357557907000114, 10.299678977000156 ], [ 39.321438445000126, 10.284199576000049 ], [ 39.276053587000149, 10.200209967999967 ], [ 39.21469622300009, 10.158612785000173 ], [ 39.171326670000155, 10.185871024 ], [ 39.201826884000127, 10.240648675000045 ], [ 39.24623971200009, 10.280443337000179 ], [ 39.248883074000105, 10.304755622000187 ], [ 39.210573064000073, 10.282648376000111 ], [ 39.184089322000091, 10.286725241 ], [ 39.169910002, 10.324012574000108 ], [ 39.142489015000024, 10.341093740000133 ], [ 39.076902149000148, 10.313964567000141 ], [ 39.06578422400014, 10.386629151000022 ], [ 38.974181316000056, 10.333126052000068 ], [ 38.939957661000165, 10.352218122000068 ], [ 38.772146040000166, 10.366160703 ], [ 38.738243772000089, 10.385626615000035 ], [ 38.496193081, 10.363573172000088 ], [ 38.482978024000033, 10.412200355000152 ], [ 38.48862181700008, 10.485019728000111 ], [ 38.461791176000133, 10.589881467000055 ], [ 38.473448588999986, 10.632327745000055 ], [ 38.507608731000062, 10.674235562000149 ], [ 38.50732011499997, 10.748056779000024 ], [ 38.531235919000096, 10.789898127000072 ], [ 38.508099406000099, 10.842323645000079 ], [ 38.526053858000068, 10.877001065000172 ], [ 38.523692278000055, 10.900639273000024 ], [ 38.491626016000055, 10.964334184000165 ], [ 38.494926464000116, 10.988651304000086 ], [ 38.470376767000062, 11.039003251000054 ], [ 38.483736610999983, 11.048356047000141 ], [ 38.472748565000188, 11.077242807000118 ], [ 38.519777042000101, 11.146379339000134 ], [ 38.577272295000114, 11.188728026000092 ], [ 38.574064126000167, 11.23059222500018 ], [ 38.629577726000093, 11.300929703000065 ], [ 38.653774215000055, 11.382846090000044 ], [ 38.725869455000065, 11.419543384000065 ], [ 38.798019578000094, 11.368647650000128 ], [ 38.847795873, 11.385803841999973 ], [ 38.891393422000135, 11.376801182000122 ], [ 38.899550702000056, 11.35092488000015 ], [ 38.929341070000021, 11.346446827000079 ], [ 38.957441331000098, 11.393978639000011 ], [ 38.995270948000098, 11.398771426 ], [ 38.98559442800007, 11.427512842000112 ], [ 39.011089872000127, 11.463555006000092 ], [ 38.975963666000098, 11.525483767000082 ], [ 39.047960921000083, 11.557479622000074 ], [ 39.115960933000167, 11.638923274000149 ], [ 39.149389671000108, 11.643682348000084 ], [ 39.176108852000084, 11.68083860400003 ], [ 39.248737802, 11.704148072000123 ], [ 39.254841961000125, 11.789771855000083 ], [ 39.304277760000161, 11.82215173000003 ], [ 39.315114375000178, 11.816971476000049 ], [ 39.351452450000011, 11.849547242000085 ], [ 39.376376340000093, 11.829109637000101 ], [ 39.439727089000144, 11.820110314000033 ], [ 39.428473601, 11.797292079000044 ], [ 39.441610566000122, 11.780881544000181 ], [ 39.422031735000132, 11.758356934000062 ], [ 39.463877319000119, 11.75030519600017 ], [ 39.459689212000058, 11.728786355000068 ], [ 39.430250173000104, 11.711920251000038 ], [ 39.435040883, 11.695144398000139 ], [ 39.409481664000054, 11.695182030000069 ], [ 39.358083088000114, 11.658765290000133 ], [ 39.334038442000178, 11.596822422000116 ], [ 39.467330672000116, 11.59408443600006 ], [ 39.485700021000071, 11.60702305000018 ], [ 39.511678936000123, 11.66591209000012 ], [ 39.546557276999977, 11.676184576000082 ], [ 39.548910470000123, 11.712382332000175 ], [ 39.576314893000131, 11.708903237000186 ], [ 39.591517588000045, 11.642135477000068 ], [ 39.581746619000114, 11.622493703000089 ], [ 39.591411070000163, 11.618284036000034 ], [ 39.578731150000124, 11.611222805000125 ], [ 39.606634873000075, 11.561997042000087 ], [ 39.584928719000175, 11.524218229000041 ], [ 39.626459133000026, 11.529182474000152 ], [ 39.642132248000166, 11.50936539900016 ], [ 39.662411552000151, 11.509861964000095 ], [ 39.673256573000174, 11.471572274000152 ], [ 39.704605136, 11.483259550000128 ], [ 39.730674723000106, 11.471217478000085 ], [ 39.793274391000125, 11.477124361000051 ], [ 39.848550797000087, 11.517386032000047 ], [ 39.863573002000066, 11.555788847000031 ], [ 39.955536445000178, 11.61029245400016 ], [ 39.963817887000062, 11.626814955000043 ], [ 40.015285517000052, 11.645552521000184 ], [ 39.993314070000167, 11.58379725900005 ], [ 40.054877989000033, 11.487684908000176 ], [ 40.066637972000024, 11.432106121000061 ], [ 40.014429384000039, 11.424092256000051 ], [ 39.970761481000125, 11.372014207000063 ], [ 39.846567279000112, 11.319184031000134 ], [ 39.859409884, 11.30891837300004 ], [ 39.856051804000174, 11.275309820000075 ], [ 39.87189779400012, 11.271789701000046 ], [ 39.885930715000143, 11.241546901000106 ], [ 39.91757299000011, 11.251589853000041 ], [ 39.919718499999988, 11.223068991000105 ], [ 39.949752133000175, 11.21400251600005 ], [ 39.973701341000037, 11.189669291000087 ], [ 39.954922894000163, 11.116654044000086 ], [ 40.010741420000045, 11.010627940000177 ], [ 40.049950522000074, 10.981214885000043 ], [ 40.029514809000034, 10.949290302000122 ], [ 40.017102019999982, 10.958663116000082 ], [ 40.018141584000034, 10.936934696000094 ], [ 40.103613327000062, 10.875985410000055 ], [ 39.968579403000035, 10.857716028000084 ], [ 39.969200865000118, 10.838624578000179 ], [ 39.95756217100012, 10.847178872000086 ], [ 39.944516791000069, 10.831905994000124 ], [ 39.934603846000073, 10.845228794000036 ], [ 39.955544626000062, 10.868777675999979 ], [ 39.93409251900016, 10.885306084000149 ], [ 39.933652799000185, 10.910020746999976 ], [ 39.882483853000053, 10.904116883000029 ], [ 39.87152785700016, 10.889056168000081 ], [ 39.826667169000075, 10.876815786000179 ], [ 39.81908625300008, 10.911605859000076 ], [ 39.801181239000073, 10.902823346 ], [ 39.803734882000072, 10.890931707000107 ], [ 39.789301451000028, 10.894172849000029 ], [ 39.789861759000189, 10.879238397000165 ], [ 39.744504947000053, 10.893059673000153 ], [ 39.718186677000119, 10.874705329000108 ], [ 39.664518255000132, 10.897281515000032 ], [ 39.691892216000099, 10.842056823000064 ], [ 39.709916019000048, 10.837430088000133 ], [ 39.692727175000186, 10.826214458000095 ], [ 39.710264620000032, 10.802104063000115 ], [ 39.686880715000143, 10.788396888000136 ], [ 39.713245408000091, 10.768899186000169 ], [ 39.708746025000039, 10.727147393000166 ], [ 39.672116615000164, 10.722051780000186 ], [ 39.648636368000098, 10.73977283500011 ], [ 39.526256420000095, 10.632909144000109 ], [ 39.506493757000158, 10.679275461000145 ], [ 39.483484093000072, 10.67369160800007 ], [ 39.472211808000054, 10.564279512000155 ], [ 39.498483998000097, 10.509488505000036 ], [ 39.406980942000132, 10.346512328000131 ] ] ] } },
{ "type": "Feature", "properties": { "adm2_name": "North Shewa (AM)", "adm2_name1": null, "adm2_name2": null, "adm2_name3": null, "adm2_pcode": "ET0305", "adm1_name": "Amhara", "adm1_name1": null, "adm1_name2": null, "adm1_name3": null, "adm1_pcode": "ET03", "adm0_name": "Ethiopia", "adm0_name1": null, "adm0_name2": null, "adm0_name3": null, "adm0_pcode": "ET", "valid_on": "2025-01-01", "valid_to": null, "area_sqkm": 16256.256917459999, "version": "v04", "lang": "en", "lang1": null, "lang2": null, "lang3": null, "adm2_ref_n": null, "center_lat": null, "center_lon": null, "adm2_alt_n": null }, "geometry": { "type": "Polygon", "coordinates": [ [ [ 39.817420679000122, 9.136314175000109 ], [ 39.742452111000034, 9.091257804000122 ], [ 39.748012874000153, 8.910277915000165 ], [ 39.733277203000114, 8.826240115000076 ], [ 39.66213722700013, 8.813192484000069 ], [ 39.617022723000161, 8.786868968000022 ], [ 39.561986771000136, 8.817839618000164 ], [ 39.551786236000169, 8.768750596000189 ], [ 39.50075019000019, 8.714812531000121 ], [ 39.449226619000115, 8.752237944000115 ], [ 39.417751568000085, 8.814541965000103 ], [ 39.378164, 8.791171490000067 ], [ 39.377101170000174, 8.730897078000055 ], [ 39.361069288000124, 8.72094988900011 ], [ 39.324542076000114, 8.746886870000026 ], [ 39.298982556000055, 8.718513632000054 ], [ 39.270448014000067, 8.724513068000135 ], [ 39.261952115000099, 8.74693588100007 ], [ 39.271993109000107, 8.783044547000088 ], [ 39.243854955000018, 8.8276813 ], [ 39.265526457000078, 8.843076076000159 ], [ 39.23749115600009, 8.862024795000082 ], [ 39.241015087000051, 8.888922484000091 ], [ 39.26538142600009, 8.922385056000167 ], [ 39.258599611000193, 8.962636107000151 ], [ 39.288188371000047, 8.9989783850001 ], [ 39.296751314, 9.053268940000123 ], [ 39.357012271000087, 9.062080326 ], [ 39.323169034000045, 9.14878646000011 ], [ 39.249522225000192, 9.135586015000115 ], [ 39.214637411000183, 9.173379248000117 ], [ 39.188588721000144, 9.209260135000022 ], [ 39.213682513000037, 9.228121843999986 ], [ 39.177743712000165, 9.271073861 ], [ 39.207188084000109, 9.291940727999986 ], [ 39.233662219000109, 9.293612357000029 ], [ 39.266168844000049, 9.244486984000105 ], [ 39.284730547000095, 9.27753734300012 ], [ 39.266205776000049, 9.288451741000074 ], [ 39.264416277000066, 9.324190917000067 ], [ 39.285437568000077, 9.315796503000058 ], [ 39.306545273000097, 9.366090126000131 ], [ 39.319585813000117, 9.365580384000054 ], [ 39.325117202000115, 9.380519217000028 ], [ 39.356705941000143, 9.369031534000158 ], [ 39.394851937000112, 9.391904538000176 ], [ 39.420409205000169, 9.371451719000106 ], [ 39.452242330000161, 9.393915417000187 ], [ 39.447705766000126, 9.432491261 ], [ 39.393927236000081, 9.455048550000072 ], [ 39.37274111000005, 9.44683061000012 ], [ 39.376923534000071, 9.463288481000177 ], [ 39.363082137000106, 9.473860614000159 ], [ 39.309691863000012, 9.46768075600005 ], [ 39.294095184000184, 9.491740781000146 ], [ 39.312939889000177, 9.535559958000135 ], [ 39.329693778000035, 9.526557331000163 ], [ 39.376473449, 9.567334510000137 ], [ 39.3858586610001, 9.630821438000055 ], [ 39.352048529000058, 9.622053936999976 ], [ 39.37011478900007, 9.699377299000048 ], [ 39.344486328000073, 9.699004271000092 ], [ 39.34671639000004, 9.725141529000155 ], [ 39.320450965000134, 9.724124522000125 ], [ 39.297855516000084, 9.748032986000169 ], [ 39.287584113000094, 9.733964613000069 ], [ 39.268117776000167, 9.739742061000072 ], [ 39.249905994000017, 9.704906936000043 ], [ 39.228063057000099, 9.693712076000168 ], [ 39.184172578000073, 9.720062338999981 ], [ 39.184024695000176, 9.685757296000133 ], [ 39.174227379000115, 9.694849772000111 ], [ 39.155690855000103, 9.688694825000084 ], [ 39.145374471000025, 9.693345943000168 ], [ 39.139302682000107, 9.740658277000023 ], [ 39.097686024000041, 9.73544210600005 ], [ 39.104532009000081, 9.748596004000035 ], [ 39.092213444000038, 9.763080850000165 ], [ 38.990104350000024, 9.745970874000079 ], [ 38.974420311000188, 9.761105070000099 ], [ 38.952088058000072, 9.738662725000154 ], [ 38.960252750999985, 9.710757137000144 ], [ 38.934733068000128, 9.727943276000076 ], [ 38.904419831000155, 9.710338782000065 ], [ 38.821505269000056, 9.784497606000116 ], [ 38.790852865000147, 9.882626782000159 ], [ 38.802462994, 9.909464233000165 ], [ 38.796867758000189, 9.96772484700017 ], [ 38.673815107, 10.015149482000027 ], [ 38.657235115000049, 10.051451997000186 ], [ 38.721357446000013, 10.051443834000111 ], [ 38.852601234000133, 10.118053021000151 ], [ 38.833744314000114, 10.161852710000119 ], [ 38.832683441000142, 10.212113422000073 ], [ 38.860843744000192, 10.277980931 ], [ 38.851505899000188, 10.36419904800016 ], [ 38.941166121000151, 10.351931178000143 ], [ 38.976066310000022, 10.333221921000131 ], [ 39.06578422400014, 10.386629151000022 ], [ 39.076902149000148, 10.313964567000141 ], [ 39.142489015000024, 10.341093740000133 ], [ 39.169910002, 10.324012574000108 ], [ 39.184089322000091, 10.286725241 ], [ 39.210573064000073, 10.282648376000111 ], [ 39.248431983000046, 10.305314918000079 ], [ 39.24623971200009, 10.280443337000179 ], [ 39.201826884000127, 10.240648675000045 ], [ 39.171326670000155, 10.185871024 ], [ 39.21469622300009, 10.158612785000173 ], [ 39.262867415000187, 10.186163194000187 ], [ 39.320017134000182, 10.282644229000027 ], [ 39.357557907000114, 10.299678977000156 ], [ 39.421747991000075, 10.363797400000124 ], [ 39.434768230000088, 10.40200529800012 ], [ 39.452760179000109, 10.415634533000059 ], [ 39.467383201000132, 10.470096921000049 ], [ 39.491201776000082, 10.491504832000032 ], [ 39.496025049000139, 10.529234202 ], [ 39.472211808000054, 10.564279512000155 ], [ 39.483484093000072, 10.67369160800007 ], [ 39.506493757000158, 10.679275461000145 ], [ 39.527466442000048, 10.633242123 ], [ 39.655268130000081, 10.740608393000173 ], [ 39.675600103000079, 10.721757100000104 ], [ 39.708746025000039, 10.727147393000166 ], [ 39.712489400999971, 10.737774082000044 ], [ 39.727878104000069, 10.708576252000057 ], [ 39.812744255000041, 10.734237103000055 ], [ 39.817432387000167, 10.689765536999971 ], [ 39.880970429000058, 10.696278601000131 ], [ 39.834277561000079, 10.65403324000016 ], [ 39.839567033000037, 10.624587968000128 ], [ 39.860564193000073, 10.622563049000178 ], [ 39.865657367000097, 10.574920141000064 ], [ 39.917060577000086, 10.53175847000017 ], [ 39.938495891000173, 10.487721270000179 ], [ 39.929208888000119, 10.472367494000082 ], [ 39.94325618400012, 10.440993272000128 ], [ 39.938124339000126, 10.398118370000191 ], [ 39.947831044999987, 10.395110856000031 ], [ 39.933661620000123, 10.374462731 ], [ 39.981811279000112, 10.346726320000073 ], [ 39.949931795000111, 10.336816444000078 ], [ 39.923187903000098, 10.296727956000154 ], [ 39.944115386000135, 10.25699756400013 ], [ 39.929003516000137, 10.256613027000014 ], [ 39.9263546950001, 10.239196523000146 ], [ 39.952024788000188, 10.217610357000069 ], [ 39.929412243000115, 10.129349049000041 ], [ 39.94810140800007, 10.110211036000123 ], [ 39.952528647000179, 10.121252920000131 ], [ 39.977424991000078, 10.115984088000118 ], [ 39.982013325000139, 10.126079535000088 ], [ 39.990152639000144, 10.110456268000121 ], [ 39.962389258000087, 10.090816914000186 ], [ 39.93060875000009, 10.099599939000086 ], [ 39.923773936000032, 10.068631436000089 ], [ 39.943444662000047, 10.059189888000105 ], [ 39.924699313000076, 10.014096156999983 ], [ 39.947354193000137, 9.993374848000144 ], [ 40.04315937500013, 9.991030512000179 ], [ 40.088842507000038, 9.93480546100011 ], [ 40.077824466000152, 9.905461926000044 ], [ 40.063559105000138, 9.902413099000114 ], [ 40.058430127000122, 9.864339007000012 ], [ 40.070692824000162, 9.857416624000052 ], [ 40.011025413000027, 9.818556814000146 ], [ 40.008073401000047, 9.78177612800016 ], [ 39.991154010000116, 9.756725605000042 ], [ 40.009369776000085, 9.732856664000167 ], [ 39.954730654000059, 9.730248808000056 ], [ 39.862140287000045, 9.75395904200019 ], [ 39.839127550000171, 9.723559838000085 ], [ 39.883795549000183, 9.610633282000151 ], [ 39.87714658800013, 9.57656938700012 ], [ 39.847578568000017, 9.564292121000051 ], [ 39.857324161000179, 9.547084830000131 ], [ 39.83752582600016, 9.50189908100009 ], [ 39.872525838000058, 9.459261316000152 ], [ 39.878645824000159, 9.400410595000039 ], [ 39.821455806000131, 9.417440211000098 ], [ 39.785192561000031, 9.395607140999971 ], [ 39.791478857000016, 9.369819571999983 ], [ 39.749826332000112, 9.369215006000047 ], [ 39.778879464, 9.30986388499997 ], [ 39.844136254000148, 9.314182703000085 ], [ 39.885989008000081, 9.269359403000067 ], [ 39.857005408000191, 9.270074091000083 ], [ 39.873029747000089, 9.227292375000047 ], [ 39.813013316000024, 9.171110355000053 ], [ 39.817420679000122, 9.136314175000109 ] ] ] } },
{ "type": "Feature", "properties": { "adm2_name": "East Gojam", "adm2_name1": null, "adm2_name2": null, "adm2_name3": null, "adm2_pcode": "ET0306", "adm1_name": "Amhara", "adm1_name1": null, "adm1_name2": null, "adm1_name3": null, "adm1_pcode": "ET03", "adm0_name": "Ethiopia", "adm0_name1": null, "adm0_name2": null, "adm0_name3": null, "adm0_pcode": "ET", "valid_on": "2025-01-01", "valid_to": null, "area_sqkm": 14081.30899175, "version": "v04", "lang": "en", "lang1": null, "lang2": null, "lang3": null, "adm2_ref_n": null, "center_lat": null, "center_lon": null, "adm2_alt_n": null }, "geometry": { "type": "Polygon", "coordinates": [ [ [ 37.893029142000159, 9.927258909000045 ], [ 37.816021511000031, 9.867150363000121 ], [ 37.700652080000168, 9.836714383000185 ], [ 37.680392862000076, 9.862317749000113 ], [ 37.661852758000123, 9.860484457000155 ], [ 37.618226764000099, 9.893889540000146 ], [ 37.529236929000092, 9.996176773000059 ], [ 37.444469594000111, 10.014559267000152 ], [ 37.398275411999975, 10.046150453000109 ], [ 37.362194709000107, 10.043178533000059 ], [ 37.344751172000031, 10.005818236000152 ], [ 37.323254586000019, 10.008101796000062 ], [ 37.287711844000171, 10.062879183000121 ], [ 37.220499518000054, 10.083913318999976 ], [ 37.190737458000115, 10.111555897000073 ], [ 37.167702323000071, 10.16327334600004 ], [ 37.195997441000031, 10.230910795000057 ], [ 37.087101871000186, 10.259494065000013 ], [ 37.045871990000194, 10.288399330000061 ], [ 37.145563597000091, 10.340731610000034 ], [ 37.20569116300004, 10.321455699000182 ], [ 37.253425795000055, 10.325140052000108 ], [ 37.280355225000164, 10.361199995999982 ], [ 37.27497981099998, 10.385743014000127 ], [ 37.308417599000165, 10.439408097000126 ], [ 37.305714108000188, 10.458924949999982 ], [ 37.421879964000141, 10.491725675000112 ], [ 37.453819950000138, 10.486292756000068 ], [ 37.507425503000036, 10.534805290000179 ], [ 37.575362865999978, 10.554199172999972 ], [ 37.578558992000126, 10.584251140000049 ], [ 37.606524286000081, 10.613227850000044 ], [ 37.625849813000116, 10.662346987000149 ], [ 37.651160336000089, 10.680861224000182 ], [ 37.649066377000111, 10.700397968000175 ], [ 37.774831264000113, 10.741637430000139 ], [ 37.753189261000102, 10.762533326000153 ], [ 37.737572618, 10.753546321000044 ], [ 37.717862779000029, 10.763059236000117 ], [ 37.69192278800017, 10.842139650000036 ], [ 37.693200160000174, 10.887863829000082 ], [ 37.718664907000118, 10.966490209000142 ], [ 37.711550964000082, 10.987711835000084 ], [ 37.722967471000118, 11.007538059000069 ], [ 37.747222923000095, 11.015031679000117 ], [ 37.759613693000176, 11.057213294000121 ], [ 37.751661061000163, 11.084526419000099 ], [ 37.74267269500001, 11.088436074000185 ], [ 37.700116639000044, 11.042762755000069 ], [ 37.67339129000004, 11.060312130000057 ], [ 37.679008175000035, 11.073676508 ], [ 37.643599590000122, 11.088792369000089 ], [ 37.664588706000018, 11.106304999000088 ], [ 37.685969655000122, 11.099319190000017 ], [ 37.71510301100011, 11.111911677000023 ], [ 37.701491506000025, 11.120680373000084 ], [ 37.703714385000183, 11.137243499000078 ], [ 37.795227312000179, 11.152184021999972 ], [ 37.801245893000157, 11.166477621000013 ], [ 37.821217433000072, 11.168186758000161 ], [ 37.824935015000165, 11.228057708000165 ], [ 37.854185216000133, 11.239158663000183 ], [ 37.877613395000139, 11.215825352000024 ], [ 37.927434648000087, 11.209764101000076 ], [ 37.948365607000028, 11.191344139000137 ], [ 37.993063022000058, 11.201164066000047 ], [ 38.018358529000182, 11.173350503999984 ], [ 38.076442021000105, 11.157097821000036 ], [ 38.15691195900007, 11.160300518999975 ], [ 38.200046190000023, 11.139311162000183 ], [ 38.239085671000169, 11.15341741800006 ], [ 38.275294153000061, 11.142794049000145 ], [ 38.295858734000092, 11.150536068000065 ], [ 38.390144271000167, 11.085347919000185 ], [ 38.43681623000009, 11.085687519000032 ], [ 38.479602173000046, 11.026959210000143 ], [ 38.496827588000031, 10.981475825000132 ], [ 38.491626016000055, 10.964334184000165 ], [ 38.518871291000039, 10.917621306000115 ], [ 38.527112625000029, 10.881070633000093 ], [ 38.508099406000099, 10.842323645000079 ], [ 38.531235919000096, 10.789898127000072 ], [ 38.50732011499997, 10.748056779000024 ], [ 38.507608731000062, 10.674235562000149 ], [ 38.478054391000057, 10.64073460100019 ], [ 38.461687251000114, 10.593997121000029 ], [ 38.48862181700008, 10.485019728000111 ], [ 38.482978024000033, 10.412200355000152 ], [ 38.496193081, 10.363573172000088 ], [ 38.476676643000133, 10.363259946000085 ], [ 38.472529056000042, 10.291804716000115 ], [ 38.460067299000059, 10.28997032 ], [ 38.454191224000112, 10.246689368000091 ], [ 38.419384806000039, 10.219846971000038 ], [ 38.425724645000173, 10.171756064000078 ], [ 38.397499996000136, 10.144277914999975 ], [ 38.366302158, 10.140485495000121 ], [ 38.340049563000093, 10.156221874000153 ], [ 38.321809506000193, 10.107186793999972 ], [ 38.308600941, 10.107952823000062 ], [ 38.295274989000177, 10.089247869000133 ], [ 38.252375598000128, 10.088427973000137 ], [ 38.240426651000064, 10.102633868000055 ], [ 38.150565228000119, 10.035121651000054 ], [ 38.130939688000069, 10.047449623000091 ], [ 38.118277216000081, 10.01775053700004 ], [ 38.087563260000024, 10.020250808000071 ], [ 38.043585946, 9.969779788000096 ], [ 37.957067176000123, 9.938637757000095 ], [ 37.932837886000186, 9.941279304999966 ], [ 37.93007431000018, 9.914587167000036 ], [ 37.909325902000091, 9.930448536000085 ], [ 37.893029142000159, 9.927258909000045 ] ] ] } },
{ "type": "Feature", "properties": { "adm2_name": "West Gojam", "adm2_name1": null, "adm2_name2": null, "adm2_name3": null, "adm2_pcode": "ET0307", "adm1_name": "Amhara", "adm1_name1": null, "adm1_name2": null, "adm1_name3": null, "adm1_pcode": "ET03", "adm0_name": "Ethiopia", "adm0_name1": null, "adm0_name2": null, "adm0_name3": null, "adm0_pcode": "ET", "valid_on": "2025-01-01", "valid_to": null, "area_sqkm": 6606.8599419700004, "version": "v04", "lang": "en", "lang1": null, "lang2": null, "lang3": null, "adm2_ref_n": null, "center_lat": null, "center_lon": null, "adm2_alt_n": null }, "geometry": { "type": "Polygon", "coordinates": [ [ [ 36.869241516000159, 10.340692899000089 ], [ 36.798735519000104, 10.337841097000023 ], [ 36.76175988600005, 10.367309494000096 ], [ 36.69165352300007, 10.357319884000106 ], [ 36.685399333000191, 10.317595047000168 ], [ 36.668325410000136, 10.313818870000091 ], [ 36.605471513000168, 10.364720049000027 ], [ 36.539244943000085, 10.364979387000176 ], [ 36.52049615400017, 10.399559641000167 ], [ 36.546228503, 10.45689689500017 ], [ 36.527729397000087, 10.493945943000142 ], [ 36.610420260000069, 10.538836223000033 ], [ 36.684429040000111, 10.557297922000146 ], [ 36.728650700000117, 10.523326868000083 ], [ 36.74475053600014, 10.529510298000105 ], [ 36.752061354000148, 10.583386801000017 ], [ 36.778607137, 10.579617284000165 ], [ 36.824765069000136, 10.622390835000147 ], [ 36.82452913100019, 10.664019903000167 ], [ 36.859742661000155, 10.680622191 ], [ 36.918878696000036, 10.667359030000171 ], [ 36.932660104999968, 10.685129930000073 ], [ 36.924347947000058, 10.704366758999981 ], [ 36.932898877000014, 10.72292269400009 ], [ 36.941385694000132, 10.727466091000053 ], [ 36.961776510000107, 10.705258594000156 ], [ 36.976743828, 10.711274096000182 ], [ 36.963786374000108, 10.72152135500005 ], [ 36.966439628999979, 10.733400989000131 ], [ 36.979107411000086, 10.723151820000055 ], [ 36.983010301999968, 10.73996626100012 ], [ 37.002287995000131, 10.739564608000023 ], [ 37.015482330000168, 10.763374349000173 ], [ 37.012280748000137, 10.735180199000069 ], [ 37.027800509000031, 10.741431153 ], [ 37.024753989000033, 10.758411034000119 ], [ 37.038825791000079, 10.751660069000138 ], [ 37.043992254999978, 10.764368629000046 ], [ 37.065162315000123, 10.763401231999978 ], [ 37.060441264000019, 10.794320493000043 ], [ 37.076348295000173, 10.79207593100017 ], [ 37.074645206000071, 10.782211413000027 ], [ 37.100656622000031, 10.796339948000082 ], [ 37.091705931000092, 10.826994893000119 ], [ 37.124116507000167, 10.828339577000179 ], [ 37.119871858000067, 10.851382452000109 ], [ 37.129595937000033, 10.853643000999966 ], [ 37.115074353000182, 10.864053416000104 ], [ 37.113039651000065, 10.910784862000071 ], [ 37.081206259000169, 10.944241620000184 ], [ 37.10208407000016, 10.966507691000174 ], [ 37.133887397000194, 10.960927974000072 ], [ 37.10725514000012, 11.010220125000103 ], [ 37.113470621000033, 11.034782285000063 ], [ 37.094581700000049, 11.028039132000174 ], [ 37.095764595000162, 11.011173113000098 ], [ 37.073590514000159, 11.059786221000138 ], [ 37.071701830000052, 11.082283950999965 ], [ 37.088925818000178, 11.098751665000066 ], [ 37.075030364000099, 11.112941555000134 ], [ 37.080539298000133, 11.144455099000083 ], [ 37.097854030000121, 11.126597245000085 ], [ 37.138271012000075, 11.144988629000181 ], [ 37.157023052000113, 11.129445778000161 ], [ 37.188992142000075, 11.129515568000045 ], [ 37.199079357000073, 11.10376783900017 ], [ 37.21873990600011, 11.150712081000165 ], [ 37.242018202000054, 11.098782460000052 ], [ 37.274330884000051, 11.13219980000008 ], [ 37.296090002000085, 11.106179717000032 ], [ 37.318341583000063, 11.131508502000088 ], [ 37.322622813000066, 11.114080373000036 ], [ 37.383143966000148, 11.129417547 ], [ 37.445064277000029, 11.078734762000067 ], [ 37.489735066000094, 11.127607061000163 ], [ 37.558206917000064, 11.086641349000104 ], [ 37.562142913000116, 11.014260899000135 ], [ 37.607256295000184, 11.005912176000095 ], [ 37.648608298000113, 11.012199446000182 ], [ 37.645405809000124, 11.037079593000044 ], [ 37.700341564000098, 11.042849327000113 ], [ 37.74267269500001, 11.088436074000185 ], [ 37.751661061000163, 11.084526419000099 ], [ 37.759613693000176, 11.057213294000121 ], [ 37.747222923000095, 11.015031679000117 ], [ 37.722967471000118, 11.007538059000069 ], [ 37.711550964000082, 10.987711835000084 ], [ 37.718664907000118, 10.966490209000142 ], [ 37.693200160000174, 10.887863829000082 ], [ 37.69192278800017, 10.842139650000036 ], [ 37.717862779000029, 10.763059236000117 ], [ 37.737572618, 10.753546321000044 ], [ 37.753189261000102, 10.762533326000153 ], [ 37.774831264000113, 10.741637430000139 ], [ 37.649066377000111, 10.700397968000175 ], [ 37.651160336000089, 10.680861224000182 ], [ 37.625849813000116, 10.662346987000149 ], [ 37.606524286000081, 10.613227850000044 ], [ 37.578558992000126, 10.584251140000049 ], [ 37.57659222400008, 10.554994183000019 ], [ 37.507425503000036, 10.534805290000179 ], [ 37.453819950000138, 10.486292756000068 ], [ 37.421879964000141, 10.491725675000112 ], [ 37.305714108000188, 10.458924949999982 ], [ 37.308417599000165, 10.439408097000126 ], [ 37.27497981099998, 10.385743014000127 ], [ 37.280355225000164, 10.361199995999982 ], [ 37.251988053000105, 10.324288297000066 ], [ 37.20569116300004, 10.321455699000182 ], [ 37.145563597000091, 10.340731610000034 ], [ 37.093676113000186, 10.322241044000066 ], [ 37.047992997000108, 10.288587838000012 ], [ 37.013265300000057, 10.28493867300017 ], [ 36.97992079900007, 10.314026481000099 ], [ 36.89796121, 10.312848153000118 ], [ 36.869241516000159, 10.340692899000089 ] ] ] } },
{ "type": "Feature", "properties": { "adm2_name": "Wag Hamra", "adm2_name1": null, "adm2_name2": null, "adm2_name3": null, "adm2_pcode": "ET0308", "adm1_name": "Amhara", "adm1_name1": null, "adm1_name2": null, "adm1_name3": null, "adm1_pcode": "ET03", "adm0_name": "Ethiopia", "adm0_name1": null, "adm0_name2": null, "adm0_name3": null, "adm0_pcode": "ET", "valid_on": "2025-01-01", "valid_to": null, "area_sqkm": 8918.56933054, "version": "v04", "lang": "en", "lang1": null, "lang2": null, "lang3": null, "adm2_ref_n": null, "center_lat": null, "center_lon": null, "adm2_alt_n": null }, "geometry": { "type": "Polygon", "coordinates": [ [ [ 39.243406748000154, 12.373926668000138 ], [ 39.264498221999986, 12.329293716000052 ], [ 39.258824004000189, 12.312721219000082 ], [ 39.221067514000083, 12.264756236000096 ], [ 39.196011153000029, 12.201894033000087 ], [ 39.16129768400009, 12.200221690000035 ], [ 39.153644932000191, 12.168347311000161 ], [ 39.164679928000169, 12.152314588000138 ], [ 39.121689735000018, 12.117089509000152 ], [ 39.096857460000194, 12.167299552999964 ], [ 39.041846045, 12.170806797000125 ], [ 39.028519791000178, 12.183155159000023 ], [ 39.055814118000114, 12.209902046000025 ], [ 38.989553920000105, 12.254699874000039 ], [ 38.967853833999982, 12.250295529000084 ], [ 38.84201293000018, 12.281357585000137 ], [ 38.813565579000169, 12.267882954000129 ], [ 38.738651392000065, 12.297539406000055 ], [ 38.689627004000101, 12.273369627000022 ], [ 38.56767697000015, 12.296770025000114 ], [ 38.520157621000067, 12.283626840000011 ], [ 38.472014423000189, 12.307398770000134 ], [ 38.489113794000048, 12.346097814000075 ], [ 38.44097965900005, 12.404549580000094 ], [ 38.430125357000122, 12.502297873000146 ], [ 38.414285080000184, 12.531420654000044 ], [ 38.420813093, 12.552537430000029 ], [ 38.481400422000092, 12.611916726000061 ], [ 38.471059517000015, 12.653360053000085 ], [ 38.452155404000052, 12.674998603000063 ], [ 38.465525961000139, 12.742807211000127 ], [ 38.32739138400018, 12.764191769000092 ], [ 38.328615837000143, 12.798934092000081 ], [ 38.354888673000062, 12.849266377000049 ], [ 38.34167252400016, 12.852836872000125 ], [ 38.35505847800016, 12.897308243000055 ], [ 38.361579501000165, 12.906194791000132 ], [ 38.386598110000136, 12.891554957000096 ], [ 38.381372413, 12.910592586000121 ], [ 38.398265560000027, 12.920714256 ], [ 38.370690226000193, 12.946201159 ], [ 38.33574459700003, 12.952382771000089 ], [ 38.340557933000071, 12.977133233000131 ], [ 38.370481248000146, 12.986080380000146 ], [ 38.35282171800003, 13.022546229000113 ], [ 38.381330589000129, 13.008547986000167 ], [ 38.378724718000058, 13.065339294000125 ], [ 38.388582369000062, 13.075841858999979 ], [ 38.412152138000067, 13.067762104 ], [ 38.424095930000135, 13.094919852000146 ], [ 38.44856231000017, 13.057123924000166 ], [ 38.464828483000133, 13.084767641000099 ], [ 38.503588223000122, 13.083266013000184 ], [ 38.489734560000045, 13.102666216000159 ], [ 38.510815290999972, 13.155868726000165 ], [ 38.496637005000139, 13.165028546000087 ], [ 38.495275715000162, 13.185984174000055 ], [ 38.550165936999974, 13.171109221000052 ], [ 38.534000191000189, 13.198594245999971 ], [ 38.559710925000161, 13.199070390000145 ], [ 38.548872716000176, 13.223933632000126 ], [ 38.576744248000068, 13.247427929000082 ], [ 38.572660300000166, 13.292448088000128 ], [ 38.62832792200004, 13.309426650000034 ], [ 38.663086343000145, 13.294450065000149 ], [ 38.739521761000049, 13.293518656000117 ], [ 38.731588079000176, 13.262275644000169 ], [ 38.800690766000116, 13.247309866000023 ], [ 38.863105411, 13.209497663000036 ], [ 38.951741918000039, 13.237514728000122 ], [ 38.955824074000134, 13.21201319000005 ], [ 38.997367780000047, 13.203404456999976 ], [ 39.041598780000072, 13.161502315000121 ], [ 39.036933914000087, 13.134239229000116 ], [ 38.97860189000005, 13.098962081000025 ], [ 39.004334067000116, 13.023397491000026 ], [ 39.000219106000031, 13.003443776000097 ], [ 39.053611421000028, 12.990669566000065 ], [ 39.082858956000166, 12.959272311000063 ], [ 39.141864794000185, 12.955839862 ], [ 39.19283200000018, 12.92808498800008 ], [ 39.258728715000018, 12.914682269000025 ], [ 39.279022835000148, 12.856247515000177 ], [ 39.294894823000163, 12.870902075000117 ], [ 39.306827890000136, 12.866310379000026 ], [ 39.310131667000178, 12.852206824000064 ], [ 39.277685629000189, 12.826024042000142 ], [ 39.307215579000115, 12.811652772000116 ], [ 39.303601963000119, 12.793315247000123 ], [ 39.275771867000117, 12.787847884000143 ], [ 39.267663775000187, 12.77133496600004 ], [ 39.278853379000168, 12.758548087000122 ], [ 39.269535045000111, 12.723219788000165 ], [ 39.285521429000141, 12.704370101000052 ], [ 39.280482154000026, 12.688008236000144 ], [ 39.174401276000026, 12.643480484000065 ], [ 39.229773857000055, 12.501081519000024 ], [ 39.243406748000154, 12.373926668000138 ] ] ] } },
{ "type": "Feature", "properties": { "adm2_name": "Awi", "adm2_name1": null, "adm2_name2": null, "adm2_name3": null, "adm2_pcode": "ET0309", "adm1_name": "Amhara", "adm1_name1": null, "adm1_name2": null, "adm1_name3": null, "adm1_pcode": "ET03", "adm0_name": "Ethiopia", "adm0_name1": null, "adm0_name2": null, "adm0_name3": null, "adm0_pcode": "ET", "valid_on": "2025-01-01", "valid_to": null, "area_sqkm": 9070.4900220899999, "version": "v04", "lang": "en", "lang1": null, "lang2": null, "lang3": null, "adm2_ref_n": null, "center_lat": null, "center_lon": null, "adm2_alt_n": null }, "geometry": { "type": "Polygon", "coordinates": [ [ [ 36.941385694000132, 10.727466091000053 ], [ 36.924347947000058, 10.704366758999981 ], [ 36.932660104999968, 10.685129930000073 ], [ 36.918878696000036, 10.667359030000171 ], [ 36.859742661000155, 10.680622191 ], [ 36.82452913100019, 10.664019903000167 ], [ 36.822831703000077, 10.619211158000041 ], [ 36.778607137, 10.579617284000165 ], [ 36.752061354000148, 10.583386801000017 ], [ 36.750786036000136, 10.538758509000161 ], [ 36.728650700000117, 10.523326868000083 ], [ 36.689472587000068, 10.556338143000062 ], [ 36.654795809000063, 10.550512901000161 ], [ 36.537912082000162, 10.503010925000012 ], [ 36.518622390000189, 10.478874607000137 ], [ 36.46271156600011, 10.479181219000111 ], [ 36.435302188000094, 10.452525116000174 ], [ 36.390855295000051, 10.467986198000119 ], [ 36.359132568000177, 10.53031590400019 ], [ 36.343613459000153, 10.520897603000094 ], [ 36.318218325000032, 10.528003484000124 ], [ 36.302023956000085, 10.553959757000086 ], [ 36.305875833000187, 10.577947712000025 ], [ 36.281647511000131, 10.604559028999972 ], [ 36.307616425000163, 10.624203287000171 ], [ 36.303015255000105, 10.637862573000064 ], [ 36.324195112999973, 10.661657148000188 ], [ 36.31126925500007, 10.67880626300007 ], [ 36.321730640000112, 10.68528913900019 ], [ 36.317596673000082, 10.703604919000043 ], [ 36.373958795000021, 10.758410476000051 ], [ 36.377216858000054, 10.785756431000038 ], [ 36.341603238000175, 10.788837210000111 ], [ 36.310784268000134, 10.74725869100007 ], [ 36.285242190000133, 10.744582874000116 ], [ 36.282253898000135, 10.803867232000073 ], [ 36.310128087000123, 10.827150243000176 ], [ 36.309142279000071, 10.862546867000049 ], [ 36.354032613000129, 10.937042986 ], [ 36.417669645000046, 11.000727687 ], [ 36.422564846000114, 11.031367313000089 ], [ 36.489671171999987, 11.068734794000079 ], [ 36.525083896000126, 11.112711607000108 ], [ 36.546418847000155, 11.094625260000157 ], [ 36.574988356000119, 11.100708863000023 ], [ 36.578017499, 11.110522327000183 ], [ 36.560197970000104, 11.113251220000109 ], [ 36.549339458000134, 11.137815229000125 ], [ 36.502904681000075, 11.137539042000071 ], [ 36.467607841000131, 11.155408725000086 ], [ 36.46019195100007, 11.226432698000167 ], [ 36.47583075100016, 11.244666323000104 ], [ 36.46714241899997, 11.264992656000118 ], [ 36.494965947000139, 11.288952227000038 ], [ 36.556879115000186, 11.302116366000064 ], [ 36.556418424000185, 11.329487098000072 ], [ 36.534543144000168, 11.335293242000148 ], [ 36.563626502000091, 11.358029042000169 ], [ 36.563889813000117, 11.37134905500011 ], [ 36.533094912000024, 11.394058938 ], [ 36.529910165000047, 11.434547089000091 ], [ 36.512222444000031, 11.458277112000189 ], [ 36.467155096000056, 11.428645228000164 ], [ 36.409947647000081, 11.41391171600003 ], [ 36.409544390000178, 11.458302047000018 ], [ 36.444303742000102, 11.492808222000065 ], [ 36.375154938000151, 11.607679311000027 ], [ 36.348421412000107, 11.605359639000142 ], [ 36.332418123000025, 11.666042003000143 ], [ 36.347556373000032, 11.696597154000074 ], [ 36.332064212000148, 11.704052347000072 ], [ 36.341274615000088, 11.780808515000103 ], [ 36.329066074000025, 11.796687280000185 ], [ 36.308797963000188, 11.803229321000117 ], [ 36.23157853500004, 11.722111979999966 ], [ 36.207073445000049, 11.721434708000061 ], [ 36.176215873000046, 11.684244684000134 ], [ 36.144827013000111, 11.685617417000117 ], [ 36.118357555999978, 11.705810794000172 ], [ 36.12552807700007, 11.719165851000014 ], [ 36.105230449000032, 11.81589069100005 ], [ 36.081458584000188, 11.824370293000186 ], [ 36.066264639000053, 11.851600541000096 ], [ 36.054495611000107, 11.849317632000123 ], [ 36.056373809000036, 11.874303763000057 ], [ 35.969024161000164, 11.95841593800003 ], [ 35.965816198000027, 11.984583925999971 ], [ 35.940509, 11.970821025000134 ], [ 35.942267798000103, 12.012317280000104 ], [ 35.976933145000146, 12.005031712000061 ], [ 36.059782434000113, 12.024481770000136 ], [ 36.052125751000119, 12.038855319000049 ], [ 36.064694743000189, 12.052943924000033 ], [ 36.08662053200004, 12.027193045000047 ], [ 36.101859023000145, 12.034516836000023 ], [ 36.130615321000164, 12.011760528000082 ], [ 36.226741683000057, 12.001078746000189 ], [ 36.248841893000076, 12.021860255000036 ], [ 36.282687894000162, 12.026989877000119 ], [ 36.295513974000187, 12.04524810900017 ], [ 36.34366854200016, 12.054061683000043 ], [ 36.408621860000039, 12.018403142000068 ], [ 36.566359170000055, 11.970441741 ], [ 36.570228065000151, 11.961390170000072 ], [ 36.54591602500011, 11.948650903000043 ], [ 36.556403804000013, 11.932532698000045 ], [ 36.520105921000095, 11.930063321000091 ], [ 36.608577463000074, 11.857763657000021 ], [ 36.618063316000075, 11.816289545000188 ], [ 36.574347236000165, 11.775753045000101 ], [ 36.610711758000036, 11.76276698099997 ], [ 36.636198418999982, 11.730357148000053 ], [ 36.662836644000038, 11.727764450000109 ], [ 36.663443896, 11.672776233000093 ], [ 36.654869940000083, 11.641566427000043 ], [ 36.553230288000179, 11.54041261600014 ], [ 36.552001055000176, 11.52279363100007 ], [ 36.623107398000172, 11.533595978000108 ], [ 36.651616309000076, 11.508788964000132 ], [ 36.662888018000046, 11.467549506000182 ], [ 36.650484643000084, 11.404038173000117 ], [ 36.719154818000106, 11.419094310000048 ], [ 36.748154291000105, 11.441896950000057 ], [ 36.779097731000093, 11.409713702000147 ], [ 36.805654775999983, 11.403760276000128 ], [ 36.823018219000062, 11.369595783000022 ], [ 36.865821554000149, 11.347633641000073 ], [ 36.882272691000026, 11.315109757000187 ], [ 36.913108415000181, 11.318091045000131 ], [ 36.925738436000074, 11.300459241 ], [ 36.941807751000169, 11.304840149000142 ], [ 36.948682776000112, 11.293803327000148 ], [ 36.926626125000098, 11.25777791400003 ], [ 36.981154010000068, 11.254046478000021 ], [ 36.993279620000067, 11.215799342000025 ], [ 37.010302827000146, 11.210372780000114 ], [ 37.00585212500016, 11.182758097999965 ], [ 37.029843004000156, 11.190202815000191 ], [ 37.041762789000074, 11.178111492000085 ], [ 37.045513439000104, 11.190125546000104 ], [ 37.071350197000186, 11.179344506000177 ], [ 37.067342539000038, 11.169250515000158 ], [ 37.0817576, 11.159575233000055 ], [ 37.075030364000099, 11.112941555000134 ], [ 37.088925818000178, 11.098751665000066 ], [ 37.071701830000052, 11.082283950999965 ], [ 37.073590514000159, 11.059786221000138 ], [ 37.095764595000162, 11.011173113000098 ], [ 37.094581700000049, 11.028039132000174 ], [ 37.113470621000033, 11.034782285000063 ], [ 37.10725514000012, 11.010220125000103 ], [ 37.133887397000194, 10.960927974000072 ], [ 37.10208407000016, 10.966507691000174 ], [ 37.081206259000169, 10.944241620000184 ], [ 37.113039651000065, 10.910784862000071 ], [ 37.115074353000182, 10.864053416000104 ], [ 37.129595937000033, 10.853643000999966 ], [ 37.119871858000067, 10.851382452000109 ], [ 37.124835137000105, 10.829492005000134 ], [ 37.108805382000128, 10.820068414000161 ], [ 37.091705931000092, 10.826994893000119 ], [ 37.101736742000185, 10.797685967000177 ], [ 37.087504234000164, 10.787552942000104 ], [ 37.073869972000011, 10.782397930000059 ], [ 37.076348295000173, 10.79207593100017 ], [ 37.060441264000019, 10.794320493000043 ], [ 37.064635404000171, 10.762584760000152 ], [ 37.043992254999978, 10.764368629000046 ], [ 37.038825791000079, 10.751660069000138 ], [ 37.024753989000033, 10.758411034000119 ], [ 37.027800509000031, 10.741431153 ], [ 37.013057429000185, 10.734754666000129 ], [ 37.013550610000038, 10.762883654000177 ], [ 37.002287995000131, 10.739564608000023 ], [ 36.983010301999968, 10.73996626100012 ], [ 36.979107411000086, 10.723151820000055 ], [ 36.966439628999979, 10.733400989000131 ], [ 36.976743828, 10.711274096000182 ], [ 36.953224809000119, 10.708339892000026 ], [ 36.941385694000132, 10.727466091000053 ] ] ] } },
{ "type": "Feature", "properties": { "adm2_name": "Oromo Nationality Administration", "adm2_name1": null, "adm2_name2": null, "adm2_name3": null, "adm2_pcode": "ET0310", "adm1_name": "Amhara", "adm1_name1": null, "adm1_name2": null, "adm1_name3": null, "adm1_pcode": "ET03", "adm0_name": "Ethiopia", "adm0_name1": null, "adm0_name2": null, "adm0_name3": null, "adm0_pcode": "ET", "valid_on": "2025-01-01", "valid_to": null, "area_sqkm": 3814.7318802999998, "version": "v04", "lang": "en", "lang1": null, "lang2": null, "lang3": null, "adm2_ref_n": null, "center_lat": null, "center_lon": null, "adm2_alt_n": null }, "geometry": { "type": "Polygon", "coordinates": [ [ [ 40.102610932000175, 10.755046175000132 ], [ 40.163639855000156, 10.41236375200009 ], [ 40.160385655000027, 10.300797679000141 ], [ 40.128993667000032, 10.173546208000062 ], [ 40.158145723000132, 10.090278606000084 ], [ 40.132584922000092, 10.071093523000116 ], [ 39.927274822000129, 10.089962566 ], [ 39.93354202900008, 10.071673790000091 ], [ 39.923773936000032, 10.068631436000089 ], [ 39.92646207700011, 10.091412425000158 ], [ 39.93060875000009, 10.099599939000086 ], [ 39.962389258000087, 10.090816914000186 ], [ 39.990152639000144, 10.110456268000121 ], [ 39.982013325000139, 10.126079535000088 ], [ 39.977424991000078, 10.115984088000118 ], [ 39.952528647000179, 10.121252920000131 ], [ 39.94810140800007, 10.110211036000123 ], [ 39.929412243000115, 10.129349049000041 ], [ 39.952024788000188, 10.217610357000069 ], [ 39.9263546950001, 10.239196523000146 ], [ 39.929003516000137, 10.256613027000014 ], [ 39.944115386000135, 10.25699756400013 ], [ 39.923187903000098, 10.296727956000154 ], [ 39.949931795000111, 10.336816444000078 ], [ 39.981811279000112, 10.346726320000073 ], [ 39.933661620000123, 10.374462731 ], [ 39.947831044999987, 10.395110856000031 ], [ 39.938124339000126, 10.398118370000191 ], [ 39.94325618400012, 10.440993272000128 ], [ 39.929208888000119, 10.472367494000082 ], [ 39.938495891000173, 10.487721270000179 ], [ 39.917060577000086, 10.53175847000017 ], [ 39.865657367000097, 10.574920141000064 ], [ 39.860564193000073, 10.622563049000178 ], [ 39.839567033000037, 10.624587968000128 ], [ 39.834277561000079, 10.65403324000016 ], [ 39.880970429000058, 10.696278601000131 ], [ 39.817432387000167, 10.689765536999971 ], [ 39.812744255000041, 10.734237103000055 ], [ 39.727878104000069, 10.708576252000057 ], [ 39.707139277000181, 10.758417030999965 ], [ 39.713245408000091, 10.768899186000169 ], [ 39.686878109000077, 10.787248334000139 ], [ 39.710264620000032, 10.802104063000115 ], [ 39.692727175000186, 10.826214458000095 ], [ 39.709916019000048, 10.837430088000133 ], [ 39.691892216000099, 10.842056823000064 ], [ 39.663981647000128, 10.895813357000065 ], [ 39.718186677000119, 10.874705329000108 ], [ 39.744504947000053, 10.893059673000153 ], [ 39.789861759000189, 10.879238397000165 ], [ 39.789301451000028, 10.894172849000029 ], [ 39.803734882000072, 10.890931707000107 ], [ 39.801181239000073, 10.902823346 ], [ 39.81908625300008, 10.911605859000076 ], [ 39.826667169000075, 10.876815786000179 ], [ 39.87152785700016, 10.889056168000081 ], [ 39.882483853000053, 10.904116883000029 ], [ 39.933652799000185, 10.910020746999976 ], [ 39.93409251900016, 10.885306084000149 ], [ 39.955544626000062, 10.868777675999979 ], [ 39.934603846000073, 10.845228794000036 ], [ 39.944516791000069, 10.831905994000124 ], [ 39.95756217100012, 10.847178872000086 ], [ 39.969200865000118, 10.838624578000179 ], [ 39.96305876200006, 10.85471233800007 ], [ 39.968579403000035, 10.857716028000084 ], [ 40.103613327000062, 10.875985410000055 ], [ 40.018141584000034, 10.936934696000094 ], [ 40.017102019999982, 10.958663116000082 ], [ 40.029514809000034, 10.949290302000122 ], [ 40.049950522000074, 10.981214885000043 ], [ 40.010741420000045, 11.010627940000177 ], [ 39.954922894000163, 11.116654044000086 ], [ 39.973701341000037, 11.189669291000087 ], [ 39.949752133000175, 11.21400251600005 ], [ 39.919718499999988, 11.223068991000105 ], [ 39.91757299000011, 11.251589853000041 ], [ 39.885930715000143, 11.241546901000106 ], [ 39.87189779400012, 11.271789701000046 ], [ 39.856051804000174, 11.275309820000075 ], [ 39.859409884, 11.30891837300004 ], [ 39.846567279000112, 11.319184031000134 ], [ 39.970761481000125, 11.372014207000063 ], [ 40.014429384000039, 11.424092256000051 ], [ 40.051926549000086, 11.436816637000106 ], [ 40.066637972000024, 11.432106121000061 ], [ 40.064956347000077, 11.337759224000081 ], [ 40.102577586000052, 11.316914856999972 ], [ 40.145619762000138, 11.255625560000112 ], [ 40.172875988000101, 11.239979554000172 ], [ 40.21243793400015, 11.108908124000095 ], [ 40.19379644300011, 11.096367235000116 ], [ 40.186939037000059, 11.025342766000165 ], [ 40.144128374000047, 10.952115006999975 ], [ 40.123771524000063, 10.93763921600015 ], [ 40.149310951000132, 10.895796132000157 ], [ 40.180501636000088, 10.896861903000115 ], [ 40.166695362000098, 10.805048304000138 ], [ 40.102610932000175, 10.755046175000132 ] ] ] } },
{ "type": "Feature", "properties": { "adm2_name": "Central Gondar", "adm2_name1": null, "adm2_name2": null, "adm2_name3": null, "adm2_pcode": "ET0311", "adm1_name": "Amhara", "adm1_name1": null, "adm1_name2": null, "adm1_name3": null, "adm1_pcode": "ET03", "adm0_name": "Ethiopia", "adm0_name1": null, "adm0_name2": null, "adm0_name3": null, "adm0_pcode": "ET", "valid_on": "2025-01-01", "valid_to": null, "area_sqkm": 20842.74816304, "version": "v04", "lang": "en", "lang1": null, "lang2": null, "lang3": null, "adm2_ref_n": null, "center_lat": null, "center_lon": null, "adm2_alt_n": null }, "geometry": { "type": "Polygon", "coordinates": [ [ [ 36.416101695000123, 12.017099878000067 ], [ 36.464582863000146, 12.05746769000001 ], [ 36.49312422700018, 12.106782768000073 ], [ 36.450026674000185, 12.142482509000104 ], [ 36.416202650000059, 12.148723019000045 ], [ 36.406097779000049, 12.165462435000052 ], [ 36.485780591000037, 12.224231896000163 ], [ 36.48163508500005, 12.257523542000115 ], [ 36.471970691000138, 12.259112973000072 ], [ 36.498515886000121, 12.293260332000045 ], [ 36.474715537000066, 12.323392511000179 ], [ 36.493037009000034, 12.323693563000063 ], [ 36.530676945000096, 12.355181632000097 ], [ 36.528747517000113, 12.374736974000029 ], [ 36.50986731200004, 12.374692665000168 ], [ 36.520373191000033, 12.392837855000153 ], [ 36.570711846000108, 12.392012930000021 ], [ 36.587660408000033, 12.404069366000101 ], [ 36.655280658000152, 12.383269614000085 ], [ 36.671759962000124, 12.400857396000106 ], [ 36.711075225000116, 12.387877442000104 ], [ 36.74476672000003, 12.407619429000135 ], [ 36.842195284000184, 12.369710335000036 ], [ 36.856646827000191, 12.383691807000105 ], [ 36.869140663000053, 12.378768128000104 ], [ 36.875211238000077, 12.431551760000104 ], [ 36.86025723500012, 12.442458293000072 ], [ 36.871746277, 12.488331554000183 ], [ 36.887689573000046, 12.484774191000099 ], [ 36.915000284000143, 12.535697231000142 ], [ 36.884642510999981, 12.56008003300019 ], [ 36.8502255840001, 12.56749033 ], [ 36.85669806500016, 12.589421572000049 ], [ 36.908586452000065, 12.58109755800001 ], [ 36.937688042000048, 12.591391535000071 ], [ 36.922163392000016, 12.634497644000021 ], [ 36.932811612000194, 12.646809825999981 ], [ 36.922568394000166, 12.710407873000122 ], [ 36.965314864000106, 12.673408032 ], [ 36.98594891700003, 12.672488981000072 ], [ 36.98735118500008, 12.695482255000115 ], [ 37.028157745000101, 12.703489493 ], [ 37.05520760700017, 12.733632273000069 ], [ 37.027823038000179, 12.771236414000043 ], [ 37.009248112000193, 12.772579721999989 ], [ 37.007994390000192, 12.801922599000022 ], [ 36.909821020000038, 12.795646875000159 ], [ 36.880302292000181, 12.823706328000185 ], [ 36.838313717000119, 12.803953654000111 ], [ 36.800792974999979, 12.817653026000073 ], [ 36.785598832000062, 12.93306035300003 ], [ 36.828677237000193, 12.917450853000105 ], [ 36.755712229000153, 13.034954820000166 ], [ 36.764610705000109, 13.05233861500011 ], [ 36.790546570000174, 13.050108045000115 ], [ 36.80731126500018, 13.062958293000179 ], [ 36.82660465400005, 13.033151039000018 ], [ 36.832219864000137, 13.112408083 ], [ 36.81537540100004, 13.153081242000098 ], [ 36.74966016400009, 13.221346076000088 ], [ 36.701888202000191, 13.222882210000023 ], [ 36.697456038000098, 13.238065189999986 ], [ 36.687273452000113, 13.236198704000117 ], [ 36.676409233000129, 13.280288650000045 ], [ 36.551306777000093, 13.319874550000122 ], [ 36.515465103000167, 13.349374118000071 ], [ 36.481774005000034, 13.484864950000031 ], [ 36.497179119000123, 13.56043845500011 ], [ 36.517839151000146, 13.591720186000146 ], [ 36.55469238600017, 13.571281353000018 ], [ 36.564711750000185, 13.533001045000162 ], [ 36.601122891000045, 13.498425464000093 ], [ 36.57431031800013, 13.477864165000142 ], [ 36.566421944000069, 13.446200745000056 ], [ 36.569510996000076, 13.425268509000091 ], [ 36.609496445000104, 13.375213016000146 ], [ 36.635779662000061, 13.382451577000154 ], [ 36.664595514000098, 13.366565204000096 ], [ 36.685101069000041, 13.374785176000046 ], [ 36.734659852999982, 13.363072466000119 ], [ 36.766943716000185, 13.37812810700018 ], [ 36.824789940000187, 13.448246112000106 ], [ 36.895540236000102, 13.406913268000039 ], [ 36.919192014000032, 13.376823803999969 ], [ 37.034955552000042, 13.353264047000096 ], [ 37.078374033000102, 13.311815581000076 ], [ 37.098737854000035, 13.316356616 ], [ 37.15774619900003, 13.297806598000136 ], [ 37.204709119000142, 13.255712391000088 ], [ 37.250517199000114, 13.294993971000054 ], [ 37.280647187000113, 13.284943967000174 ], [ 37.321827248000091, 13.297177615000066 ], [ 37.365241889000174, 13.359850854000058 ], [ 37.395817856000065, 13.357776969000099 ], [ 37.415816650000068, 13.373968391000062 ], [ 37.440505834000078, 13.35409430600015 ], [ 37.523677372000122, 13.369931853000026 ], [ 37.549234946000183, 13.312705727000036 ], [ 37.52927407500016, 13.294564094000066 ], [ 37.548203857000033, 13.222164970000165 ], [ 37.542845318000104, 13.197029311999984 ], [ 37.511110898000027, 13.18743244500007 ], [ 37.455083089000141, 13.10220130100015 ], [ 37.523957340000152, 13.095344924000131 ], [ 37.537813428000163, 12.992314983000028 ], [ 37.563191443000051, 12.952056681999977 ], [ 37.635863558000096, 12.956920309000168 ], [ 37.627818904000037, 12.920615243999976 ], [ 37.649973335000027, 12.927237016000049 ], [ 37.651132229000154, 12.902126678000059 ], [ 37.714460568000163, 12.877232996000032 ], [ 37.755709590000038, 12.897813051000071 ], [ 37.772298557000113, 12.921119059000034 ], [ 37.847552534000044, 12.926796545000116 ], [ 37.912674285000151, 12.905313637000063 ], [ 37.893778277000024, 12.99930303900004 ], [ 37.919683160000147, 13.029602839000063 ], [ 37.905022032000147, 13.041908885000112 ], [ 37.948372513999971, 13.05591277200017 ], [ 37.954863444000068, 13.078925933999983 ], [ 37.97545433300013, 13.081640520000064 ], [ 37.993449605000137, 13.106617151000137 ], [ 38.043786429000193, 13.074125489000096 ], [ 38.001133418000052, 13.026924604000101 ], [ 38.036641881000037, 12.94851937500016 ], [ 38.053798657000129, 12.934960836000187 ], [ 38.089799309000057, 12.98142873200004 ], [ 38.126632929000152, 12.967870682000182 ], [ 38.133216675000085, 12.897891623000021 ], [ 38.124099132000026, 12.876018794000117 ], [ 38.134086768000031, 12.871769605000168 ], [ 38.152024417000177, 12.896111109000117 ], [ 38.15737036500019, 12.938162799000168 ], [ 38.192318401000023, 12.939228540000158 ], [ 38.186834017000137, 12.904717293999965 ], [ 38.202268830000094, 12.882323878000079 ], [ 38.224291918000119, 12.873298750000117 ], [ 38.24763883900016, 12.90224368000014 ], [ 38.264647418000095, 12.898583744000177 ], [ 38.261777456000175, 12.825162596000098 ], [ 38.295812201000047, 12.816236247 ], [ 38.312173415000188, 12.754366177000179 ], [ 38.358538949000092, 12.763145467000015 ], [ 38.383362906000116, 12.748586176 ], [ 38.465525961000139, 12.742807211000127 ], [ 38.451956690000145, 12.676768701000185 ], [ 38.480236677000164, 12.633304271000156 ], [ 38.471025053, 12.622734835000131 ], [ 38.47970244600009, 12.608324528000026 ], [ 38.432635800000071, 12.554323788000033 ], [ 38.398801717000083, 12.550335702000098 ], [ 38.364731959000039, 12.525771854000027 ], [ 38.345543887000133, 12.48663134200018 ], [ 38.312638500000048, 12.463198145000092 ], [ 38.267561937000153, 12.398217901000123 ], [ 38.209755535000056, 12.374130589 ], [ 38.171828458000164, 12.338728302000106 ], [ 38.112629190000121, 12.337656877000029 ], [ 38.110628244000111, 12.317673196999976 ], [ 38.098387198000125, 12.32552820900014 ], [ 38.073119986000108, 12.31059586300006 ], [ 38.058772463000082, 12.333122076000052 ], [ 38.020086555000148, 12.308927542000163 ], [ 38.004041820000168, 12.315919748000113 ], [ 37.989359005999972, 12.299810800000103 ], [ 37.982965956000044, 12.308230058 ], [ 37.963504876000059, 12.288024691000032 ], [ 37.960022862000073, 12.305009366000149 ], [ 37.949237224000115, 12.300877164000042 ], [ 37.964814304000072, 12.218076064000059 ], [ 37.939557801000149, 12.220922534000067 ], [ 37.91890937800008, 12.274670322000077 ], [ 37.904557941000064, 12.268584610000119 ], [ 37.882419498000161, 12.292251087000125 ], [ 37.863604953000163, 12.254781692999984 ], [ 37.830141733, 12.251474870000038 ], [ 37.812549977, 12.300423975000115 ], [ 37.788461236000046, 12.304509809000137 ], [ 37.794386018000182, 12.344303668000123 ], [ 37.775759128000175, 12.347198973000104 ], [ 37.767145012000128, 12.367687018000026 ], [ 37.728875159999973, 12.324454067999966 ], [ 37.684501251000142, 12.332053561 ], [ 37.66420009, 12.319731059000105 ], [ 37.647313583000027, 12.286194015000092 ], [ 37.682226386000082, 12.275946360000148 ], [ 37.700481450000098, 12.238739365000129 ], [ 37.737836767000147, 12.208340878000172 ], [ 37.734191744000043, 12.199130320000165 ], [ 37.761924862, 12.216057564000039 ], [ 37.759285614000135, 12.192673442000057 ], [ 37.740158182000073, 12.174919912000178 ], [ 37.695241976000034, 12.171326519000104 ], [ 37.693752310000036, 12.152402843000061 ], [ 37.672890957000163, 12.144931758000155 ], [ 37.647077036999974, 12.142077925000024 ], [ 37.633619140000178, 12.154283525000039 ], [ 37.53938596800009, 12.087675405000027 ], [ 37.422716811000157, 12.098077372000091 ], [ 37.399628560000053, 12.070523055000137 ], [ 37.242559458000073, 12.070378647000098 ], [ 37.17643875400006, 12.05391976300001 ], [ 37.085580194000102, 11.922609487000102 ], [ 37.006480741000132, 11.896606299000098 ], [ 36.986039464000157, 11.907479228999989 ], [ 36.948017789000062, 11.867938197000058 ], [ 36.908264599000177, 11.864363578000166 ], [ 36.870907724000176, 11.843168143000128 ], [ 36.860470752000083, 11.786702938000076 ], [ 36.884282478000159, 11.757850242000075 ], [ 36.882282566000072, 11.740091740000139 ], [ 36.846105471000158, 11.742690766000067 ], [ 36.843613069000185, 11.726172156000189 ], [ 36.820962598000051, 11.718800462000104 ], [ 36.789217415000053, 11.676641528000061 ], [ 36.714979577000065, 11.689067785000134 ], [ 36.654869940000083, 11.641566427000043 ], [ 36.662836644000038, 11.727764450000109 ], [ 36.636198418999982, 11.730357148000053 ], [ 36.610711758000036, 11.76276698099997 ], [ 36.574347236000165, 11.775753045000101 ], [ 36.618063316000075, 11.816289545000188 ], [ 36.608577463000074, 11.857763657000021 ], [ 36.520105921000095, 11.930063321000091 ], [ 36.556403804000013, 11.932532698000045 ], [ 36.54591602500011, 11.948650903000043 ], [ 36.570228065000151, 11.961390170000072 ], [ 36.566359170000055, 11.970441741 ], [ 36.439701904000174, 12.00722884400011 ], [ 36.416101695000123, 12.017099878000067 ] ] ] } },
{ "type": "Feature", "properties": { "adm2_name": "West Gondar", "adm2_name1": null, "adm2_name2": null, "adm2_name3": null, "adm2_pcode": "ET0312", "adm1_name": "Amhara", "adm1_name1": null, "adm1_name2": null, "adm1_name3": null, "adm1_pcode": "ET03", "adm0_name": "Ethiopia", "adm0_name1": null, "adm0_name2": null, "adm0_name3": null, "adm0_pcode": "ET", "valid_on": "2025-01-01", "valid_to": null, "area_sqkm": 16768.222864219999, "version": "v04", "lang": "en", "lang1": null, "lang2": null, "lang3": null, "adm2_ref_n": null, "center_lat": null, "center_lon": null, "adm2_alt_n": null }, "geometry": { "type": "Polygon", "coordinates": [ [ [ 35.283879998000032, 11.983330002000173 ], [ 35.647359978999987, 12.59152997100017 ], [ 35.686239992000083, 12.602219999000056 ], [ 35.700139980000131, 12.624999971000136 ], [ 35.701080000000104, 12.666119988999981 ], [ 35.964720000000113, 12.71556 ], [ 36.07229, 12.724100000000135 ], [ 36.11194000100005, 12.694029999000179 ], [ 36.142539971000076, 12.714849979000121 ], [ 36.15916, 12.88139 ], [ 36.13534, 12.92541 ], [ 36.168889974000081, 12.989999974000114 ], [ 36.157360000000153, 13.03306 ], [ 36.2486, 13.368060000000185 ], [ 36.397499978000155, 13.567779972000153 ], [ 36.409020000000112, 13.6575 ], [ 36.453524516000073, 13.762965645000065 ], [ 36.480674068000042, 13.734733629 ], [ 36.477664256000082, 13.693450618000099 ], [ 36.50439169800012, 13.665134416000058 ], [ 36.526074354, 13.606487345000119 ], [ 36.497179119000123, 13.56043845500011 ], [ 36.481774005000034, 13.484864950000031 ], [ 36.515465103000167, 13.349374118000071 ], [ 36.551306777000093, 13.319874550000122 ], [ 36.676409233000129, 13.280288650000045 ], [ 36.687273452000113, 13.236198704000117 ], [ 36.697456038000098, 13.238065189999986 ], [ 36.701888202000191, 13.222882210000023 ], [ 36.74966016400009, 13.221346076000088 ], [ 36.81537540100004, 13.153081242000098 ], [ 36.832219864000137, 13.112408083 ], [ 36.82660465400005, 13.033151039000018 ], [ 36.80731126500018, 13.062958293000179 ], [ 36.790546570000174, 13.050108045000115 ], [ 36.764610705000109, 13.05233861500011 ], [ 36.755712229000153, 13.034954820000166 ], [ 36.828677237000193, 12.917450853000105 ], [ 36.785598832000062, 12.93306035300003 ], [ 36.800792974999979, 12.817653026000073 ], [ 36.838313717000119, 12.803953654000111 ], [ 36.880302292000181, 12.823706328000185 ], [ 36.909821020000038, 12.795646875000159 ], [ 37.007994390000192, 12.801922599000022 ], [ 37.009248112000193, 12.772579721999989 ], [ 37.027823038000179, 12.771236414000043 ], [ 37.055038805000038, 12.740028437000092 ], [ 37.028982129000099, 12.703973937000171 ], [ 36.98735118500008, 12.695482255000115 ], [ 36.98594891700003, 12.672488981000072 ], [ 36.965314864000106, 12.673408032 ], [ 36.922568394000166, 12.710407873000122 ], [ 36.932811612000194, 12.646809825999981 ], [ 36.922163392000016, 12.634497644000021 ], [ 36.937688042000048, 12.591391535000071 ], [ 36.908586452000065, 12.58109755800001 ], [ 36.85669806500016, 12.589421572000049 ], [ 36.8502255840001, 12.56749033 ], [ 36.884642510999981, 12.56008003300019 ], [ 36.915000284000143, 12.535697231000142 ], [ 36.887689573000046, 12.484774191000099 ], [ 36.871746277, 12.488331554000183 ], [ 36.86025723500012, 12.442458293000072 ], [ 36.875211238000077, 12.431551760000104 ], [ 36.869140663000053, 12.378768128000104 ], [ 36.856646827000191, 12.383691807000105 ], [ 36.842195284000184, 12.369710335000036 ], [ 36.74476672000003, 12.407619429000135 ], [ 36.711075225000116, 12.387877442000104 ], [ 36.671759962000124, 12.400857396000106 ], [ 36.655280658000152, 12.383269614000085 ], [ 36.587660408000033, 12.404069366000101 ], [ 36.570711846000108, 12.392012930000021 ], [ 36.520373191000033, 12.392837855000153 ], [ 36.50986731200004, 12.374692665000168 ], [ 36.528747517000113, 12.374736974000029 ], [ 36.530676945000096, 12.355181632000097 ], [ 36.493037009000034, 12.323693563000063 ], [ 36.474715537000066, 12.323392511000179 ], [ 36.498515886000121, 12.293260332000045 ], [ 36.471970691000138, 12.259112973000072 ], [ 36.48163508500005, 12.257523542000115 ], [ 36.485780591000037, 12.224231896000163 ], [ 36.406097779000049, 12.165462435000052 ], [ 36.416202650000059, 12.148723019000045 ], [ 36.450026674000185, 12.142482509000104 ], [ 36.49312422700018, 12.106782768000073 ], [ 36.464582863000146, 12.05746769000001 ], [ 36.418235041000116, 12.015898848000177 ], [ 36.34366854200016, 12.054061683000043 ], [ 36.295513974000187, 12.04524810900017 ], [ 36.282687894000162, 12.026989877000119 ], [ 36.248841893000076, 12.021860255000036 ], [ 36.226741683000057, 12.001078746000189 ], [ 36.190450122000129, 12.000404997000089 ], [ 36.130615321000164, 12.011760528000082 ], [ 36.101859023000145, 12.034516836000023 ], [ 36.08662053200004, 12.027193045000047 ], [ 36.06267147900013, 12.052735684000027 ], [ 36.052125751000119, 12.038855319000049 ], [ 36.059782434000113, 12.024481770000136 ], [ 35.936500155000147, 12.007519525000077 ], [ 35.936458851000111, 11.920757861000027 ], [ 35.874423950000164, 11.885936790000073 ], [ 35.848264760000063, 11.84024610300014 ], [ 35.822991351000155, 11.82686622 ], [ 35.803664669000113, 11.838016204000098 ], [ 35.666595569000151, 11.825909434000096 ], [ 35.661715636000054, 11.793377223000164 ], [ 35.576589017000174, 11.76735160700008 ], [ 35.516946098000062, 11.718011189000038 ], [ 35.473298434000185, 11.736175096000068 ], [ 35.42178871200008, 11.729397646999985 ], [ 35.363772558000051, 11.752983616000108 ], [ 35.325713089000033, 11.794483632000095 ], [ 35.295932535000134, 11.799151355000049 ], [ 35.284349649000092, 11.884517440000025 ], [ 35.26108444900018, 11.927687256000013 ], [ 35.283879998000032, 11.983330002000173 ] ] ] } },
{ "type": "Feature", "properties": { "adm2_name": "North Gojam", "adm2_name1": null, "adm2_name2": null, "adm2_name3": null, "adm2_pcode": "ET0313", "adm1_name": "Amhara", "adm1_name1": null, "adm1_name2": null, "adm1_name3": null, "adm1_pcode": "ET03", "adm0_name": "Ethiopia", "adm0_name1": null, "adm0_name2": null, "adm0_name3": null, "adm0_pcode": "ET", "valid_on": "2025-01-01", "valid_to": null, "area_sqkm": 6980.1524927500004, "version": "v04", "lang": "en", "lang1": null, "lang2": null, "lang3": null, "adm2_ref_n": null, "center_lat": null, "center_lon": null, "adm2_alt_n": null }, "geometry": { "type": "Polygon", "coordinates": [ [ [ 37.72769388100005, 11.315931383000134 ], [ 37.789666062000094, 11.264119537999989 ], [ 37.854185216000133, 11.239158663000183 ], [ 37.824935015000165, 11.228057708000165 ], [ 37.821217433000072, 11.168186758000161 ], [ 37.801245893000157, 11.166477621000013 ], [ 37.795227312000179, 11.152184021999972 ], [ 37.703714385000183, 11.137243499000078 ], [ 37.701491506000025, 11.120680373000084 ], [ 37.71510301100011, 11.111911677000023 ], [ 37.685969655000122, 11.099319190000017 ], [ 37.664588706000018, 11.106304999000088 ], [ 37.64458732200012, 11.090403111000114 ], [ 37.679008175000035, 11.073676508 ], [ 37.67339129000004, 11.060312130000057 ], [ 37.689198851000128, 11.04885447900017 ], [ 37.639516564000189, 11.032224437000139 ], [ 37.648608298000113, 11.012199446000182 ], [ 37.566157742000087, 11.012802025000042 ], [ 37.558206917000064, 11.086641349000104 ], [ 37.489735066000094, 11.127607061000163 ], [ 37.445064277000029, 11.078734762000067 ], [ 37.383143966000148, 11.129417547 ], [ 37.322622813000066, 11.114080373000036 ], [ 37.318341583000063, 11.131508502000088 ], [ 37.296090002000085, 11.106179717000032 ], [ 37.274330884000051, 11.13219980000008 ], [ 37.242018202000054, 11.098782460000052 ], [ 37.21873990600011, 11.150712081000165 ], [ 37.199079357000073, 11.10376783900017 ], [ 37.191120868000041, 11.128173605000143 ], [ 37.147390104000181, 11.132504076000032 ], [ 37.138271012000075, 11.144988629000181 ], [ 37.097854030000121, 11.126597245000085 ], [ 37.067342539000038, 11.169250515000158 ], [ 37.071350197000186, 11.179344506000177 ], [ 37.044904779000035, 11.190201629000114 ], [ 37.041762789000074, 11.178111492000085 ], [ 37.029843004000156, 11.190202815000191 ], [ 37.005362640000044, 11.183195173000172 ], [ 37.010302827000146, 11.210372780000114 ], [ 36.993279620000067, 11.215799342000025 ], [ 36.976738023000166, 11.257800433000057 ], [ 36.926626125000098, 11.25777791400003 ], [ 36.948682776000112, 11.293803327000148 ], [ 36.941807751000169, 11.304840149000142 ], [ 36.925738436000074, 11.300459241 ], [ 36.913108415000181, 11.318091045000131 ], [ 36.882272691000026, 11.315109757000187 ], [ 36.865821554000149, 11.347633641000073 ], [ 36.823018219000062, 11.369595783000022 ], [ 36.805654775999983, 11.403760276000128 ], [ 36.779097731000093, 11.409713702000147 ], [ 36.74618161900014, 11.442629944000146 ], [ 36.719154818000106, 11.419094310000048 ], [ 36.650484643000084, 11.404038173000117 ], [ 36.663264466000101, 11.464373268000088 ], [ 36.651616309000076, 11.508788964000132 ], [ 36.623107398000172, 11.533595978000108 ], [ 36.552001055000176, 11.52279363100007 ], [ 36.550369740000122, 11.534793905000186 ], [ 36.700167413000145, 11.681447896 ], [ 36.729779424000071, 11.688898387000165 ], [ 36.789217415000053, 11.676641528000061 ], [ 36.820962598000051, 11.718800462000104 ], [ 36.843613069000185, 11.726172156000189 ], [ 36.846105471000158, 11.742690766000067 ], [ 36.882282566000072, 11.740091740000139 ], [ 36.884282478000159, 11.757850242000075 ], [ 36.860470752000083, 11.786702938000076 ], [ 36.870907724000176, 11.843168143000128 ], [ 36.888232635000065, 11.856832705000102 ], [ 36.948017789000062, 11.867938197000058 ], [ 36.986039464000157, 11.907479228999989 ], [ 37.006480741000132, 11.896606299000098 ], [ 37.085580194000102, 11.922609487000102 ], [ 37.144647827000028, 11.994060484000158 ], [ 37.193433440000035, 11.871884049000073 ], [ 37.374876502000177, 11.830801271999974 ], [ 37.380169026000033, 11.789726391000045 ], [ 37.438154232000159, 11.721401537000077 ], [ 37.496972522000135, 11.731657111000061 ], [ 37.503656677000095, 11.698261934000129 ], [ 37.543483187000049, 11.648889863000079 ], [ 37.52670826300016, 11.627223742000012 ], [ 37.51259421200001, 11.628942665000068 ], [ 37.519201245000033, 11.593331914000146 ], [ 37.549789646000079, 11.578559403999975 ], [ 37.512124858000107, 11.52549473800002 ], [ 37.530445100000179, 11.500707450000107 ], [ 37.513238635000164, 11.470380930000147 ], [ 37.543217207000055, 11.441057962000116 ], [ 37.601803485, 11.440769498000066 ], [ 37.59304121700012, 11.466996336000079 ], [ 37.623619917000156, 11.48245371400003 ], [ 37.72769388100005, 11.315931383000134 ] ], [ [ 37.235366614000043, 11.468051861999982 ], [ 37.248833090000119, 11.436424844000101 ], [ 37.283264945000042, 11.436848921000092 ], [ 37.296400812, 11.478334201000166 ], [ 37.283696790000135, 11.485962293000171 ], [ 37.285570036000024, 11.505014380000148 ], [ 37.266611735000026, 11.504040978000035 ], [ 37.269193290000032, 11.48635498200008 ], [ 37.235366614000043, 11.468051861999982 ] ], [ [ 37.322457548000159, 11.711812638000083 ], [ 37.280688995000048, 11.692380550000053 ], [ 37.331163828000058, 11.66345444500007 ], [ 37.28735192500011, 11.633576530000028 ], [ 37.277379429000121, 11.598117560000162 ], [ 37.295997043999989, 11.57636610600008 ], [ 37.307870328999968, 11.578540623000151 ], [ 37.310945907000075, 11.559184152000057 ], [ 37.320781231000126, 11.569478694000054 ], [ 37.312720356999989, 11.578808126000126 ], [ 37.335303042000021, 11.575016122000079 ], [ 37.344415634000143, 11.559951290000129 ], [ 37.334887010999978, 11.522199789000183 ], [ 37.353523354000174, 11.503887802000179 ], [ 37.395442476000085, 11.510532365000074 ], [ 37.418695830000104, 11.550558687000034 ], [ 37.438828653000087, 11.533110077000117 ], [ 37.476986714000134, 11.536948589000133 ], [ 37.485072339000055, 11.567035606000047 ], [ 37.455218209000122, 11.596396003000109 ], [ 37.476793140000098, 11.635405694000042 ], [ 37.472747894000065, 11.652219705000107 ], [ 37.38254643900018, 11.665354458000024 ], [ 37.392372722000118, 11.712801249000108 ], [ 37.361818019, 11.75518021400012 ], [ 37.322457548000159, 11.711812638000083 ] ] ] } },
{ "type": "Feature", "properties": { "adm2_name": "Bahir Dar town Admin", "adm2_name1": null, "adm2_name2": null, "adm2_name3": null, "adm2_pcode": "ET0314", "adm1_name": "Amhara", "adm1_name1": null, "adm1_name2": null, "adm1_name3": null, "adm1_pcode": "ET03", "adm0_name": "Ethiopia", "adm0_name1": null, "adm0_name2": null, "adm0_name3": null, "adm0_pcode": "ET", "valid_on": "2025-01-01", "valid_to": null, "area_sqkm": 1087.5714885800001, "version": "v04", "lang": "en", "lang1": null, "lang2": null, "lang3": null, "adm2_ref_n": null, "center_lat": null, "center_lon": null, "adm2_alt_n": null }, "geometry": { "type": "MultiPolygon", "coordinates": [ [ [ [ 37.399628560000053, 12.070523055000137 ], [ 37.404652010000177, 11.8840272650001 ], [ 37.374876502000177, 11.830801271999974 ], [ 37.193433440000035, 11.871884049000073 ], [ 37.144647827000028, 11.994060484000158 ], [ 37.17643875400006, 12.05391976300001 ], [ 37.242559458000073, 12.070378647000098 ], [ 37.399628560000053, 12.070523055000137 ] ] ], [ [ [ 37.240792882000108, 11.475372981000135 ], [ 37.269193290000032, 11.48635498200008 ], [ 37.266611735000026, 11.504040978000035 ], [ 37.281527089000122, 11.507861049000041 ], [ 37.296400812, 11.478334201000166 ], [ 37.285897961000103, 11.46679062100003 ], [ 37.29249638400006, 11.45013236200009 ], [ 37.283264945000042, 11.436848921000092 ], [ 37.248833090000119, 11.436424844000101 ], [ 37.240792882000108, 11.475372981000135 ] ] ], [ [ [ 37.644493802000056, 11.491217610000035 ], [ 37.59304121700012, 11.466996336000079 ], [ 37.601803485, 11.440769498000066 ], [ 37.543217207000055, 11.441057962000116 ], [ 37.513238635000164, 11.470380930000147 ], [ 37.530445100000179, 11.500707450000107 ], [ 37.511176836000175, 11.521279376000109 ], [ 37.51931828700009, 11.541368762 ], [ 37.543138352000028, 11.561783983000112 ], [ 37.556445033000159, 11.545450485000117 ], [ 37.573646586999985, 11.549733811000181 ], [ 37.59240111600019, 11.510234396000044 ], [ 37.618511910000052, 11.527218382000171 ], [ 37.644493802000056, 11.491217610000035 ] ] ], [ [ [ 37.38254643900018, 11.665354458000024 ], [ 37.472747894000065, 11.652219705000107 ], [ 37.476793140000098, 11.635405694000042 ], [ 37.455218209000122, 11.596396003000109 ], [ 37.485072339000055, 11.567035606000047 ], [ 37.477275462000193, 11.537380679000023 ], [ 37.438828653000087, 11.533110077000117 ], [ 37.418695830000104, 11.550558687000034 ], [ 37.395442476000085, 11.510532365000074 ], [ 37.353523354000174, 11.503887802000179 ], [ 37.334887010999978, 11.522199789000183 ], [ 37.344415634000143, 11.559951290000129 ], [ 37.335303042000021, 11.575016122000079 ], [ 37.312720356999989, 11.578808126000126 ], [ 37.320781231000126, 11.569478694000054 ], [ 37.310945907000075, 11.559184152000057 ], [ 37.307870328999968, 11.578540623000151 ], [ 37.295997043999989, 11.57636610600008 ], [ 37.277379429000121, 11.598117560000162 ], [ 37.28735192500011, 11.633576530000028 ], [ 37.331163828000058, 11.66345444500007 ], [ 37.280688995000048, 11.692380550000053 ], [ 37.322457548000159, 11.711812638000083 ], [ 37.361818019, 11.75518021400012 ], [ 37.392372722000118, 11.712801249000108 ], [ 37.38254643900018, 11.665354458000024 ] ] ] ] } },
{ "type": "Feature", "properties": { "adm2_name": "West Wellega", "adm2_name1": null, "adm2_name2": null, "adm2_name3": null, "adm2_pcode": "ET0401", "adm1_name": "Oromia", "adm1_name1": null, "adm1_name2": null, "adm1_name3": null, "adm1_pcode": "ET04", "adm0_name": "Ethiopia", "adm0_name1": null, "adm0_name2": null, "adm0_name3": null, "adm0_pcode": "ET", "valid_on": "2025-01-01", "valid_to": null, "area_sqkm": 12392.488164390001, "version": "v04", "lang": "en", "lang1": null, "lang2": null, "lang3": null, "adm2_ref_n": null, "center_lat": null, "center_lon": null, "adm2_alt_n": null }, "geometry": { "type": "MultiPolygon", "coordinates": [ [ [ [ 35.451653165000039, 8.90491227800004 ], [ 35.41120658900013, 8.912394658999972 ], [ 35.398472846, 8.94764189600005 ], [ 35.378544556000122, 8.93647723000015 ], [ 35.364076483000076, 8.950557654000022 ], [ 35.350763816000153, 8.944729228000085 ], [ 35.337393148, 8.962223060000156 ], [ 35.343713090000165, 9.005828847000089 ], [ 35.312900303, 9.058430259999966 ], [ 35.278762214000096, 9.070708094000111 ], [ 35.280250967000086, 9.093275114000051 ], [ 35.263337447000083, 9.078276668 ], [ 35.233944879000148, 9.110459707000189 ], [ 35.22021635800013, 9.096511378000116 ], [ 35.197068422000086, 9.115842481000072 ], [ 35.188242745000025, 9.104895733999967 ], [ 35.124866806000171, 9.215501186000097 ], [ 35.137952084000176, 9.229179148000071 ], [ 35.127066610000099, 9.259166609000147 ], [ 35.05515764800009, 9.315834412000072 ], [ 35.013005400000111, 9.313444466000021 ], [ 34.976829593000161, 9.353172307000079 ], [ 34.931366922000052, 9.360126755000124 ], [ 34.925752451000108, 9.39014846300006 ], [ 34.940778334000186, 9.398149947999968 ], [ 34.930770371000165, 9.404638289000104 ], [ 34.911977792000187, 9.382932339000035 ], [ 34.922110687000099, 9.34833092100007 ], [ 34.872678877000112, 9.291720107000117 ], [ 34.873213900000053, 9.265504038000017 ], [ 34.851575724000099, 9.251444634999984 ], [ 34.829920812000182, 9.256112967999968 ], [ 34.822108163999985, 9.239864680000096 ], [ 34.791459, 9.249562326000103 ], [ 34.777821553000081, 9.173628319000045 ], [ 34.69866601300015, 9.174889399999984 ], [ 34.590828208000175, 9.139799314000072 ], [ 34.527756572000158, 9.188731027000131 ], [ 34.486183263000044, 9.150103325000089 ], [ 34.420917418000101, 9.153892158000133 ], [ 34.379004717000157, 9.130610478999984 ], [ 34.340877048000152, 9.168779030000167 ], [ 34.401742184, 9.186634573000049 ], [ 34.439560022000194, 9.215575531000127 ], [ 34.46627046499998, 9.365810855000063 ], [ 34.45180644800007, 9.449110630000121 ], [ 34.512974770000142, 9.448000646000139 ], [ 34.498732266000161, 9.514231065999979 ], [ 34.523230916000159, 9.541112503000079 ], [ 34.548466702999974, 9.629662940000117 ], [ 34.585394227000052, 9.630359738000038 ], [ 34.632014748000188, 9.588021403000027 ], [ 34.735137544000054, 9.545301779000113 ], [ 34.782986711000035, 9.553331130000061 ], [ 34.792057445000069, 9.603314873999977 ], [ 34.810854103000111, 9.63011872900006 ], [ 34.809960447000037, 9.702241158000106 ], [ 34.796142518000124, 9.736239464999983 ], [ 34.831665465000015, 9.803115600000126 ], [ 34.869726977000141, 9.820667072000163 ], [ 34.897683516000029, 9.881757181000069 ], [ 34.866795099, 9.902260916000046 ], [ 34.887781453000059, 9.908213967999984 ], [ 34.904420085000083, 9.955878686000119 ], [ 34.942995979999978, 9.933567317000154 ], [ 34.98818221300013, 9.996766925000031 ], [ 35.015017487000193, 9.995190863000062 ], [ 35.019654361000164, 9.928791940000167 ], [ 35.048513532000129, 9.917741245000059 ], [ 35.08102060900012, 9.921920612000065 ], [ 35.088341497000101, 9.950488895000092 ], [ 35.159583687000065, 9.948402073000125 ], [ 35.220798401000025, 9.925425696 ], [ 35.230743591000078, 9.893252214000029 ], [ 35.297454005000077, 9.922483253000166 ], [ 35.349800616000039, 9.866075812000133 ], [ 35.363788997000086, 9.813043185000026 ], [ 35.419628528000032, 9.785145035000085 ], [ 35.378831148000074, 9.765406404000032 ], [ 35.368397025000149, 9.719289413000183 ], [ 35.410766331000161, 9.713677552000092 ], [ 35.468423574000042, 9.670376197000166 ], [ 35.553727423000055, 9.696118466000144 ], [ 35.578517519, 9.665518421 ], [ 35.634727814000087, 9.65148833000012 ], [ 35.653437895000025, 9.634928304000027 ], [ 35.647491968000168, 9.553310385000032 ], [ 35.710760712000138, 9.486771922000173 ], [ 35.764992988000074, 9.473350736999976 ], [ 35.777325831000098, 9.440139413999987 ], [ 35.750121341000181, 9.40308330400012 ], [ 35.756747975999986, 9.323638114000062 ], [ 35.797191691000137, 9.308617540000171 ], [ 35.859870325000088, 9.324971589000143 ], [ 35.911088774000177, 9.315957987000104 ], [ 35.917871966000064, 9.285639052000136 ], [ 35.949321024000028, 9.249153646000082 ], [ 36.031577196000171, 9.23342605900001 ], [ 36.05361065600016, 9.119437129000119 ], [ 36.034022845000095, 9.107416687000125 ], [ 36.028074519000143, 9.055977324000082 ], [ 36.042155393000087, 9.015047793000065 ], [ 36.05109232500007, 9.017041518000099 ], [ 36.044096674000059, 8.978025015000128 ], [ 36.023550838000062, 8.952766588000031 ], [ 36.01731407900013, 8.907835591000094 ], [ 35.97770838800011, 8.914213316000087 ], [ 35.956942471000104, 8.880650592999984 ], [ 35.93596559700012, 8.87641019300014 ], [ 35.946873983000103, 8.865028444000131 ], [ 35.920496336000156, 8.829863390000071 ], [ 35.887395624000192, 8.839564355000107 ], [ 35.868113870000116, 8.820536890000028 ], [ 35.887545761000069, 8.817092631000094 ], [ 35.880953575000149, 8.797496648000106 ], [ 35.890245303000142, 8.787195842000074 ], [ 35.922574221000048, 8.779298368000184 ], [ 35.923601505000136, 8.753980123000076 ], [ 35.892214989000024, 8.728074004000064 ], [ 35.868000597999981, 8.725365860000181 ], [ 35.875292198000068, 8.708077895000145 ], [ 35.858922577000044, 8.700576802000057 ], [ 35.855557536000049, 8.678158460000077 ], [ 35.831269627000154, 8.671670884000093 ], [ 35.756561101000102, 8.68550827100006 ], [ 35.745409406000135, 8.703437405000045 ], [ 35.751913522000052, 8.726751736999972 ], [ 35.740314808000107, 8.734269810000058 ], [ 35.712195262000193, 8.716854578000095 ], [ 35.655948219000038, 8.717419525000025 ], [ 35.632624410000176, 8.680862513000079 ], [ 35.542566067000052, 8.704843014000119 ], [ 35.539532435000069, 8.717706586000077 ], [ 35.506538262000106, 8.733769752000057 ], [ 35.495559663000051, 8.758695270000032 ], [ 35.454928309000138, 8.756137421000062 ], [ 35.457651919000114, 8.773820484000055 ], [ 35.441990369000109, 8.780545725000081 ], [ 35.449350819000188, 8.804573654000137 ], [ 35.424383049000028, 8.846099124000148 ], [ 35.447639314000071, 8.873955720000026 ], [ 35.439466866000089, 8.888586244000123 ], [ 35.451653165000039, 8.90491227800004 ] ] ], [ [ [ 36.075537254000153, 9.062637626000139 ], [ 36.108553458000074, 9.080031575000021 ], [ 36.131075887000122, 9.024693422000155 ], [ 36.09395163500011, 9.026676048000013 ], [ 36.075537254000153, 9.062637626000139 ] ] ] ] } },
{ "type": "Feature", "properties": { "adm2_name": "East Wellega", "adm2_name1": null, "adm2_name2": null, "adm2_name3": null, "adm2_pcode": "ET0402", "adm1_name": "Oromia", "adm1_name1": null, "adm1_name2": null, "adm1_name3": null, "adm1_pcode": "ET04", "adm0_name": "Ethiopia", "adm0_name1": null, "adm0_name2": null, "adm0_name3": null, "adm0_pcode": "ET", "valid_on": "2025-01-01", "valid_to": null, "area_sqkm": 13668.046392349999, "version": "v04", "lang": "en", "lang1": null, "lang2": null, "lang3": null, "adm2_ref_n": null, "center_lat": null, "center_lon": null, "adm2_alt_n": null }, "geometry": { "type": "Polygon", "coordinates": [ [ [ 36.626187873000049, 8.545828161000031 ], [ 36.587923673000034, 8.577548157000138 ], [ 36.556594455000095, 8.575042119000102 ], [ 36.53649806500016, 8.559182983000085 ], [ 36.524516031000132, 8.591765856000109 ], [ 36.506699210000079, 8.590359882000143 ], [ 36.441936061000035, 8.625509357000112 ], [ 36.419877640000038, 8.654288984000061 ], [ 36.408380060000127, 8.733055261000175 ], [ 36.382898047000026, 8.761125957000161 ], [ 36.377096627000128, 8.79239367800011 ], [ 36.352757630999974, 8.805084525000041 ], [ 36.352418120000038, 8.839219136000054 ], [ 36.334315116000028, 8.84633403100014 ], [ 36.323287637000021, 8.882064863000153 ], [ 36.293108632000155, 8.893225480000126 ], [ 36.235670391000042, 8.96725994000019 ], [ 36.209772085000054, 8.958690506999972 ], [ 36.148687703000178, 9.003750608000132 ], [ 36.176790550000078, 9.044525228 ], [ 36.225949202000152, 9.030967937000128 ], [ 36.246477824000124, 9.040962060000084 ], [ 36.184585928000047, 9.07195168700008 ], [ 36.161473421000039, 9.105351872000085 ], [ 36.203947895000056, 9.157346813000061 ], [ 36.22892516800016, 9.229031010000085 ], [ 36.226336010000182, 9.27172814000005 ], [ 36.194894703999978, 9.288973481000085 ], [ 36.205892528000106, 9.35473969200018 ], [ 36.234268717000077, 9.347006928000042 ], [ 36.214586972000063, 9.332416972000033 ], [ 36.218373047000057, 9.297118325000042 ], [ 36.253179406000072, 9.30182331200001 ], [ 36.275117402000149, 9.343833046000157 ], [ 36.295482496000091, 9.30169163700009 ], [ 36.318996195000068, 9.305850016000136 ], [ 36.333767936000072, 9.339799325000058 ], [ 36.374716538000143, 9.358019170000091 ], [ 36.46141108900008, 9.357156935000091 ], [ 36.484109647000025, 9.367867244000081 ], [ 36.475190875000123, 9.394637238000143 ], [ 36.507265609000115, 9.419345341000167 ], [ 36.514911091000158, 9.444134004000091 ], [ 36.494429858000103, 9.509365743000046 ], [ 36.461168171000054, 9.528057690000026 ], [ 36.40062950700019, 9.510988321000184 ], [ 36.380307981000101, 9.480480466000074 ], [ 36.301025209000102, 9.555515471000035 ], [ 36.23177701600008, 9.570323043000087 ], [ 36.200777372000175, 9.614928768000084 ], [ 36.191865862000043, 9.68787751800005 ], [ 36.159057226000073, 9.746936508000033 ], [ 36.105286613000033, 9.773323643000083 ], [ 36.136471135000079, 9.807447298000056 ], [ 36.128207082000131, 9.852213635000055 ], [ 36.152343448000011, 9.8489314790001 ], [ 36.119798732000049, 9.961333164000052 ], [ 36.139898364000089, 10.009705090000068 ], [ 36.184567068000092, 10.049661314000048 ], [ 36.218924192000088, 10.053212510000094 ], [ 36.258919556000194, 10.078452010000092 ], [ 36.271892158000071, 10.113087661000179 ], [ 36.369421904000092, 10.161652776000096 ], [ 36.445350893000125, 10.245844166000154 ], [ 36.515488472000072, 10.2399315400001 ], [ 36.554480933000036, 10.285072005000188 ], [ 36.575847829000111, 10.279235559000085 ], [ 36.574685618000103, 10.264173395000114 ], [ 36.610570507000148, 10.259221846000173 ], [ 36.659690716000171, 10.27704084100003 ], [ 36.692191505000153, 10.296289130000048 ], [ 36.6809025230001, 10.334614838000164 ], [ 36.69165352300007, 10.357319884000106 ], [ 36.76175988600005, 10.367309494000096 ], [ 36.776600381000094, 10.345968642000059 ], [ 36.825592049000193, 10.33424341500006 ], [ 36.850969885000154, 10.259149725000157 ], [ 36.865402570000128, 10.250308178000182 ], [ 36.847479651000185, 10.183217965000154 ], [ 36.886624420000089, 10.162812626000118 ], [ 36.897341701000187, 10.133319203000099 ], [ 36.886096631000044, 10.101860421000083 ], [ 36.900480854000136, 10.058682649000161 ], [ 36.893554544000096, 10.017747320000012 ], [ 36.911994575000051, 10.016811542000085 ], [ 36.91707360900017, 10.003571472000033 ], [ 36.894088948999979, 9.977516601000161 ], [ 36.920003077000104, 9.954536663000169 ], [ 36.896454930000118, 9.915393381000115 ], [ 36.907646802000102, 9.904008842000053 ], [ 36.919084177000059, 9.919401017000041 ], [ 36.929001703000154, 9.917054588000155 ], [ 36.906866501000138, 9.896056956000052 ], [ 36.915238890000182, 9.858979004 ], [ 36.904627162, 9.849904763000154 ], [ 36.922254238000107, 9.820832099000029 ], [ 36.875808340000106, 9.779580816000077 ], [ 36.791361623000171, 9.759769749000043 ], [ 36.775449804000175, 9.741708571000061 ], [ 36.782539419000102, 9.708445625000024 ], [ 36.763725905000115, 9.688524524000115 ], [ 36.721881980000148, 9.688966506999975 ], [ 36.69140279200019, 9.673531803000117 ], [ 36.673172621, 9.634037391000106 ], [ 36.679752722000103, 9.602890259000105 ], [ 36.666431492000129, 9.586402237000129 ], [ 36.661716436000063, 9.505996195000137 ], [ 36.733701686000018, 9.416566575000104 ], [ 36.754207744000098, 9.42378409600019 ], [ 36.79518437400003, 9.411922129000061 ], [ 36.831182215000183, 9.433101831999977 ], [ 36.82967609200017, 9.461327807000146 ], [ 36.883816922000165, 9.488134848000129 ], [ 36.917971735000037, 9.441272638000157 ], [ 36.955204644000048, 9.470629180000117 ], [ 36.998285459000044, 9.448975426000118 ], [ 37.031471848000137, 9.458619411000029 ], [ 37.034923255000137, 9.427589860000126 ], [ 37.062637910000092, 9.426948109000023 ], [ 37.052156169000114, 9.379059827999981 ], [ 37.07306985800011, 9.347157881000157 ], [ 37.066438867000045, 9.32363721300004 ], [ 37.077293331000021, 9.329250815000023 ], [ 37.088224440000033, 9.302439164000191 ], [ 37.11327478600009, 9.30768742500004 ], [ 37.16084432800011, 9.250965736000069 ], [ 37.118132625000101, 9.218088364000096 ], [ 37.113460117000045, 9.193779259000053 ], [ 37.048587004000126, 9.205084084000077 ], [ 37.055655676000015, 9.177140800000132 ], [ 37.035261456000171, 9.14688280900009 ], [ 37.056824216000109, 9.086046622000026 ], [ 37.030135356000187, 9.081760233000011 ], [ 37.022303173000068, 9.036692957000071 ], [ 37.059058215000107, 8.998857509000061 ], [ 37.073795695000172, 9.000896039000111 ], [ 37.086654341999974, 8.985082191000174 ], [ 37.110909574000118, 8.988938284000085 ], [ 37.138526537000132, 8.961238537000156 ], [ 37.147447889000034, 8.96678442100017 ], [ 37.151609119000113, 8.928823657000066 ], [ 37.19402244500003, 8.923387682000168 ], [ 37.185155404000056, 8.901961457000027 ], [ 37.199442785000144, 8.882465456000148 ], [ 37.178668511000069, 8.866291511000099 ], [ 37.152853895000078, 8.870648735000032 ], [ 37.147291761000076, 8.859344594000049 ], [ 37.089155956000013, 8.869671311000161 ], [ 37.059941708999986, 8.803893061000053 ], [ 37.016423266000061, 8.809661488000131 ], [ 36.9907929150001, 8.793676842000025 ], [ 36.993519953000146, 8.773936816000116 ], [ 37.012591696000072, 8.777481634000139 ], [ 37.019154668000112, 8.759531078000123 ], [ 36.997585021000191, 8.733157662000053 ], [ 36.9859574460001, 8.64608993100012 ], [ 36.945744789000116, 8.61095979300012 ], [ 36.898744792, 8.627159114999984 ], [ 36.886842429000126, 8.662774256000091 ], [ 36.8593744530001, 8.68678630900007 ], [ 36.793841665, 8.654346348000161 ], [ 36.736323562000109, 8.545541571000115 ], [ 36.723884889000033, 8.55384391500013 ], [ 36.64881634000011, 8.523933575000171 ], [ 36.613015094000161, 8.530385727 ], [ 36.626187873000049, 8.545828161000031 ] ] ] } },
{ "type": "Feature", "properties": { "adm2_name": "Ilu Aba Bora", "adm2_name1": null, "adm2_name2": null, "adm2_name3": null, "adm2_pcode": "ET0403", "adm1_name": "Oromia", "adm1_name1": null, "adm1_name2": null, "adm1_name3": null, "adm1_pcode": "ET04", "adm0_name": "Ethiopia", "adm0_name1": null, "adm0_name2": null, "adm0_name3": null, "adm0_pcode": "ET", "valid_on": "2025-01-01", "valid_to": null, "area_sqkm": 10019.21149605, "version": "v04", "lang": "en", "lang1": null, "lang2": null, "lang3": null, "adm2_ref_n": null, "center_lat": null, "center_lon": null, "adm2_alt_n": null }, "geometry": { "type": "Polygon", "coordinates": [ [ [ 35.433531098000174, 7.882756181000161 ], [ 35.400578841000083, 7.829573682000103 ], [ 35.358051522000096, 7.84299441800016 ], [ 35.349859201000186, 7.834874142000103 ], [ 35.340877649000106, 7.776610678000054 ], [ 35.275566916000059, 7.74600805200015 ], [ 35.222732824000161, 7.703102542000181 ], [ 35.212324139000032, 7.651496985000051 ], [ 35.11603360700019, 7.645092153000178 ], [ 35.077095841000073, 7.731005248000145 ], [ 34.995473251000135, 7.747974243000044 ], [ 34.931977556000163, 7.728168627000173 ], [ 34.944275153000035, 7.879393290000166 ], [ 34.950686634000022, 7.890286446000175 ], [ 35.00061526900015, 7.862321638000026 ], [ 35.013101335000101, 7.882457938000073 ], [ 35.008480071, 7.923502092000035 ], [ 35.048340566000036, 7.954436467000107 ], [ 35.108557973000188, 7.957113076000155 ], [ 35.141024095000091, 7.989027562000047 ], [ 35.117936250000184, 8.082588241000167 ], [ 35.089087727000049, 8.113922156000058 ], [ 35.143271224000102, 8.142853244000037 ], [ 35.157659299000159, 8.136710000000107 ], [ 35.118913490000182, 8.200608826000177 ], [ 35.073245997000072, 8.220184827000139 ], [ 35.018258912000078, 8.219643652 ], [ 34.965044641000077, 8.24721609900007 ], [ 34.98204032100017, 8.327666160000092 ], [ 34.952743025000075, 8.353883962999987 ], [ 34.979012586000181, 8.444534458000078 ], [ 35.000072202000069, 8.486667780000062 ], [ 35.029655379000076, 8.49483476600011 ], [ 35.032563497000183, 8.513716176000059 ], [ 35.050129887000026, 8.520764768000049 ], [ 35.115248302000168, 8.498252692999984 ], [ 35.188103507000051, 8.519366773000115 ], [ 35.189449441000079, 8.540546592999988 ], [ 35.200596801000131, 8.540435602000116 ], [ 35.120813983000119, 8.606980406000105 ], [ 35.111913875000027, 8.634359114 ], [ 35.123965435000116, 8.662498346000177 ], [ 35.144880058000183, 8.668449668 ], [ 35.160015364000117, 8.707245689000047 ], [ 35.204806444000155, 8.731573816000093 ], [ 35.214835159000131, 8.756815250000102 ], [ 35.234169947999987, 8.721741218000091 ], [ 35.254806522000024, 8.755909450000104 ], [ 35.273082567000074, 8.753074059000085 ], [ 35.282911588000047, 8.732928898000125 ], [ 35.308290073000137, 8.747887261000074 ], [ 35.36211636000013, 8.73770398400012 ], [ 35.372633846000099, 8.758870699000113 ], [ 35.408235194000042, 8.774282554000138 ], [ 35.400110431000087, 8.800396109000076 ], [ 35.428492382000172, 8.824936306999973 ], [ 35.446500066000112, 8.812630814000158 ], [ 35.440040259000057, 8.785937210000043 ], [ 35.457651919000114, 8.773820484000055 ], [ 35.454928309000138, 8.756137421000062 ], [ 35.494885145000069, 8.75913292700011 ], [ 35.506538262000106, 8.733769752000057 ], [ 35.562381068000093, 8.69471469399997 ], [ 35.632624410000176, 8.680862513000079 ], [ 35.655948219000038, 8.717419525000025 ], [ 35.712195262000193, 8.716854578000095 ], [ 35.740314808000107, 8.734269810000058 ], [ 35.751913522000052, 8.726751736999972 ], [ 35.745409406000135, 8.703437405000045 ], [ 35.756561101000102, 8.68550827100006 ], [ 35.831269627000154, 8.671670884000093 ], [ 35.856660643000112, 8.68024514800004 ], [ 35.884023466000031, 8.666042732000165 ], [ 35.900946335000015, 8.67619184300014 ], [ 35.940763573000083, 8.645534012000041 ], [ 35.944483915000092, 8.629731499 ], [ 35.980624716000136, 8.632841620000079 ], [ 35.992372964000026, 8.569135472000141 ], [ 35.980186595000077, 8.549486308000098 ], [ 35.998356950000073, 8.471350731000086 ], [ 35.991592796000134, 8.442325816000107 ], [ 36.005954625000129, 8.444175181000105 ], [ 36.00066428700012, 8.402845966000086 ], [ 36.045021561000112, 8.337214456000027 ], [ 36.08757608600007, 8.312194385999987 ], [ 36.084211990000085, 8.27002536700013 ], [ 36.066931192000027, 8.23827531500018 ], [ 36.081415491000087, 8.1769799650001 ], [ 36.070191937000118, 8.1501301240001 ], [ 36.046471242000052, 8.135778054000127 ], [ 36.011556055000142, 8.146633897000129 ], [ 35.954613995000159, 8.09567858500003 ], [ 35.911584708000191, 8.0828278030001 ], [ 35.928885326000056, 8.016806244 ], [ 35.88400101700006, 8.01652284 ], [ 35.860868654000171, 8.077234741000098 ], [ 35.816348919000177, 8.082424990999982 ], [ 35.76576921200018, 8.081234959000142 ], [ 35.728003735000129, 8.039569454000173 ], [ 35.722852992000014, 8.022467005000067 ], [ 35.738512741000136, 7.988824024000053 ], [ 35.799921729000062, 7.940669771000046 ], [ 35.739539285000149, 7.866625353000074 ], [ 35.716439421000075, 7.855474859000083 ], [ 35.693729554000129, 7.86435527000009 ], [ 35.618279986000061, 7.814743066000119 ], [ 35.589620153000112, 7.808632804000126 ], [ 35.544400425000163, 7.83099382 ], [ 35.520725584000161, 7.8956067310001 ], [ 35.474310848000073, 7.873505752000085 ], [ 35.433531098000174, 7.882756181000161 ] ] ] } },
{ "type": "Feature", "properties": { "adm2_name": "Jimma", "adm2_name1": null, "adm2_name2": null, "adm2_name3": null, "adm2_pcode": "ET0404", "adm1_name": "Oromia", "adm1_name1": null, "adm1_name2": null, "adm1_name3": null, "adm1_pcode": "ET04", "adm0_name": "Ethiopia", "adm0_name1": null, "adm0_name2": null, "adm0_name3": null, "adm0_pcode": "ET", "valid_on": "2025-01-01", "valid_to": null, "area_sqkm": 18307.253693940002, "version": "v04", "lang": "en", "lang1": null, "lang2": null, "lang3": null, "adm2_ref_n": null, "center_lat": null, "center_lon": null, "adm2_alt_n": null }, "geometry": { "type": "Polygon", "coordinates": [ [ [ 36.791112613000166, 7.252283413000157 ], [ 36.651743607000128, 7.345011488000182 ], [ 36.632953738000026, 7.377862983000057 ], [ 36.598333941000021, 7.369032600000139 ], [ 36.483919654000033, 7.416009775000077 ], [ 36.374635311000077, 7.415574806000052 ], [ 36.348665484000094, 7.445416163000118 ], [ 36.301755766000099, 7.449876385000039 ], [ 36.224696245000132, 7.484387976000107 ], [ 36.156556678000129, 7.542620626000144 ], [ 36.127616857000078, 7.555641226000091 ], [ 36.062197248000075, 7.557481339 ], [ 36.03532741700019, 7.572582032000071 ], [ 36.051907352000057, 7.653905677000068 ], [ 35.997237715999972, 7.745119799000122 ], [ 35.848618632000012, 7.838964073 ], [ 35.90242834999998, 7.92620795900001 ], [ 35.88400101700006, 8.01652284 ], [ 35.928885326000056, 8.016806244 ], [ 35.911584708000191, 8.0828278030001 ], [ 35.954613995000159, 8.09567858500003 ], [ 36.011556055000142, 8.146633897000129 ], [ 36.046471242000052, 8.135778054000127 ], [ 36.070191937000118, 8.1501301240001 ], [ 36.081415491000087, 8.1769799650001 ], [ 36.066931192000027, 8.23827531500018 ], [ 36.082745133000117, 8.265151117000073 ], [ 36.095965416000183, 8.240480379000189 ], [ 36.159628691000194, 8.216660025000181 ], [ 36.234039185000086, 8.235884987000134 ], [ 36.24685794100003, 8.257721114 ], [ 36.282425942000145, 8.22710670400005 ], [ 36.267212997000058, 8.177766186000042 ], [ 36.286163970000189, 8.177498722999985 ], [ 36.288081581000142, 8.152976866000131 ], [ 36.30828131200019, 8.147798138000098 ], [ 36.327025800000172, 8.118259895000051 ], [ 36.356036426000117, 8.135377395000091 ], [ 36.3728668870001, 8.130090554000105 ], [ 36.369823322000059, 8.109583934000113 ], [ 36.396796443000142, 8.092676510000103 ], [ 36.391604175000055, 8.076214518000143 ], [ 36.422842265999975, 8.050193456999978 ], [ 36.479339498000115, 8.044704513000056 ], [ 36.531134377000114, 8.055423342000097 ], [ 36.535608407000097, 8.068626139000116 ], [ 36.567684936000148, 8.066194704000111 ], [ 36.602098321000085, 8.031826974000126 ], [ 36.582759839000175, 8.003913103 ], [ 36.588050622000139, 7.995099776000075 ], [ 36.640669943000148, 7.995769676000123 ], [ 36.664135982000062, 8.059302766000087 ], [ 36.692143613000098, 8.072075993999988 ], [ 36.723228707000089, 8.055503545000079 ], [ 36.742310893000138, 8.058720458000039 ], [ 36.75644735700007, 8.103317803000095 ], [ 36.788841402000116, 8.116398364000133 ], [ 36.790714649000108, 8.09377725600001 ], [ 36.826394690000086, 8.139873807000129 ], [ 36.789614031000156, 8.229843684 ], [ 36.794273969000074, 8.257725569000115 ], [ 36.760412626000175, 8.255265843000188 ], [ 36.743696940000177, 8.270223627 ], [ 36.751766187000158, 8.290034694000042 ], [ 36.730598165, 8.388242669000135 ], [ 36.739121927000099, 8.396828415000186 ], [ 36.721592661999978, 8.416324189000136 ], [ 36.722414750000155, 8.463382262000039 ], [ 36.699867890000178, 8.470168805000185 ], [ 36.660639924000179, 8.531342964000089 ], [ 36.723884889000033, 8.55384391500013 ], [ 36.736323562000109, 8.545541571000115 ], [ 36.793841665, 8.654346348000161 ], [ 36.85234071400015, 8.685015900000053 ], [ 36.886842429000126, 8.662774256000091 ], [ 36.898744792, 8.627159114999984 ], [ 36.951014514000121, 8.614192596000123 ], [ 36.9859574460001, 8.64608993100012 ], [ 36.997585021000191, 8.733157662000053 ], [ 37.019154668000112, 8.759531078000123 ], [ 37.012591696000072, 8.777481634000139 ], [ 36.993519953000146, 8.773936816000116 ], [ 36.9907929150001, 8.793676842000025 ], [ 37.016423266000061, 8.809661488000131 ], [ 37.059941708999986, 8.803893061000053 ], [ 37.089155956000013, 8.869671311000161 ], [ 37.147291761000076, 8.859344594000049 ], [ 37.152853895000078, 8.870648735000032 ], [ 37.208832481000059, 8.878054125000119 ], [ 37.214616649000106, 8.86573975400006 ], [ 37.198624224000184, 8.845499652000115 ], [ 37.213081737000095, 8.830134519000069 ], [ 37.200795904000131, 8.808767722000084 ], [ 37.210114554000029, 8.804406807000134 ], [ 37.204337474000056, 8.780433104999986 ], [ 37.179297329000065, 8.76430773800007 ], [ 37.179324569000187, 8.748022827000113 ], [ 37.147487874999968, 8.740058874000113 ], [ 37.137542025000073, 8.689878079000096 ], [ 37.172756803000141, 8.690742197000191 ], [ 37.17525769700012, 8.645763486000021 ], [ 37.21527563300009, 8.603946923000024 ], [ 37.239209233000111, 8.597853235000116 ], [ 37.248314409000102, 8.610351331 ], [ 37.302962136000076, 8.563050191000173 ], [ 37.32414821499998, 8.506083715000102 ], [ 37.363330228000166, 8.468070380000029 ], [ 37.391087982000045, 8.404903789000059 ], [ 37.386382200000071, 8.388402229 ], [ 37.411966727000106, 8.37299600700004 ], [ 37.431146904000173, 8.33513385100008 ], [ 37.441455030999975, 8.343579551000062 ], [ 37.454851948000112, 8.334380720000013 ], [ 37.472023320000119, 8.266089422000164 ], [ 37.506301852000036, 8.254395118000161 ], [ 37.529147732000126, 8.265820187000031 ], [ 37.576077834000159, 8.232589763000135 ], [ 37.616205598000192, 8.226748510999982 ], [ 37.623886783000046, 8.200043598000093 ], [ 37.592137343000161, 8.093134079000038 ], [ 37.602829784000107, 7.964857662000043 ], [ 37.557518523000169, 7.948338 ], [ 37.539278640000077, 7.953858262000153 ], [ 37.490798981000125, 8.017061117000083 ], [ 37.391790293000156, 7.992900512 ], [ 37.389814797000099, 7.961972350000053 ], [ 37.436714014000188, 7.918528487 ], [ 37.404844578000166, 7.827260347000106 ], [ 37.401194678000138, 7.682667443000014 ], [ 37.44510397, 7.564316881000025 ], [ 37.407219633000125, 7.492180415000121 ], [ 37.390284942, 7.402422383000101 ], [ 37.356589329000087, 7.360931799000184 ], [ 37.262269883000158, 7.325430255000128 ], [ 37.154180492000137, 7.240666506000082 ], [ 37.104830783000125, 7.224495804000071 ], [ 37.039511190000042, 7.240016542000092 ], [ 36.964645170000097, 7.224732706000111 ], [ 36.95546430700017, 7.260490995000168 ], [ 36.879154575000143, 7.329694398000072 ], [ 36.840936200000101, 7.325989875000062 ], [ 36.791112613000166, 7.252283413000157 ] ] ] } },
{ "type": "Feature", "properties": { "adm2_name": "West Shewa", "adm2_name1": null, "adm2_name2": null, "adm2_name3": null, "adm2_pcode": "ET0405", "adm1_name": "Oromia", "adm1_name1": null, "adm1_name2": null, "adm1_name3": null, "adm1_pcode": "ET04", "adm0_name": "Ethiopia", "adm0_name1": null, "adm0_name2": null, "adm0_name3": null, "adm0_pcode": "ET", "valid_on": "2025-01-01", "valid_to": null, "area_sqkm": 14705.737943010001, "version": "v04", "lang": "en", "lang1": null, "lang2": null, "lang3": null, "adm2_ref_n": null, "center_lat": null, "center_lon": null, "adm2_alt_n": null }, "geometry": { "type": "Polygon", "coordinates": [ [ [ 37.611185883000076, 8.652304803000106 ], [ 37.605013250000127, 8.588937978000104 ], [ 37.593888344000163, 8.566634498000155 ], [ 37.579961571000069, 8.565205596000055 ], [ 37.577554592000126, 8.525881334000132 ], [ 37.534929290000093, 8.490163440000117 ], [ 37.519576340000071, 8.448714853000183 ], [ 37.524823120000065, 8.420645181000111 ], [ 37.498569627000052, 8.403618948000087 ], [ 37.460967975000131, 8.318500559000142 ], [ 37.444903246000081, 8.342657574000043 ], [ 37.431146904000173, 8.33513385100008 ], [ 37.411966727000106, 8.37299600700004 ], [ 37.386382200000071, 8.388402229 ], [ 37.391087982000045, 8.404903789000059 ], [ 37.363330228000166, 8.468070380000029 ], [ 37.32414821499998, 8.506083715000102 ], [ 37.302962136000076, 8.563050191000173 ], [ 37.248314409000102, 8.610351331 ], [ 37.239209233000111, 8.597853235000116 ], [ 37.21527563300009, 8.603946923000024 ], [ 37.17525769700012, 8.645763486000021 ], [ 37.172756803000141, 8.690742197000191 ], [ 37.137882355000158, 8.689114367000172 ], [ 37.147487874999968, 8.740058874000113 ], [ 37.179324569000187, 8.748022827000113 ], [ 37.179297329000065, 8.76430773800007 ], [ 37.204337474000056, 8.780433104999986 ], [ 37.210114554000029, 8.804406807000134 ], [ 37.200795904000131, 8.808767722000084 ], [ 37.213081737000095, 8.830134519000069 ], [ 37.198624224000184, 8.845499652000115 ], [ 37.214656896000179, 8.867366423000078 ], [ 37.18589186700018, 8.898951332000138 ], [ 37.19402244500003, 8.923387682000168 ], [ 37.151609119000113, 8.928823657000066 ], [ 37.147447889000034, 8.96678442100017 ], [ 37.138526537000132, 8.961238537000156 ], [ 37.110909574000118, 8.988938284000085 ], [ 37.079999016000158, 8.987965477000159 ], [ 37.029190830000061, 9.025319778000096 ], [ 37.030135356000187, 9.081760233000011 ], [ 37.056824216000109, 9.086046622000026 ], [ 37.035597253000105, 9.153284284000108 ], [ 37.055655676000015, 9.177140800000132 ], [ 37.05518663700002, 9.199013198000102 ], [ 37.048587004000126, 9.205084084000077 ], [ 37.049744363000059, 9.206382161000079 ], [ 37.113460117000045, 9.193779259000053 ], [ 37.118132625000101, 9.218088364000096 ], [ 37.16084432800011, 9.250965736000069 ], [ 37.198159805000046, 9.238287383000113 ], [ 37.210689774000173, 9.218572261000077 ], [ 37.291407513000138, 9.171951860000149 ], [ 37.337049716000138, 9.158821778000174 ], [ 37.389508221000142, 9.163064466000037 ], [ 37.417862496000055, 9.244894366999972 ], [ 37.46676355600016, 9.31991289500013 ], [ 37.498203798000077, 9.329217985000128 ], [ 37.578347833000123, 9.31670660900005 ], [ 37.604360303000192, 9.34787057200009 ], [ 37.64550316500015, 9.360709001000146 ], [ 37.664447165000126, 9.415740160000041 ], [ 37.635325030000104, 9.454102231000036 ], [ 37.637738991000106, 9.509813553000129 ], [ 37.620696537000072, 9.542658931000119 ], [ 37.616668305000189, 9.597992767999983 ], [ 37.629131450000102, 9.62219677600018 ], [ 37.616302207999979, 9.671231728000123 ], [ 37.642132615000151, 9.751218873000028 ], [ 37.636731200000099, 9.833389895999971 ], [ 37.67449458700014, 9.861915525000029 ], [ 37.700652080000168, 9.836714383000185 ], [ 37.742891812000153, 9.840662288000033 ], [ 37.748529877000067, 9.855939259000138 ], [ 37.816021511000031, 9.867150363000121 ], [ 37.842680721000136, 9.896703164000087 ], [ 37.855936372000087, 9.895941178000101 ], [ 37.860390935000169, 9.912788657000078 ], [ 37.869932308000102, 9.907533973000113 ], [ 37.909325902000091, 9.930448536000085 ], [ 37.954364013000031, 9.899188995000145 ], [ 37.971195701000056, 9.869917863000126 ], [ 37.99972775800012, 9.870258048000096 ], [ 38.033318765000047, 9.848473202000093 ], [ 38.05049840800018, 9.822945558000185 ], [ 38.055933721000031, 9.769295640000109 ], [ 38.125674727000103, 9.639869627000053 ], [ 38.150911520000193, 9.64538053900003 ], [ 38.177761500000088, 9.687997371000108 ], [ 38.246070344000145, 9.693264839 ], [ 38.321240096000167, 9.675057973000094 ], [ 38.396531356000082, 9.609049010000149 ], [ 38.444570410999972, 9.605642856000088 ], [ 38.45856296400018, 9.588520309000046 ], [ 38.527183096000044, 9.566495715000087 ], [ 38.549354243000153, 9.503318336000177 ], [ 38.568040572000029, 9.492350671000167 ], [ 38.520831218000126, 9.465920223000182 ], [ 38.55554537, 9.441090200000133 ], [ 38.531021662000057, 9.416306489000078 ], [ 38.547297256000036, 9.391442111000174 ], [ 38.545174239000175, 9.368394149000096 ], [ 38.498616601000151, 9.342873600000132 ], [ 38.510510432000103, 9.327041970000153 ], [ 38.483881391000068, 9.253384118000156 ], [ 38.509913508000068, 9.24140847700005 ], [ 38.50886186800011, 9.200910003000104 ], [ 38.535890976000076, 9.214666773000033 ], [ 38.548732487000052, 9.208797204000177 ], [ 38.534582623000063, 9.202150366000126 ], [ 38.55369541400006, 9.17231137400006 ], [ 38.612528556000029, 9.177956779000056 ], [ 38.617421331000116, 9.193274388000077 ], [ 38.649219701000163, 9.186750122000092 ], [ 38.673666265000122, 9.164450898000155 ], [ 38.660625587000084, 9.149548272000061 ], [ 38.619925111000157, 9.16143388100005 ], [ 38.544160010000155, 9.115732703000049 ], [ 38.547380071000077, 9.073133350999967 ], [ 38.526997490000156, 9.035842806000176 ], [ 38.552213472, 9.013428923000049 ], [ 38.523357112000042, 8.984330283000133 ], [ 38.521535096000093, 8.95581081 ], [ 38.545569416999967, 8.938571864000096 ], [ 38.518171334000158, 8.861318145000041 ], [ 38.444016523000187, 8.879520335999985 ], [ 38.408838928000193, 8.852069497000059 ], [ 38.37823795200012, 8.889954343000113 ], [ 38.34682309100009, 8.892758472000025 ], [ 38.334575001000076, 8.913686103000089 ], [ 38.294782554000051, 8.89407729300018 ], [ 38.275273372000186, 8.857986753000091 ], [ 38.252584723000098, 8.852183592000188 ], [ 38.239164596000194, 8.879380041000047 ], [ 38.198130791000096, 8.893845709 ], [ 38.165291966000041, 8.902103735000082 ], [ 38.156801609000183, 8.885107308000045 ], [ 38.124615165000193, 8.892437967999967 ], [ 38.138399006000157, 8.920983793000119 ], [ 38.121601587000043, 8.93151575800016 ], [ 38.080574695999985, 8.892646915000114 ], [ 38.116249727000081, 8.888966509000056 ], [ 38.142268199000114, 8.848615200000154 ], [ 38.144123714000045, 8.817002001000048 ], [ 38.107366906000095, 8.837731125000118 ], [ 38.051315612999986, 8.83372694000019 ], [ 38.0215948230001, 8.812031561000026 ], [ 38.01377317500004, 8.794801181000082 ], [ 38.035587672000133, 8.784524616000056 ], [ 38.012606272000028, 8.750401087000057 ], [ 38.002565955000193, 8.766801553000107 ], [ 37.925549218000015, 8.782511693 ], [ 37.913953316000175, 8.804998741000077 ], [ 37.886013883000089, 8.814375637000182 ], [ 37.890602288000082, 8.822569122000175 ], [ 37.869705435000071, 8.81175050500002 ], [ 37.84740472500016, 8.820632388000149 ], [ 37.840336232000027, 8.801850983 ], [ 37.795215609000024, 8.814341164000098 ], [ 37.809507718000077, 8.789861563000102 ], [ 37.793890511000143, 8.784136085000114 ], [ 37.784550607000085, 8.794697174000078 ], [ 37.782703159000164, 8.76744284200015 ], [ 37.759702657999981, 8.747019878000174 ], [ 37.680386854000119, 8.718736823000143 ], [ 37.669734463000111, 8.68744991900013 ], [ 37.640850802000045, 8.705899925999972 ], [ 37.624797202000138, 8.65812431300003 ], [ 37.603527977000056, 8.681633020000106 ], [ 37.611185883000076, 8.652304803000106 ] ] ] } },
{ "type": "Feature", "properties": { "adm2_name": "North Shewa (OR)", "adm2_name1": null, "adm2_name2": null, "adm2_name3": null, "adm2_pcode": "ET0406", "adm1_name": "Oromia", "adm1_name1": null, "adm1_name2": null, "adm1_name3": null, "adm1_pcode": "ET04", "adm0_name": "Ethiopia", "adm0_name1": null, "adm0_name2": null, "adm0_name3": null, "adm0_pcode": "ET", "valid_on": "2025-01-01", "valid_to": null, "area_sqkm": 10760.77937982, "version": "v04", "lang": "en", "lang1": null, "lang2": null, "lang3": null, "adm2_ref_n": null, "center_lat": null, "center_lon": null, "adm2_alt_n": null }, "geometry": { "type": "Polygon", "coordinates": [ [ [ 38.50886186800011, 9.200910003000104 ], [ 38.509913508000068, 9.24140847700005 ], [ 38.482400974000086, 9.260919455000021 ], [ 38.510510432000103, 9.327041970000153 ], [ 38.498041484999987, 9.34067137400001 ], [ 38.545174239000175, 9.368394149000096 ], [ 38.547297256000036, 9.391442111000174 ], [ 38.531021662000057, 9.416306489000078 ], [ 38.555631367000103, 9.440553885000099 ], [ 38.520831218000126, 9.465920223000182 ], [ 38.568040572000029, 9.492350671000167 ], [ 38.549354243000153, 9.503318336000177 ], [ 38.528418057000181, 9.565100138 ], [ 38.45856296400018, 9.588520309000046 ], [ 38.444570410999972, 9.605642856000088 ], [ 38.396531356000082, 9.609049010000149 ], [ 38.321240096000167, 9.675057973000094 ], [ 38.246070344000145, 9.693264839 ], [ 38.177761500000088, 9.687997371000108 ], [ 38.150911520000193, 9.64538053900003 ], [ 38.125674727000103, 9.639869627000053 ], [ 38.055933721000031, 9.769295640000109 ], [ 38.04807753800003, 9.828049962000136 ], [ 38.00147910000004, 9.869605300000103 ], [ 37.971195701000056, 9.869917863000126 ], [ 37.93364543000007, 9.916549873000065 ], [ 37.932837886000186, 9.941279304999966 ], [ 37.957067176000123, 9.938637757000095 ], [ 38.043585946, 9.969779788000096 ], [ 38.087563260000024, 10.020250808000071 ], [ 38.118277216000081, 10.01775053700004 ], [ 38.130939688000069, 10.047449623000091 ], [ 38.150565228000119, 10.035121651000054 ], [ 38.240426651000064, 10.102633868000055 ], [ 38.252375598000128, 10.088427973000137 ], [ 38.295274989000177, 10.089247869000133 ], [ 38.308600941, 10.107952823000062 ], [ 38.321809506000193, 10.107186793999972 ], [ 38.340049563000093, 10.156221874000153 ], [ 38.366302158, 10.140485495000121 ], [ 38.397499996000136, 10.144277914999975 ], [ 38.425724645000173, 10.171756064000078 ], [ 38.419384806000039, 10.219846971000038 ], [ 38.454191224000112, 10.246689368000091 ], [ 38.460067299000059, 10.28997032 ], [ 38.472529056000042, 10.291804716000115 ], [ 38.476676643000133, 10.363259946000085 ], [ 38.630276588000186, 10.382174811000027 ], [ 38.664156367000032, 10.372755606000055 ], [ 38.7126352840001, 10.386869343000171 ], [ 38.746122051000157, 10.383746507000069 ], [ 38.772146040000166, 10.366160703 ], [ 38.845728709000014, 10.361023596000166 ], [ 38.860843744000192, 10.277980931 ], [ 38.835273491000066, 10.22573390600013 ], [ 38.833744314000114, 10.161852710000119 ], [ 38.852601234000133, 10.118053021000151 ], [ 38.721357446000013, 10.051443834000111 ], [ 38.662665134000179, 10.057361952 ], [ 38.665265092000027, 10.025918245000128 ], [ 38.796867758000189, 9.96772484700017 ], [ 38.802462994, 9.909464233000165 ], [ 38.790852865000147, 9.882626782000159 ], [ 38.821505269000056, 9.784497606000116 ], [ 38.904419831000155, 9.710338782000065 ], [ 38.934733068000128, 9.727943276000076 ], [ 38.960252750999985, 9.710757137000144 ], [ 38.952088058000072, 9.738662725000154 ], [ 38.974420311000188, 9.761105070000099 ], [ 38.990104350000024, 9.745970874000079 ], [ 39.092213444000038, 9.763080850000165 ], [ 39.104532009000081, 9.748596004000035 ], [ 39.097686024000041, 9.73544210600005 ], [ 39.139302682000107, 9.740658277000023 ], [ 39.145374471000025, 9.693345943000168 ], [ 39.184024695000176, 9.685757296000133 ], [ 39.184172578000073, 9.720062338999981 ], [ 39.228063057000099, 9.693712076000168 ], [ 39.249905994000017, 9.704906936000043 ], [ 39.268117776000167, 9.739742061000072 ], [ 39.287584113000094, 9.733964613000069 ], [ 39.297855516000084, 9.748032986000169 ], [ 39.320450965000134, 9.724124522000125 ], [ 39.34671639000004, 9.725141529000155 ], [ 39.339346295000155, 9.703918864000173 ], [ 39.37011478900007, 9.699377299000048 ], [ 39.352048529000058, 9.622053936999976 ], [ 39.3858586610001, 9.630821438000055 ], [ 39.388819113000125, 9.615740414000129 ], [ 39.360604479000131, 9.54606323600018 ], [ 39.341400900000053, 9.545392053000171 ], [ 39.329693778000035, 9.526557331000163 ], [ 39.312939889000177, 9.535559958000135 ], [ 39.294095184000184, 9.491740781000146 ], [ 39.309691863000012, 9.46768075600005 ], [ 39.363082137000106, 9.473860614000159 ], [ 39.376923534000071, 9.463288481000177 ], [ 39.37274111000005, 9.44683061000012 ], [ 39.393927236000081, 9.455048550000072 ], [ 39.447705766000126, 9.432491261 ], [ 39.452242330000161, 9.393915417000187 ], [ 39.420409205000169, 9.371451719000106 ], [ 39.394851937000112, 9.391904538000176 ], [ 39.356705941000143, 9.369031534000158 ], [ 39.325117202000115, 9.380519217000028 ], [ 39.319585813000117, 9.365580384000054 ], [ 39.306545273000097, 9.366090126000131 ], [ 39.285437568000077, 9.315796503000058 ], [ 39.264416277000066, 9.324190917000067 ], [ 39.266205776000049, 9.288451741000074 ], [ 39.284730547000095, 9.27753734300012 ], [ 39.266168844000049, 9.244486984000105 ], [ 39.233662219000109, 9.293612357000029 ], [ 39.207188084000109, 9.291940727999986 ], [ 39.177743712000165, 9.271073861 ], [ 39.213682513000037, 9.228121843999986 ], [ 39.188588721000144, 9.209260135000022 ], [ 39.241677522000089, 9.144991686000026 ], [ 39.162026524, 9.083043634000092 ], [ 39.126485145000174, 9.09970191900004 ], [ 39.100222896000162, 9.082779234000043 ], [ 39.095952996000165, 9.014026545000149 ], [ 39.064254752000068, 9.020797388000176 ], [ 39.036305866000191, 9.00175507300014 ], [ 39.028441263000047, 9.018708876000062 ], [ 39.012385738000091, 9.001691648000133 ], [ 39.024915331000159, 8.979374210000117 ], [ 39.000822883000183, 8.943395643000144 ], [ 39.009144536000122, 8.930547432000139 ], [ 38.982184877000122, 8.910512864000168 ], [ 38.978702612000063, 8.889267273000087 ], [ 38.965611863000049, 8.895710562000033 ], [ 38.979621299000087, 8.935317822000115 ], [ 38.969573815000103, 8.938856690000023 ], [ 38.990162659000134, 8.967106052000076 ], [ 38.967501873000117, 9.005788516 ], [ 38.997491259000014, 9.01759495400006 ], [ 39.003712891000191, 9.038013341000067 ], [ 38.990203978000068, 9.067864211000085 ], [ 39.003756525000085, 9.093306851000079 ], [ 38.944690602000151, 9.166945661000057 ], [ 38.946244588000127, 9.199445121000053 ], [ 38.857565124000189, 9.185792701000025 ], [ 38.751751500000069, 9.231954484000028 ], [ 38.739401454000131, 9.207819816000097 ], [ 38.719503343000042, 9.215883987000041 ], [ 38.705984258000115, 9.187308393000023 ], [ 38.670032567000021, 9.171504929000037 ], [ 38.617421331000116, 9.193274388000077 ], [ 38.612528556000029, 9.177956779000056 ], [ 38.573986829000091, 9.179046180000057 ], [ 38.564840127000025, 9.168423894999989 ], [ 38.538691468000138, 9.191052706000107 ], [ 38.534582623000063, 9.202150366000126 ], [ 38.548744666000061, 9.202168364000045 ], [ 38.54244494, 9.212665145000187 ], [ 38.50886186800011, 9.200910003000104 ] ] ] } },
{ "type": "Feature", "properties": { "adm2_name": "East Shewa", "adm2_name1": null, "adm2_name2": null, "adm2_name3": null, "adm2_pcode": "ET0407", "adm1_name": "Oromia", "adm1_name1": null, "adm1_name2": null, "adm1_name3": null, "adm1_pcode": "ET04", "adm0_name": "Ethiopia", "adm0_name1": null, "adm0_name2": null, "adm0_name3": null, "adm0_pcode": "ET", "valid_on": "2025-01-01", "valid_to": null, "area_sqkm": 10095.87617, "version": "v04", "lang": "en", "lang1": null, "lang2": null, "lang3": null, "adm2_ref_n": null, "center_lat": null, "center_lon": null, "adm2_alt_n": null }, "geometry": { "type": "Polygon", "coordinates": [ [ [ 38.914661638000155, 8.026982279000094 ], [ 38.777283581000063, 7.887557855000068 ], [ 38.803860818000032, 7.860712887999966 ], [ 38.839135742000167, 7.85625448900015 ], [ 38.857042352000065, 7.81455261200017 ], [ 38.852163656000187, 7.79257754200006 ], [ 38.870151390999979, 7.78517465900012 ], [ 38.863604532000181, 7.764961853000159 ], [ 38.8747074260001, 7.763494771000069 ], [ 38.892449760000147, 7.724149486999977 ], [ 38.876611163000177, 7.693196871000112 ], [ 38.848378696000168, 7.707185998 ], [ 38.810406594000028, 7.699381449000043 ], [ 38.798945475000039, 7.647758089000149 ], [ 38.78804592400013, 7.667555994000168 ], [ 38.75730567800008, 7.671100697000099 ], [ 38.779368232000138, 7.688673890000075 ], [ 38.751232425000183, 7.693231359000094 ], [ 38.747943539, 7.674387254000123 ], [ 38.736451989000102, 7.695803265000109 ], [ 38.710183988000153, 7.679583101999981 ], [ 38.612507559000164, 7.667242307000038 ], [ 38.545776811999986, 7.685335377000172 ], [ 38.499159063000093, 7.634498973000177 ], [ 38.458697457000028, 7.610449689000177 ], [ 38.458430167000131, 7.590980379000086 ], [ 38.430831929000135, 7.582924766000133 ], [ 38.422818133000192, 7.566743349000035 ], [ 38.401043085000083, 7.578700777000165 ], [ 38.420263009000166, 7.624342803000047 ], [ 38.412433326000098, 7.681553431000054 ], [ 38.438652980000029, 7.718867017999969 ], [ 38.444847429000163, 7.759533909000083 ], [ 38.492442884000127, 7.795393342000182 ], [ 38.512908086000039, 7.848910445000172 ], [ 38.563087169000084, 7.885196245000088 ], [ 38.597367683000186, 7.990588941000169 ], [ 38.627701764000108, 8.03359527900011 ], [ 38.612682218000145, 8.043301324000026 ], [ 38.62185218999997, 8.068412431000183 ], [ 38.583944895000116, 8.108104487000048 ], [ 38.581462537999982, 8.171877069000118 ], [ 38.542552826000076, 8.225849506000145 ], [ 38.549258653000038, 8.26268337099998 ], [ 38.593544457000178, 8.260199101000126 ], [ 38.635133765000148, 8.132337731000121 ], [ 38.672843128000181, 8.089863961000162 ], [ 38.684511863000068, 8.12245477200014 ], [ 38.682187349000117, 8.190427868000143 ], [ 38.715921776000073, 8.23115956800018 ], [ 38.650952231000133, 8.285082027000158 ], [ 38.667231758000014, 8.350485245000186 ], [ 38.696001811000087, 8.383734431000164 ], [ 38.746551646000057, 8.385580802999982 ], [ 38.767905626000129, 8.40165739300005 ], [ 38.748447939000187, 8.476962971000091 ], [ 38.763099958000055, 8.545540627000037 ], [ 38.731402900000035, 8.566645714 ], [ 38.700495625000087, 8.568638851000173 ], [ 38.703185383000061, 8.603698307000059 ], [ 38.689728206000154, 8.604902596000102 ], [ 38.698453756000163, 8.634764267000037 ], [ 38.722210354000083, 8.637133526000071 ], [ 38.751731403000065, 8.621092273000045 ], [ 38.745518933000142, 8.707637699000145 ], [ 38.721719078000092, 8.723523610000143 ], [ 38.709986853000089, 8.768049378000057 ], [ 38.719268753000165, 8.779567352000015 ], [ 38.753975168000181, 8.791781790000073 ], [ 38.786723266000138, 8.777066024000021 ], [ 38.79726710500006, 8.79333009100003 ], [ 38.823410326000044, 8.78809915000005 ], [ 38.862401826000166, 8.80831645100011 ], [ 38.886861159000034, 8.845701622000149 ], [ 38.939489440000045, 8.838088619000018 ], [ 38.963134189000186, 8.893191148000142 ], [ 38.978702612000063, 8.889267273000087 ], [ 38.982184877000122, 8.910512864000168 ], [ 39.009144536000122, 8.930547432000139 ], [ 39.000822883000183, 8.943395643000144 ], [ 39.024915331000159, 8.979374210000117 ], [ 39.012385738000091, 9.001691648000133 ], [ 39.028441263000047, 9.018708876000062 ], [ 39.036305866000191, 9.00175507300014 ], [ 39.064254752000068, 9.020797388000176 ], [ 39.076321380000138, 9.010114919000159 ], [ 39.103942772000096, 9.0218837970001 ], [ 39.100222896000162, 9.082779234000043 ], [ 39.126485145000174, 9.09970191900004 ], [ 39.162026524, 9.083043634000092 ], [ 39.241943581000157, 9.145502168000178 ], [ 39.249522225000192, 9.135586015000115 ], [ 39.323169034000045, 9.14878646000011 ], [ 39.357012271000087, 9.062080326 ], [ 39.296751314, 9.053268940000123 ], [ 39.288188371000047, 8.9989783850001 ], [ 39.258599611000193, 8.962636107000151 ], [ 39.26538142600009, 8.922385056000167 ], [ 39.241015087000051, 8.888922484000091 ], [ 39.23749115600009, 8.862024795000082 ], [ 39.265526457000078, 8.843076076000159 ], [ 39.243854955000018, 8.8276813 ], [ 39.271993109000107, 8.783044547000088 ], [ 39.261952115000099, 8.74693588100007 ], [ 39.270448014000067, 8.724513068000135 ], [ 39.298982556000055, 8.718513632000054 ], [ 39.324542076000114, 8.746886870000026 ], [ 39.361069288000124, 8.72094988900011 ], [ 39.377101170000174, 8.730897078000055 ], [ 39.378164, 8.791171490000067 ], [ 39.417751568000085, 8.814541965000103 ], [ 39.449226619000115, 8.752237944000115 ], [ 39.50075019000019, 8.714812531000121 ], [ 39.551786236000169, 8.768750596000189 ], [ 39.561986771000136, 8.817839618000164 ], [ 39.617022723000161, 8.786868968000022 ], [ 39.66213722700013, 8.813192484000069 ], [ 39.733277203000114, 8.826240115000076 ], [ 39.748012874000153, 8.910277915000165 ], [ 39.742452111000034, 9.091257804000122 ], [ 39.793804393000073, 9.112743744000056 ], [ 39.807734578000066, 9.135445119000167 ], [ 39.877658687000121, 9.144729525000059 ], [ 39.909018797000158, 9.131799454000031 ], [ 39.91874867000007, 9.068409475000124 ], [ 39.951868717000139, 9.029989418000071 ], [ 39.947628630000054, 9.00359944700017 ], [ 40.021928961000128, 9.002279258000101 ], [ 40.047459013999969, 8.977889205000054 ], [ 40.036618778000104, 8.906529287000183 ], [ 40.010408527000152, 8.856089392000058 ], [ 40.051188669000112, 8.840629298000181 ], [ 40.097906471000044, 8.863766593000094 ], [ 40.073815549000187, 8.81962146800015 ], [ 40.09004152600005, 8.77848211200012 ], [ 40.053981768000028, 8.708959353000068 ], [ 39.980952104000153, 8.661743818000105 ], [ 39.951593569000124, 8.677286807000144 ], [ 39.943149083000037, 8.704728127000124 ], [ 39.90486120200012, 8.716222080000136 ], [ 39.855078962000164, 8.667438153999967 ], [ 39.83640422600007, 8.673429066000097 ], [ 39.784952290000149, 8.647481196000058 ], [ 39.75568130400012, 8.650899842000115 ], [ 39.718091340000115, 8.63386305500012 ], [ 39.710448031, 8.60871403100009 ], [ 39.685396464000178, 8.580572756000038 ], [ 39.65158819300018, 8.567636490000098 ], [ 39.630393671000149, 8.531442250000168 ], [ 39.573525891000088, 8.523900088000119 ], [ 39.471925515000066, 8.41990206000014 ], [ 39.428231911000125, 8.407086414999981 ], [ 39.399080206000122, 8.423204699000109 ], [ 39.386038964000193, 8.376166616000091 ], [ 39.356192209000085, 8.37547731899997 ], [ 39.341954403000102, 8.399259215000029 ], [ 39.312506192000114, 8.397302374000049 ], [ 39.299753482000085, 8.381018120000022 ], [ 39.292487822000055, 8.389022271000158 ], [ 39.263813095000103, 8.364219313000035 ], [ 39.241481809000163, 8.239624657000093 ], [ 39.182755255000131, 8.234889726000119 ], [ 39.191247601000043, 8.270023474000084 ], [ 39.165011573000186, 8.323207713000045 ], [ 39.119473344000085, 8.326743485000065 ], [ 39.078787798000121, 8.370542360000115 ], [ 39.059179515000153, 8.372107992000167 ], [ 39.056081149000136, 8.319543884000041 ], [ 39.003931249000175, 8.293990524000151 ], [ 38.985196969000128, 8.260715639000068 ], [ 38.986303061000172, 8.191066761000172 ], [ 38.946476078999979, 8.162410490000127 ], [ 38.914661638000155, 8.026982279000094 ] ] ] } },
{ "type": "Feature", "properties": { "adm2_name": "Arsi", "adm2_name1": null, "adm2_name2": null, "adm2_name3": null, "adm2_pcode": "ET0408", "adm1_name": "Oromia", "adm1_name1": null, "adm1_name2": null, "adm1_name3": null, "adm1_pcode": "ET04", "adm0_name": "Ethiopia", "adm0_name1": null, "adm0_name2": null, "adm0_name3": null, "adm0_pcode": "ET", "valid_on": "2025-01-01", "valid_to": null, "area_sqkm": 20628.601196420001, "version": "v04", "lang": "en", "lang1": null, "lang2": null, "lang3": null, "adm2_ref_n": null, "center_lat": null, "center_lon": null, "adm2_alt_n": null }, "geometry": { "type": "Polygon", "coordinates": [ [ [ 39.498465968, 7.352225331000113 ], [ 39.501127741000062, 7.291145188000144 ], [ 39.445162058000165, 7.213810943000169 ], [ 39.447796445000108, 7.181182982000109 ], [ 39.420317774000125, 7.175623742000084 ], [ 39.337494327000059, 7.251670762000174 ], [ 39.331716394000068, 7.273840207000148 ], [ 39.305220450000149, 7.26864487000006 ], [ 39.272049770000081, 7.305235130000085 ], [ 39.236198486999967, 7.288661069 ], [ 39.220963321999989, 7.294311292999964 ], [ 39.209199329000171, 7.278151157000138 ], [ 39.209437576000084, 7.32893379 ], [ 39.169384340000022, 7.362282048000054 ], [ 39.123611001000029, 7.347369288000039 ], [ 39.127185175000193, 7.361876005000113 ], [ 39.069083420000084, 7.343628102000082 ], [ 39.054994013000055, 7.353025432000152 ], [ 39.026610453000103, 7.330294980000019 ], [ 38.971281539000188, 7.321086674000185 ], [ 38.944159457000183, 7.336569163000036 ], [ 38.906291998000029, 7.326582519000056 ], [ 38.879433455000083, 7.350782627000115 ], [ 38.849780126000155, 7.352260448999971 ], [ 38.859998834000123, 7.388655751000044 ], [ 38.855636794000134, 7.409420293000039 ], [ 38.841688907000105, 7.413294744000041 ], [ 38.861460412000042, 7.45505536800016 ], [ 38.849409147000074, 7.472865428000091 ], [ 38.863384242000052, 7.472949959000061 ], [ 38.872973672000171, 7.493979512000067 ], [ 38.886303042000122, 7.574985716000185 ], [ 38.871864376000076, 7.578733874000136 ], [ 38.891751727000042, 7.601720893000049 ], [ 38.884387324000045, 7.634935423000059 ], [ 38.896253554000111, 7.667485307000106 ], [ 38.87708418800014, 7.672866144000068 ], [ 38.875774869000054, 7.692640415000085 ], [ 38.892449760000147, 7.724149486999977 ], [ 38.8747074260001, 7.763494771000069 ], [ 38.863604532000181, 7.764961853000159 ], [ 38.870151390999979, 7.78517465900012 ], [ 38.852163656000187, 7.79257754200006 ], [ 38.857042352000065, 7.81455261200017 ], [ 38.839135742000167, 7.85625448900015 ], [ 38.803860818000032, 7.860712887999966 ], [ 38.777283581000063, 7.887557855000068 ], [ 38.914661638000155, 8.026982279000094 ], [ 38.946476078999979, 8.162410490000127 ], [ 38.983635158000141, 8.18355053900018 ], [ 38.989196039000092, 8.199663903000044 ], [ 38.982124787000146, 8.244691236000165 ], [ 39.002609854000184, 8.292885643000147 ], [ 39.056081149000136, 8.319543884000041 ], [ 39.059179515000153, 8.372107992000167 ], [ 39.078787798000121, 8.370542360000115 ], [ 39.112243088000127, 8.330291638000062 ], [ 39.165011573000186, 8.323207713000045 ], [ 39.191247601000043, 8.270023474000084 ], [ 39.182755255000131, 8.234889726000119 ], [ 39.241481809000163, 8.239624657000093 ], [ 39.263813095000103, 8.364219313000035 ], [ 39.292487822000055, 8.389022271000158 ], [ 39.299753482000085, 8.381018120000022 ], [ 39.312506192000114, 8.397302374000049 ], [ 39.341954403000102, 8.399259215000029 ], [ 39.356192209000085, 8.37547731899997 ], [ 39.386038964000193, 8.376166616000091 ], [ 39.399080206000122, 8.423204699000109 ], [ 39.428231911000125, 8.407086414999981 ], [ 39.471925515000066, 8.41990206000014 ], [ 39.573525891000088, 8.523900088000119 ], [ 39.630393671000149, 8.531442250000168 ], [ 39.65158819300018, 8.567636490000098 ], [ 39.685396464000178, 8.580572756000038 ], [ 39.710448031, 8.60871403100009 ], [ 39.718091340000115, 8.63386305500012 ], [ 39.75568130400012, 8.650899842000115 ], [ 39.784952290000149, 8.647481196000058 ], [ 39.83640422600007, 8.673429066000097 ], [ 39.855078962000164, 8.667438153999967 ], [ 39.90486120200012, 8.716222080000136 ], [ 39.943149083000037, 8.704728127000124 ], [ 39.951593569000124, 8.677286807000144 ], [ 39.976264068000035, 8.662186499000029 ], [ 40.022912088000055, 8.683983806000128 ], [ 40.042840920000174, 8.633388935000141 ], [ 40.079023134000181, 8.639574824000078 ], [ 40.117941807000079, 8.61843535600002 ], [ 40.142875210000113, 8.627474824000103 ], [ 40.176310289000128, 8.614824323000107 ], [ 40.164708735000147, 8.578629557000113 ], [ 40.182756488000109, 8.539058296000064 ], [ 40.227482144000078, 8.569621005000101 ], [ 40.258013061000156, 8.571573190000038 ], [ 40.258241539000039, 8.606609333000051 ], [ 40.278799282000193, 8.618227161000107 ], [ 40.301195075000066, 8.585315521000155 ], [ 40.299453156000084, 8.436046951000094 ], [ 40.312630585000136, 8.373184260000073 ], [ 40.374661116000084, 8.243473169000026 ], [ 40.389574794000168, 8.180790907000073 ], [ 40.382688351000127, 8.152237611000146 ], [ 40.357419110000023, 8.127986941000188 ], [ 40.393831694000141, 8.05464521 ], [ 40.385290004000012, 8.037316418999978 ], [ 40.468518522000181, 7.949216386000103 ], [ 40.541975752000042, 7.913033650000045 ], [ 40.544930249000174, 7.899245405000045 ], [ 40.595742805000157, 7.863616832000105 ], [ 40.652166330000114, 7.900970914000084 ], [ 40.663860840000154, 7.889218659000164 ], [ 40.728889300000048, 7.906272609000098 ], [ 40.709379733000048, 7.825477711000076 ], [ 40.625383126000088, 7.79142168900006 ], [ 40.562191813000027, 7.700359002000027 ], [ 40.550399285000083, 7.649541909000106 ], [ 40.509756767000113, 7.658202731000131 ], [ 40.462901663000025, 7.632096017000094 ], [ 40.42918141500013, 7.632387286000153 ], [ 40.311942941000098, 7.548147928000049 ], [ 40.290405167000074, 7.513974535000045 ], [ 40.159522730000106, 7.438362537000046 ], [ 40.101625181000031, 7.438628527 ], [ 40.069663826000124, 7.466176809000103 ], [ 39.976347066000187, 7.476323054000034 ], [ 39.95750809599997, 7.490553804000115 ], [ 39.876430444, 7.479465027 ], [ 39.858005019000018, 7.461961168000073 ], [ 39.826319774000012, 7.468817466000189 ], [ 39.803161163000141, 7.444739235000043 ], [ 39.772722464000026, 7.437781962000031 ], [ 39.707944116000078, 7.471727142000077 ], [ 39.671681162000084, 7.467093478000038 ], [ 39.662973535000049, 7.48074685600011 ], [ 39.641916344000094, 7.479992888000083 ], [ 39.603432964999968, 7.445809593000149 ], [ 39.556529626999975, 7.439804619000142 ], [ 39.543217053000035, 7.403853043000026 ], [ 39.522436748000075, 7.397228541000061 ], [ 39.498465968, 7.352225331000113 ] ] ] } },
{ "type": "Feature", "properties": { "adm2_name": "West Hararge", "adm2_name1": null, "adm2_name2": null, "adm2_name3": null, "adm2_pcode": "ET0409", "adm1_name": "Oromia", "adm1_name1": null, "adm1_name2": null, "adm1_name3": null, "adm1_pcode": "ET04", "adm0_name": "Ethiopia", "adm0_name1": null, "adm0_name2": null, "adm0_name3": null, "adm0_pcode": "ET", "valid_on": "2025-01-01", "valid_to": null, "area_sqkm": 17519.291044810001, "version": "v04", "lang": "en", "lang1": null, "lang2": null, "lang3": null, "adm2_ref_n": null, "center_lat": null, "center_lon": null, "adm2_alt_n": null }, "geometry": { "type": "Polygon", "coordinates": [ [ [ 41.195712840000112, 8.13203774200008 ], [ 41.086387382, 8.062254360000054 ], [ 41.05176479000005, 8.011399203 ], [ 40.989746802000013, 7.995409677000055 ], [ 40.977143655000077, 7.970917693000047 ], [ 40.936770512000123, 7.96935751 ], [ 40.916337563000127, 7.956105077000132 ], [ 40.798969835000037, 7.961077788000068 ], [ 40.74033440200003, 7.927017137000178 ], [ 40.733426983000072, 7.89965385 ], [ 40.678851964999978, 7.900694542000167 ], [ 40.663860840000154, 7.889218659000164 ], [ 40.652166330000114, 7.900970914000084 ], [ 40.595742805000157, 7.863616832000105 ], [ 40.544930249000174, 7.899245405000045 ], [ 40.541975752000042, 7.913033650000045 ], [ 40.468518522000181, 7.949216386000103 ], [ 40.385290004000012, 8.037316418999978 ], [ 40.393831694000141, 8.05464521 ], [ 40.357419110000023, 8.127986941000188 ], [ 40.382688351000127, 8.152237611000146 ], [ 40.389574794000168, 8.180790907000073 ], [ 40.374661116000084, 8.243473169000026 ], [ 40.33081061200005, 8.317753297000138 ], [ 40.307005977000188, 8.396479169000031 ], [ 40.307362593, 8.514964193000026 ], [ 40.291123853000045, 8.606612833000156 ], [ 40.278799282000193, 8.618227161000107 ], [ 40.258241539000039, 8.606609333000051 ], [ 40.258013061000156, 8.571573190000038 ], [ 40.227482144000078, 8.569621005000101 ], [ 40.183172986000102, 8.538967164000155 ], [ 40.164708735000147, 8.578629557000113 ], [ 40.176310289000128, 8.614824323000107 ], [ 40.142875210000113, 8.627474824000103 ], [ 40.117941807000079, 8.61843535600002 ], [ 40.079023134000181, 8.639574824000078 ], [ 40.049483219000024, 8.631842551000091 ], [ 40.029522545000134, 8.646924507000051 ], [ 40.022912088000055, 8.683983806000128 ], [ 40.053981768000028, 8.708959353000068 ], [ 40.09004152600005, 8.77848211200012 ], [ 40.073815549000187, 8.81962146800015 ], [ 40.09636453700017, 8.86479562500017 ], [ 40.169889522000062, 8.96449889600018 ], [ 40.23780991000018, 8.99733868800007 ], [ 40.245500161000052, 9.074868599000013 ], [ 40.327020742, 9.154658312000095 ], [ 40.425771605000079, 9.304277894999984 ], [ 40.49882213300009, 9.375047621000135 ], [ 40.659552928000039, 9.404307129000074 ], [ 40.698563231000037, 9.447646965999979 ], [ 40.862183991000109, 9.463016470000127 ], [ 40.92751409900012, 9.405136336 ], [ 40.891213899000093, 9.389536466000152 ], [ 40.797643508000192, 9.395556737000106 ], [ 40.788823447000027, 9.386896769000145 ], [ 40.812563326000088, 9.310926782000081 ], [ 40.844103443000165, 9.3047967010001 ], [ 41.014074331000188, 9.357206139000027 ], [ 41.056484617000081, 9.391065970000056 ], [ 41.145445100000074, 9.42462566100005 ], [ 41.191843542000015, 9.45975447700016 ], [ 41.240699068000083, 9.350667430000044 ], [ 41.257799554000144, 9.339707650000037 ], [ 41.253966945000172, 9.302998785000057 ], [ 41.280830037000101, 9.267181455000184 ], [ 41.206692887000088, 9.179193717999965 ], [ 41.272988509000186, 9.152721998000118 ], [ 41.266477759000054, 9.132702278000124 ], [ 41.283003565000172, 9.117147242000101 ], [ 41.289105621000033, 9.085989256000119 ], [ 41.279954445000101, 9.031632617000071 ], [ 41.245127505000141, 8.965164951000133 ], [ 41.228115225000124, 8.872798211999964 ], [ 41.173157531000186, 8.76823396500015 ], [ 41.210285257000123, 8.684793712000157 ], [ 41.243544484000154, 8.659344009000051 ], [ 41.268176315000119, 8.613758586000131 ], [ 41.27730765300015, 8.528855383000064 ], [ 41.246006272999978, 8.445645565000063 ], [ 41.282331273000125, 8.389720222999983 ], [ 41.358390052000061, 8.351815890000012 ], [ 41.385826146000113, 8.362219977000166 ], [ 41.412612127000159, 8.32918108500013 ], [ 41.443971570000031, 8.314308775000086 ], [ 41.448415161000071, 8.279779985000062 ], [ 41.487567783000031, 8.25299911400009 ], [ 41.497782629000028, 8.197682437000083 ], [ 41.535735858000123, 8.165145646000099 ], [ 41.56077405800005, 8.170391124000162 ], [ 41.570696836000025, 8.161028159000068 ], [ 41.577602021000189, 8.024305423000101 ], [ 41.566181193000034, 7.993272835000027 ], [ 41.530383131000178, 7.972370737 ], [ 41.522255382000139, 8.07705394300001 ], [ 41.502583197000035, 8.123747757000103 ], [ 41.479684051, 8.135056646000123 ], [ 41.417363900000112, 8.11315085800004 ], [ 41.33290471700019, 8.158140127000024 ], [ 41.302151280000032, 8.154909951000093 ], [ 41.219971175000012, 8.12346766200011 ], [ 41.211774955000067, 8.135518062000074 ], [ 41.195712840000112, 8.13203774200008 ] ] ] } },
{ "type": "Feature", "properties": { "adm2_name": "East Hararge", "adm2_name1": null, "adm2_name2": null, "adm2_name3": null, "adm2_pcode": "ET0410", "adm1_name": "Oromia", "adm1_name1": null, "adm1_name2": null, "adm1_name3": null, "adm1_pcode": "ET04", "adm0_name": "Ethiopia", "adm0_name1": null, "adm0_name2": null, "adm0_name3": null, "adm0_pcode": "ET", "valid_on": "2025-01-01", "valid_to": null, "area_sqkm": 24932.77514405, "version": "v04", "lang": "en", "lang1": null, "lang2": null, "lang3": null, "adm2_ref_n": null, "center_lat": null, "center_lon": null, "adm2_alt_n": null }, "geometry": { "type": "Polygon", "coordinates": [ [ [ 41.948404642000071, 8.200894719000132 ], [ 41.912403516000097, 7.844395182000028 ], [ 41.957143487000053, 7.774785126000154 ], [ 41.861433339000143, 7.530611228000168 ], [ 41.846082727000123, 7.557009937000089 ], [ 41.819440329000031, 7.561812741000097 ], [ 41.752910706000193, 7.612868507000144 ], [ 41.700739847000193, 7.634004438000034 ], [ 41.705680036000103, 7.658545516000174 ], [ 41.676489378000156, 7.670390106000184 ], [ 41.673849605000157, 7.695422298000096 ], [ 41.623327546000155, 7.733572248000087 ], [ 41.60388328199997, 7.766905490000113 ], [ 41.612411089000091, 7.787159901000052 ], [ 41.603729864000059, 7.841168023000137 ], [ 41.587557259000164, 7.862449767000044 ], [ 41.57158199700018, 7.847960018000151 ], [ 41.558954621000055, 7.921731990000126 ], [ 41.536554599000112, 7.935294831000135 ], [ 41.537911105000092, 7.974380727000039 ], [ 41.566181193000034, 7.993272835000027 ], [ 41.577602021000189, 8.024305423000101 ], [ 41.570696836000025, 8.161028159000068 ], [ 41.56077405800005, 8.170391124000162 ], [ 41.535735858000123, 8.165145646000099 ], [ 41.497782629000028, 8.197682437000083 ], [ 41.487567783000031, 8.25299911400009 ], [ 41.448415161000071, 8.279779985000062 ], [ 41.443971570000031, 8.314308775000086 ], [ 41.412612127000159, 8.32918108500013 ], [ 41.385826146000113, 8.362219977000166 ], [ 41.358390052000061, 8.351815890000012 ], [ 41.282331273000125, 8.389720222999983 ], [ 41.246713817000114, 8.443393712000159 ], [ 41.27730765300015, 8.528855383000064 ], [ 41.268176315000119, 8.613758586000131 ], [ 41.243544484000154, 8.659344009000051 ], [ 41.210285257000123, 8.684793712000157 ], [ 41.173157531000186, 8.76823396500015 ], [ 41.228115225000124, 8.872798211999964 ], [ 41.245127505000141, 8.965164951000133 ], [ 41.279954445000101, 9.031632617000071 ], [ 41.289105621000033, 9.085989256000119 ], [ 41.283003565000172, 9.117147242000101 ], [ 41.266477759000054, 9.132702278000124 ], [ 41.273841494000123, 9.151756275000082 ], [ 41.20694697100015, 9.181586 ], [ 41.280830037000101, 9.267181455000184 ], [ 41.253966945000172, 9.302998785000057 ], [ 41.257799554000144, 9.339707650000037 ], [ 41.240699068000083, 9.350667430000044 ], [ 41.191843542000015, 9.45975447700016 ], [ 41.230585680000161, 9.495680310000068 ], [ 41.308696037000175, 9.503075062000107 ], [ 41.490966655000079, 9.45742454700013 ], [ 41.540606997000054, 9.499584337000044 ], [ 41.642597468000076, 9.515143991000116 ], [ 41.654157407000071, 9.481234004000044 ], [ 41.702277556000126, 9.466653867000105 ], [ 41.772997927000119, 9.49105360700014 ], [ 41.815198051000039, 9.476743490000104 ], [ 41.859708268000134, 9.48801333 ], [ 41.913378429000034, 9.472463175000087 ], [ 41.982523831000037, 9.508492896 ], [ 42.031719010000018, 9.504402737000078 ], [ 42.074771083000144, 9.473716646000128 ], [ 42.152599667000061, 9.556372258000124 ], [ 42.124859761000096, 9.61452225000005 ], [ 42.180380082000113, 9.644342017000099 ], [ 42.220520277000162, 9.656161865000172 ], [ 42.258635415000072, 9.651581739000108 ], [ 42.339772808000134, 9.719617623000147 ], [ 42.498958445000142, 9.721054470000126 ], [ 42.568057145000182, 9.73692815000004 ], [ 42.647427344, 9.775212033000173 ], [ 42.694115592000173, 9.768675546000168 ], [ 42.73053226900015, 9.721053651000148 ], [ 42.853789080000126, 9.662226324000017 ], [ 42.907947424000156, 9.650087250000183 ], [ 42.935026727000093, 9.679967474000136 ], [ 42.950900710000155, 9.672497336000049 ], [ 42.977979742000173, 9.62861051699997 ], [ 42.968641956000113, 9.592193908000183 ], [ 42.908880874000147, 9.563247560000036 ], [ 42.864060224000127, 9.586591722000094 ], [ 42.813636848000044, 9.572585500000116 ], [ 42.776286019000054, 9.511891223000077 ], [ 42.640889819000108, 9.447462241999972 ], [ 42.537453342000106, 9.372981780000146 ], [ 42.556290423, 9.321051281000166 ], [ 42.551360282000076, 9.286571357000071 ], [ 42.583590165000032, 9.21538136700002 ], [ 42.634700161000069, 9.158521290000181 ], [ 42.635110110000142, 9.143971312000133 ], [ 42.599345568000047, 9.106174348000081 ], [ 42.644349907000048, 9.072981394000124 ], [ 42.730639804000077, 8.948021313000083 ], [ 42.865329867000128, 8.825111068000183 ], [ 42.831989324000119, 8.695231381000042 ], [ 42.838419246000115, 8.664391413000033 ], [ 42.905319211000062, 8.582221323999988 ], [ 42.912369041000147, 8.522101393000071 ], [ 42.89884863900005, 8.409101609000118 ], [ 42.768168047000188, 8.363172085000031 ], [ 42.701597256000127, 8.179612544 ], [ 42.651406933000032, 8.129672756000161 ], [ 42.61597690200017, 8.159602825000093 ], [ 42.567027021, 8.255612845000087 ], [ 42.520137541000111, 8.478712686 ], [ 42.323037013000146, 8.53677320800017 ], [ 42.263077100000146, 8.635953264000136 ], [ 42.23966702600012, 8.639883325000142 ], [ 42.069725950000077, 8.493974029000185 ], [ 42.026005586000167, 8.425834241000075 ], [ 42.027053755000111, 8.323024846000123 ], [ 41.948404642000071, 8.200894719000132 ] ], [ [ 42.062912255000185, 9.27683740700013 ], [ 42.061332213000185, 9.226459058999978 ], [ 42.073688238000159, 9.220963026000106 ], [ 42.112408425000126, 9.230742891999967 ], [ 42.148558487000173, 9.206262811000158 ], [ 42.197458721000032, 9.219872631000044 ], [ 42.233718742000178, 9.185912564000091 ], [ 42.259448868000163, 9.19227247300006 ], [ 42.27203898800019, 9.21566739400015 ], [ 42.250309142000106, 9.285532357000079 ], [ 42.266049283000143, 9.309772269000064 ], [ 42.258519333000038, 9.334412256000121 ], [ 42.270312659000069, 9.361664396000094 ], [ 42.252999476000127, 9.383802192000132 ], [ 42.187439149, 9.361682445000042 ], [ 42.12914901400012, 9.388672600000064 ], [ 42.062912255000185, 9.27683740700013 ] ] ] } },
{ "type": "Feature", "properties": { "adm2_name": "Bale", "adm2_name1": null, "adm2_name2": null, "adm2_name3": null, "adm2_pcode": "ET0411", "adm1_name": "Oromia", "adm1_name1": null, "adm1_name2": null, "adm1_name3": null, "adm1_pcode": "ET04", "adm0_name": "Ethiopia", "adm0_name1": null, "adm0_name2": null, "adm0_name3": null, "adm0_pcode": "ET", "valid_on": "2025-01-01", "valid_to": null, "area_sqkm": 20640.771717669999, "version": "v04", "lang": "en", "lang1": null, "lang2": null, "lang3": null, "adm2_ref_n": null, "center_lat": null, "center_lon": null, "adm2_alt_n": null }, "geometry": { "type": "Polygon", "coordinates": [ [ [ 39.774969684000155, 6.241729052999972 ], [ 39.756286126000077, 6.221797993000052 ], [ 39.683517854000172, 6.206504411000139 ], [ 39.682679325000151, 6.186738382000101 ], [ 39.64897041200004, 6.156339995000167 ], [ 39.616030216000183, 6.167291764000083 ], [ 39.609093925000138, 6.187162867000154 ], [ 39.556562939000059, 6.128348454000047 ], [ 39.493903480000029, 6.171343757000045 ], [ 39.467798315000039, 6.209658551000189 ], [ 39.463579832000107, 6.248999160000153 ], [ 39.415074452000113, 6.280797581000115 ], [ 39.403168606000179, 6.350784365999971 ], [ 39.368417388000069, 6.363805420000176 ], [ 39.296898382000109, 6.356577432000051 ], [ 39.278298415999984, 6.368666123000082 ], [ 39.29651855100002, 6.429959131000032 ], [ 39.337699153000131, 6.474031223000054 ], [ 39.340745140000138, 6.51994327500006 ], [ 39.401198178000186, 6.555539637000152 ], [ 39.426917435000064, 6.544691001000103 ], [ 39.420407803000046, 6.604671567000139 ], [ 39.460303055000168, 6.657417062000093 ], [ 39.509485808000193, 6.674403498000117 ], [ 39.528747313000054, 6.71997311500013 ], [ 39.579674191000095, 6.671067503000017 ], [ 39.598323465000192, 6.690689525000153 ], [ 39.64135721700012, 6.690209967999976 ], [ 39.644106837000038, 6.713081387000102 ], [ 39.615607613000122, 6.7613005770001 ], [ 39.685175817000129, 6.836078164000071 ], [ 39.740438630000142, 6.870785240000089 ], [ 39.770714578000025, 6.91512284099997 ], [ 39.729220352000084, 6.951585210000189 ], [ 39.73133481300016, 6.97143202400008 ], [ 39.709953848000055, 6.992750594000086 ], [ 39.71942946900009, 7.018378594000126 ], [ 39.67482967300009, 7.013197489000163 ], [ 39.680097650000164, 7.035862077000104 ], [ 39.673665344000142, 7.052731048000112 ], [ 39.660809025000162, 7.053727625000022 ], [ 39.655752326000027, 7.081491523000068 ], [ 39.623233846000062, 7.090641156000117 ], [ 39.612720564000085, 7.103818662000094 ], [ 39.616632427000184, 7.127239277000172 ], [ 39.602766569000096, 7.125607506000051 ], [ 39.593524076000165, 7.141170204000048 ], [ 39.628216788000088, 7.147867869000095 ], [ 39.664595731000134, 7.191015889000028 ], [ 39.692932585000108, 7.19142078200008 ], [ 39.688882493000051, 7.219768022000039 ], [ 39.634700674999976, 7.252590632000079 ], [ 39.63338307500004, 7.277191957000184 ], [ 39.586550637000073, 7.326763454000059 ], [ 39.577483797000184, 7.36313208200005 ], [ 39.5356609050001, 7.351827038000067 ], [ 39.524124518000121, 7.398292703000038 ], [ 39.543217053000035, 7.403853043000026 ], [ 39.558724065000035, 7.44120466600009 ], [ 39.603432964999968, 7.445809593000149 ], [ 39.636869758000159, 7.478076734000183 ], [ 39.657867120000049, 7.481544199000098 ], [ 39.671681162000084, 7.467093478000038 ], [ 39.698883467000087, 7.473799561000021 ], [ 39.737229519000095, 7.461915835000184 ], [ 39.772722464000026, 7.437781962000031 ], [ 39.803161163000141, 7.444739235000043 ], [ 39.826319774000012, 7.468817466000189 ], [ 39.858005019000018, 7.461961168000073 ], [ 39.876430444, 7.479465027 ], [ 39.95750809599997, 7.490553804000115 ], [ 39.976347066000187, 7.476323054000034 ], [ 40.069663826000124, 7.466176809000103 ], [ 40.101625181000031, 7.438628527 ], [ 40.159522730000106, 7.438362537000046 ], [ 40.290405167000074, 7.513974535000045 ], [ 40.341634826000188, 7.570190646000071 ], [ 40.384715232000076, 7.489153490000092 ], [ 40.372221082000124, 7.465009340000051 ], [ 40.337892219000082, 7.444782967000094 ], [ 40.339614593000135, 7.42618786800017 ], [ 40.3579426, 7.437965549000012 ], [ 40.347095246000094, 7.414106961000016 ], [ 40.360236634000103, 7.41225343800005 ], [ 40.330452884000124, 7.400103319999971 ], [ 40.354196553000122, 7.388786999000104 ], [ 40.368939101000137, 7.397067919000108 ], [ 40.370656293000081, 7.368173463000176 ], [ 40.36493912200018, 7.357271544000071 ], [ 40.322449491000043, 7.350921506000134 ], [ 40.322757824000064, 7.327105757000027 ], [ 40.336808024000163, 7.313043979000042 ], [ 40.275522487000046, 7.251731798000094 ], [ 40.294985530000076, 7.194219979000138 ], [ 40.360556617000043, 7.170794511000054 ], [ 40.39161227600016, 7.115247379000039 ], [ 40.400851800000112, 7.12551067000004 ], [ 40.434039061000078, 7.121054676000142 ], [ 40.460789124000144, 7.095561261000114 ], [ 40.454643472000043, 7.107066368000062 ], [ 40.472214083000154, 7.109701251 ], [ 40.46995205200011, 7.125425305000022 ], [ 40.433716046000086, 7.13863695200007 ], [ 40.466733747000035, 7.142818962000035 ], [ 40.50705611900014, 7.120510402000036 ], [ 40.533026893000113, 7.153177641000127 ], [ 40.567522207000025, 7.111100337000096 ], [ 40.613430091000055, 7.101899991000039 ], [ 40.616583539000032, 7.030647313000145 ], [ 40.646346849000111, 7.020148049000056 ], [ 40.654942977000076, 6.990900851000049 ], [ 40.706808986000112, 6.972975722000115 ], [ 40.721824095000159, 6.943867971000032 ], [ 40.701480330999971, 6.919110578000129 ], [ 40.725666574, 6.891156452000018 ], [ 40.76476619400006, 6.889155201000108 ], [ 40.754586186999973, 6.869376547000172 ], [ 40.767716363000147, 6.817733647000068 ], [ 40.748214249000171, 6.802726586000119 ], [ 40.753550507000114, 6.777321487000165 ], [ 40.692054754000026, 6.730303928000012 ], [ 40.643307237000101, 6.722644422000087 ], [ 40.66301338400018, 6.668849512000122 ], [ 40.645387027000083, 6.648175068000114 ], [ 40.661739958000169, 6.60535782400018 ], [ 40.640372168, 6.549419311000179 ], [ 40.67313021300015, 6.477522659999977 ], [ 40.763904361000073, 6.407695390000072 ], [ 40.805196343000091, 6.327686340000014 ], [ 40.824316741000075, 6.350110562 ], [ 40.863962389000164, 6.35103013700018 ], [ 40.881621045000031, 6.244343346000051 ], [ 40.866428984000095, 6.133653443000128 ], [ 40.878405537000049, 5.987518345000183 ], [ 40.874795190000043, 5.807898320000163 ], [ 40.893096997999976, 5.761051677000125 ], [ 40.880225979000045, 5.777148966000027 ], [ 40.837444348000133, 5.783300611000186 ], [ 40.820205577000138, 5.821013373000028 ], [ 40.795951923000132, 5.808222653000087 ], [ 40.762897262000138, 5.856417273000147 ], [ 40.740837364000072, 5.85304024800007 ], [ 40.716899760000103, 5.873418810000089 ], [ 40.715339498000162, 5.863695393000171 ], [ 40.697097667000094, 5.865253305000067 ], [ 40.672504688000174, 5.886809326000105 ], [ 40.644657349999989, 5.860468714999968 ], [ 40.634834450000142, 5.874178672000028 ], [ 40.608505048000154, 5.858304868000062 ], [ 40.588702983000132, 5.870515605000094 ], [ 40.571582853000052, 5.857448733000012 ], [ 40.556816061000063, 5.868337532000112 ], [ 40.548557229000096, 5.856662135000136 ], [ 40.536330118000137, 5.866285727000047 ], [ 40.51780304000016, 5.85748674000007 ], [ 40.461658141000157, 5.885823310000035 ], [ 40.44033566000013, 5.873412382000083 ], [ 40.388948721000133, 5.89715963000009 ], [ 40.27733260399998, 5.868280833000142 ], [ 40.249750491000043, 5.844126303000166 ], [ 40.195555883000168, 5.855611032000127 ], [ 40.188748443, 5.845718403999967 ], [ 40.155728173000114, 5.84770174200014 ], [ 40.117772684000045, 5.867736830000126 ], [ 40.028193591000161, 5.875207647000025 ], [ 39.98789220000009, 5.897536826000021 ], [ 39.974400348000188, 5.9314240920001 ], [ 39.927513698000155, 5.936147430000119 ], [ 39.860638306000055, 5.98898033800009 ], [ 39.869132900000182, 6.009355528000185 ], [ 39.86015726200003, 6.031298263 ], [ 39.906408131000148, 6.097844309000038 ], [ 39.90631397500016, 6.142680745000121 ], [ 39.853146723000066, 6.22337345800014 ], [ 39.774969684000155, 6.241729052999972 ] ] ] } },
{ "type": "Feature", "properties": { "adm2_name": "Borena", "adm2_name1": null, "adm2_name2": null, "adm2_name3": null, "adm2_pcode": "ET0412", "adm1_name": "Oromia", "adm1_name1": null, "adm1_name2": null, "adm1_name3": null, "adm1_pcode": "ET04", "adm0_name": "Ethiopia", "adm0_name1": null, "adm0_name2": null, "adm0_name3": null, "adm0_pcode": "ET", "valid_on": "2025-01-01", "valid_to": null, "area_sqkm": 31482.241090070002, "version": "v04", "lang": "en", "lang1": null, "lang2": null, "lang3": null, "adm2_ref_n": null, "center_lat": null, "center_lon": null, "adm2_alt_n": null }, "geometry": { "type": "Polygon", "coordinates": [ [ [ 37.99805, 3.728610000000117 ], [ 37.13027000000011, 4.28639 ], [ 37.099160000000154, 4.33167 ], [ 37.039720000000102, 4.375550000000146 ], [ 36.88777, 4.43472 ], [ 36.714253964000136, 4.433850543000176 ], [ 36.657532315000026, 4.580373675999965 ], [ 36.680841202000067, 4.604300630000125 ], [ 36.646409141000163, 4.710757126000146 ], [ 36.828479986000104, 4.709174806000135 ], [ 36.85473946500008, 4.736059609000165 ], [ 36.860708967, 4.978767301000175 ], [ 36.892970983000055, 5.109787746 ], [ 36.948966654000174, 5.19468654700006 ], [ 37.112230264000175, 5.186272328000086 ], [ 37.181829059000108, 5.193923041000119 ], [ 37.216908441000044, 5.21268475 ], [ 37.292357141000025, 5.1943630990001 ], [ 37.340736313000093, 5.159599949999972 ], [ 37.367175851000127, 5.155099544000109 ], [ 37.417214982000132, 5.16655059500016 ], [ 37.629734811000048, 5.266009696000026 ], [ 37.646706038000104, 5.299287273000175 ], [ 37.674230516000023, 5.307643461 ], [ 37.700880053000105, 5.305883307000045 ], [ 37.747129259000189, 5.276610653000091 ], [ 37.772828817000118, 5.283351274000097 ], [ 37.810078172000033, 5.268299910000167 ], [ 37.852657442, 5.234646854000118 ], [ 37.907689131000097, 5.243269793000138 ], [ 37.918572512000082, 5.265062258000171 ], [ 37.963158231000079, 5.260780430000068 ], [ 37.961316520000025, 5.243625956000187 ], [ 37.998547610000173, 5.233095781000145 ], [ 38.012275625000143, 5.213997646000109 ], [ 38.035333557000115, 5.237933486000088 ], [ 38.100384923000149, 5.244959816000062 ], [ 38.101713196, 5.296699214000171 ], [ 38.1215591670001, 5.324501127000019 ], [ 38.12441402800016, 5.29764093700004 ], [ 38.136925025000153, 5.289364558000102 ], [ 38.172107386000107, 5.32349412100001 ], [ 38.218694852999988, 5.313669336999965 ], [ 38.23069437200013, 5.292099083000153 ], [ 38.30255822800018, 5.279050921000021 ], [ 38.311568016000138, 5.290558202000113 ], [ 38.33758269100008, 5.259811081000066 ], [ 38.39726703700012, 5.237608286000011 ], [ 38.392172089000098, 5.214898277000088 ], [ 38.440152039000168, 5.174749606999967 ], [ 38.443792281000071, 5.144497670000078 ], [ 38.459401852000155, 5.127389851999965 ], [ 38.522696926000151, 5.122895662000076 ], [ 38.529254408000043, 5.143805476000182 ], [ 38.565628143000026, 5.150548601000082 ], [ 38.605773339000052, 5.142466989000184 ], [ 38.631964328000038, 5.107709617000125 ], [ 38.609509029000037, 5.099581639000121 ], [ 38.593791232000115, 5.073557994000112 ], [ 38.545822703000169, 5.068296144000158 ], [ 38.518813967000085, 5.042776697000136 ], [ 38.450923235000175, 5.041041986000039 ], [ 38.459767969000154, 4.994263137000132 ], [ 38.449598887000036, 4.838505492000081 ], [ 38.467748566000068, 4.795772652000153 ], [ 38.440829343000075, 4.773527218000027 ], [ 38.439036676000171, 4.647106667000116 ], [ 38.389834639000128, 4.574508974000025 ], [ 38.428934658000117, 4.511159803999988 ], [ 38.445961391000139, 4.450861803000066 ], [ 38.481192291000184, 4.406754694000085 ], [ 38.461570022000103, 4.400207093 ], [ 38.461473374000093, 4.366691376000063 ], [ 38.390490754000155, 4.313038123000183 ], [ 38.396962780000081, 4.266442101000052 ], [ 38.434530030000133, 4.260557296000115 ], [ 38.420603671000094, 4.205324746000031 ], [ 38.445823623000138, 4.180311992999975 ], [ 38.449762690000171, 4.133520741000041 ], [ 38.582819852000057, 4.152846443000158 ], [ 38.702719606000187, 4.069356028000129 ], [ 38.744291711000017, 4.05130751300004 ], [ 38.76358701800001, 4.071407811000142 ], [ 38.796494197000072, 4.018096078000042 ], [ 39.023205795000138, 4.001246743000138 ], [ 39.047820538000053, 4.005108048000125 ], [ 39.049601028000154, 4.028949446000126 ], [ 39.139748163000093, 4.108847284000035 ], [ 39.29748713000015, 4.108847118000028 ], [ 39.405919152000024, 4.140013340000166 ], [ 39.57504469700018, 4.278307684000083 ], [ 39.539687995000065, 4.235169173000145 ], [ 39.528787869000041, 4.16673909800005 ], [ 39.478277542000114, 4.040328985000144 ], [ 39.499677537000025, 3.96572886000007 ], [ 39.399616985000193, 3.79565871799997 ], [ 39.28469638700011, 3.623078557000156 ], [ 39.220496128999969, 3.602478588000054 ], [ 39.091117958000154, 3.531103962000145 ], [ 38.913610000000176, 3.513890000000117 ], [ 38.51694, 3.62694 ], [ 38.448050000000194, 3.599440000000129 ], [ 38.121110000000158, 3.61167 ], [ 38.056110000000103, 3.651940000000138 ], [ 38.03361, 3.698060000000112 ], [ 37.99805, 3.728610000000117 ] ] ] } },
{ "type": "Feature", "properties": { "adm2_name": "South West Shewa", "adm2_name1": null, "adm2_name2": null, "adm2_name3": null, "adm2_pcode": "ET0413", "adm1_name": "Oromia", "adm1_name1": null, "adm1_name2": null, "adm1_name3": null, "adm1_pcode": "ET04", "adm0_name": "Ethiopia", "adm0_name1": null, "adm0_name2": null, "adm0_name3": null, "adm0_pcode": "ET", "valid_on": "2025-01-01", "valid_to": null, "area_sqkm": 6238.1775661499996, "version": "v04", "lang": "en", "lang1": null, "lang2": null, "lang3": null, "adm2_ref_n": null, "center_lat": null, "center_lon": null, "adm2_alt_n": null }, "geometry": { "type": "Polygon", "coordinates": [ [ [ 37.988166285000148, 8.359525958000063 ], [ 37.927986659000169, 8.378166835000115 ], [ 37.862947009000095, 8.33570500999997 ], [ 37.816257282000095, 8.331804870000042 ], [ 37.747967710000182, 8.351765815000078 ], [ 37.717047880000166, 8.334095058 ], [ 37.666063217999977, 8.383537295 ], [ 37.611968519000186, 8.354086028000097 ], [ 37.576078774000052, 8.41406872500005 ], [ 37.557978897000055, 8.425509241000043 ], [ 37.524823120000065, 8.420645181000111 ], [ 37.529364760000135, 8.479411213000162 ], [ 37.55828952700017, 8.517886957000087 ], [ 37.571410495000066, 8.514447416000166 ], [ 37.579961571000069, 8.565205596000055 ], [ 37.593888344000163, 8.566634498000155 ], [ 37.605013250000127, 8.588937978000104 ], [ 37.603527977000056, 8.681633020000106 ], [ 37.624797202000138, 8.65812431300003 ], [ 37.640850802000045, 8.705899925999972 ], [ 37.669734463000111, 8.68744991900013 ], [ 37.680386854000119, 8.718736823000143 ], [ 37.759702657999981, 8.747019878000174 ], [ 37.782703159000164, 8.76744284200015 ], [ 37.784550607000085, 8.794697174000078 ], [ 37.793890511000143, 8.784136085000114 ], [ 37.809507718000077, 8.789861563000102 ], [ 37.795215609000024, 8.814341164000098 ], [ 37.840336232000027, 8.801850983 ], [ 37.84740472500016, 8.820632388000149 ], [ 37.869705435000071, 8.81175050500002 ], [ 37.890602288000082, 8.822569122000175 ], [ 37.886013883000089, 8.814375637000182 ], [ 37.913953316000175, 8.804998741000077 ], [ 37.927043036000157, 8.781654609000157 ], [ 38.002565955000193, 8.766801553000107 ], [ 38.018778087000101, 8.752384928000026 ], [ 38.035587672000133, 8.784524616000056 ], [ 38.01377317500004, 8.794801181000082 ], [ 38.051315612999986, 8.83372694000019 ], [ 38.107366906000095, 8.837731125000118 ], [ 38.144123714000045, 8.817002001000048 ], [ 38.142268199000114, 8.848615200000154 ], [ 38.116249727000081, 8.888966509000056 ], [ 38.080574695999985, 8.892646915000114 ], [ 38.121601587000043, 8.93151575800016 ], [ 38.138399006000157, 8.920983793000119 ], [ 38.124615165000193, 8.892437967999967 ], [ 38.156801609000183, 8.885107308000045 ], [ 38.165291966000041, 8.902103735000082 ], [ 38.198130791000096, 8.893845709 ], [ 38.239164596000194, 8.879380041000047 ], [ 38.252584723000098, 8.852183592000188 ], [ 38.275273372000186, 8.857986753000091 ], [ 38.294782554000051, 8.89407729300018 ], [ 38.334575001000076, 8.913686103000089 ], [ 38.34682309100009, 8.892758472000025 ], [ 38.37823795200012, 8.889954343000113 ], [ 38.408838928000193, 8.852069497000059 ], [ 38.444016523000187, 8.879520335999985 ], [ 38.514635023000039, 8.859941730000116 ], [ 38.545381380000151, 8.829058140000086 ], [ 38.608246919000067, 8.805217289000041 ], [ 38.628766982000116, 8.812015526000039 ], [ 38.65118805000003, 8.766287986000179 ], [ 38.707650458000103, 8.770451878000074 ], [ 38.721719078000092, 8.723523610000143 ], [ 38.745518933000142, 8.707637699000145 ], [ 38.751731403000065, 8.621092273000045 ], [ 38.722210354000083, 8.637133526000071 ], [ 38.698453756000163, 8.634764267000037 ], [ 38.689728206000154, 8.604902596000102 ], [ 38.703185383000061, 8.603698307000059 ], [ 38.700495625000087, 8.568638851000173 ], [ 38.731402900000035, 8.566645714 ], [ 38.763099958000055, 8.545540627000037 ], [ 38.748336753000046, 8.483948742000166 ], [ 38.765506992000098, 8.393375973000161 ], [ 38.696001811000087, 8.383734431000164 ], [ 38.667231758000014, 8.350485245000186 ], [ 38.654451646000041, 8.394637113000044 ], [ 38.61675172200006, 8.431138369 ], [ 38.590882148000105, 8.426018643000077 ], [ 38.575784188, 8.444891630000143 ], [ 38.526842520000116, 8.45761957000002 ], [ 38.501452516000086, 8.44396940900009 ], [ 38.477883440000028, 8.447359394000046 ], [ 38.43020872600016, 8.298750815000119 ], [ 38.347344031000034, 8.254240952000032 ], [ 38.30703432100006, 8.299693011000102 ], [ 38.311464357000148, 8.369946127999981 ], [ 38.266314665000152, 8.406637793000186 ], [ 38.217544956000154, 8.408777934000057 ], [ 38.18003017000018, 8.392867265000177 ], [ 38.164180883000029, 8.408050598000102 ], [ 38.138955429000077, 8.409418033000179 ], [ 38.066705828000181, 8.375966615000152 ], [ 38.028041075000033, 8.390282286000058 ], [ 37.988166285000148, 8.359525958000063 ] ] ] } },
{ "type": "Feature", "properties": { "adm2_name": "Guji", "adm2_name1": null, "adm2_name2": null, "adm2_name3": null, "adm2_pcode": "ET0414", "adm1_name": "Oromia", "adm1_name1": null, "adm1_name2": null, "adm1_name3": null, "adm1_pcode": "ET04", "adm0_name": "Ethiopia", "adm0_name1": null, "adm0_name2": null, "adm0_name3": null, "adm0_pcode": "ET", "valid_on": "2025-01-01", "valid_to": null, "area_sqkm": 9710.8285625000008, "version": "v04", "lang": "en", "lang1": null, "lang2": null, "lang3": null, "adm2_ref_n": null, "center_lat": null, "center_lon": null, "adm2_alt_n": null }, "geometry": { "type": "Polygon", "coordinates": [ [ [ 38.741146646000118, 5.608863779000103 ], [ 38.679994994000026, 5.63345804100004 ], [ 38.663994178000053, 5.669866517000173 ], [ 38.638956004000136, 5.670795179999971 ], [ 38.625125192000098, 5.69686206900019 ], [ 38.618264685999975, 5.772891664000042 ], [ 38.572463895000169, 5.819067740000037 ], [ 38.591089474, 5.841386643000135 ], [ 38.622027987000081, 5.824894797000184 ], [ 38.64064435500012, 5.789965268000117 ], [ 38.700284173000171, 5.811300122000034 ], [ 38.702954652000074, 5.833335691000116 ], [ 38.691194060999976, 5.836105566000072 ], [ 38.672231339000064, 5.884327195000139 ], [ 38.65340062100006, 5.876944569000045 ], [ 38.629477279000184, 5.908711674000074 ], [ 38.617238941000096, 5.908272598000167 ], [ 38.603732472, 5.94315667900014 ], [ 38.578585136000129, 5.942228651000107 ], [ 38.522407012000144, 5.999524475000044 ], [ 38.50538468200017, 5.999988010000095 ], [ 38.477865092000116, 6.02767569700012 ], [ 38.461787449000099, 6.025268559000097 ], [ 38.432146289000173, 6.070606694000162 ], [ 38.401943517000177, 6.073636159000102 ], [ 38.395184111000106, 6.098374228000125 ], [ 38.38685585800016, 6.078419343000064 ], [ 38.377369890000068, 6.087347652000119 ], [ 38.362942545000124, 6.074293940000075 ], [ 38.342172629000061, 6.082422892000125 ], [ 38.376973710000129, 6.164516717000083 ], [ 38.434682692000138, 6.19876580500005 ], [ 38.423751105000122, 6.365554395 ], [ 38.441037189000042, 6.405362953000065 ], [ 38.475286600000118, 6.430375209000147 ], [ 38.566545038000129, 6.440456127000061 ], [ 38.626744008000117, 6.417034019000141 ], [ 38.661453411000025, 6.419084203000125 ], [ 38.707162634000099, 6.392451803000085 ], [ 38.757956764000141, 6.40906830400013 ], [ 38.874109772000054, 6.300833539 ], [ 38.960598297000161, 6.159270747000164 ], [ 39.03448703000015, 6.137438774000088 ], [ 39.13185995300006, 6.158786172000134 ], [ 39.113207371000044, 6.176556888 ], [ 39.085967610000125, 6.252010342000062 ], [ 39.119546178000064, 6.298994291000042 ], [ 39.125266528000111, 6.356956690000175 ], [ 39.135192043000075, 6.359353459000147 ], [ 39.137831074000189, 6.324578443 ], [ 39.175116214000184, 6.284919791000107 ], [ 39.203311773000109, 6.30022677900007 ], [ 39.221262288000048, 6.278401937000126 ], [ 39.275390676000086, 6.272464957000068 ], [ 39.318132414000047, 6.20166102100012 ], [ 39.317303786000025, 6.167333597000095 ], [ 39.33656713400012, 6.154361302000098 ], [ 39.329687894000074, 6.125407640999981 ], [ 39.35784001900015, 6.095274301000018 ], [ 39.338297128000136, 6.079700482000135 ], [ 39.340069730000039, 6.058243243000106 ], [ 39.37390464900011, 6.03215606700013 ], [ 39.383793303000118, 5.968145016000108 ], [ 39.409464674999981, 5.930720162999989 ], [ 39.466226830000096, 5.889368207000132 ], [ 39.443508943000097, 5.845853739000063 ], [ 39.458896058000164, 5.810349693000035 ], [ 39.438418891000083, 5.756899634000035 ], [ 39.401667993000103, 5.749293001000126 ], [ 39.392128406000097, 5.722121287999983 ], [ 39.366388371000141, 5.74165603199998 ], [ 39.329332950000037, 5.73015491700005 ], [ 39.304848557000014, 5.679850364000117 ], [ 39.250273354000058, 5.676497874 ], [ 39.222491351000031, 5.661339632000136 ], [ 39.228355211000121, 5.564073203000135 ], [ 39.21838879600017, 5.551966794000066 ], [ 39.261878909000075, 5.495973652999965 ], [ 39.235930737000047, 5.44933455600011 ], [ 39.229706793000048, 5.374081309000189 ], [ 39.214811363000194, 5.367299132000085 ], [ 39.191088765000075, 5.264010457000097 ], [ 39.1463175290001, 5.159911708000038 ], [ 39.158363091000012, 5.13445348 ], [ 39.137407775999975, 5.137751193000099 ], [ 39.109676289999982, 5.05082952600003 ], [ 39.065521059000105, 5.047450972999968 ], [ 39.017323921000184, 5.095875472000159 ], [ 39.011854311000036, 5.124374062000015 ], [ 38.984810136000192, 5.141738789000158 ], [ 38.947741223000037, 5.119157530000052 ], [ 38.916420451000079, 5.119345679000105 ], [ 38.913939651000192, 5.104793686000164 ], [ 38.904725731000042, 5.100292858000103 ], [ 38.909976275000133, 5.109292671000162 ], [ 38.861073937000128, 5.165767238000115 ], [ 38.847800762000134, 5.162078427000154 ], [ 38.852951002000111, 5.191543088000117 ], [ 38.834023921000039, 5.212068429000112 ], [ 38.859531427000036, 5.241488472000071 ], [ 38.838569933000144, 5.260823272999971 ], [ 38.838679553000134, 5.296111071000098 ], [ 38.821993231000079, 5.305806158000166 ], [ 38.815346396000166, 5.295926035000036 ], [ 38.808630800000174, 5.317227520000131 ], [ 38.791403692000131, 5.311181917000056 ], [ 38.798227342000018, 5.324350106000054 ], [ 38.765946326, 5.351239181000096 ], [ 38.760656789000166, 5.380333815000085 ], [ 38.735853327000143, 5.387814458000037 ], [ 38.716203259000167, 5.447175885000092 ], [ 38.715840983000021, 5.474034198000027 ], [ 38.738501696000128, 5.478852631 ], [ 38.749610742000016, 5.499613230000136 ], [ 38.756514972000048, 5.563502772000106 ], [ 38.741146646000118, 5.608863779000103 ] ] ] } },
{ "type": "Feature", "properties": { "adm2_name": "West Guji", "adm2_name1": null, "adm2_name2": null, "adm2_name3": null, "adm2_pcode": "ET0415", "adm1_name": "Oromia", "adm1_name1": null, "adm1_name2": null, "adm1_name3": null, "adm1_pcode": "ET04", "adm0_name": "Ethiopia", "adm0_name1": null, "adm0_name2": null, "adm0_name3": null, "adm0_pcode": "ET", "valid_on": "2025-01-01", "valid_to": null, "area_sqkm": 9607.3883272200001, "version": "v04", "lang": "en", "lang1": null, "lang2": null, "lang3": null, "adm2_ref_n": null, "center_lat": null, "center_lon": null, "adm2_alt_n": null }, "geometry": { "type": "Polygon", "coordinates": [ [ [ 38.852951002000111, 5.191543088000117 ], [ 38.804030118000185, 5.115204589000086 ], [ 38.812678690999974, 5.091704413000116 ], [ 38.792765803000123, 5.10467029299997 ], [ 38.771961933000114, 5.06952884400016 ], [ 38.739305454000032, 5.073633065000024 ], [ 38.730480309000029, 5.056780292000155 ], [ 38.713340902000027, 5.058544014000063 ], [ 38.708222431000081, 5.089145915000131 ], [ 38.677964276000068, 5.116175774999988 ], [ 38.631964328000038, 5.107709617000125 ], [ 38.613075385000059, 5.124402547000159 ], [ 38.617798037, 5.134069031000081 ], [ 38.588779231999979, 5.14766304800014 ], [ 38.529877504000069, 5.144089970000095 ], [ 38.522696926000151, 5.122895662000076 ], [ 38.459401852000155, 5.127389851999965 ], [ 38.443792281000071, 5.144497670000078 ], [ 38.440152039000168, 5.174749606999967 ], [ 38.392172089000098, 5.214898277000088 ], [ 38.395706944999972, 5.239310948000025 ], [ 38.33758269100008, 5.259811081000066 ], [ 38.311568016000138, 5.290558202000113 ], [ 38.30255822800018, 5.279050921000021 ], [ 38.23069437200013, 5.292099083000153 ], [ 38.217702576000079, 5.314023101000146 ], [ 38.172107386000107, 5.32349412100001 ], [ 38.136925025000153, 5.289364558000102 ], [ 38.12441402800016, 5.29764093700004 ], [ 38.1215591670001, 5.324501127000019 ], [ 38.101713196, 5.296699214000171 ], [ 38.100384923000149, 5.244959816000062 ], [ 38.035333557000115, 5.237933486000088 ], [ 38.013677973000142, 5.214093571000149 ], [ 37.998547610000173, 5.233095781000145 ], [ 37.961316520000025, 5.243625956000187 ], [ 37.963719727000182, 5.260500193000098 ], [ 37.943376966000187, 5.265404732999968 ], [ 37.914566268000101, 5.263195844999984 ], [ 37.909840790000089, 5.244773100000089 ], [ 37.886762247000036, 5.23543368300011 ], [ 37.902059564000183, 5.25429742700004 ], [ 37.901212375000171, 5.373247752000054 ], [ 37.935224497000036, 5.423033255 ], [ 37.946814455000151, 5.474285600000087 ], [ 37.947814487000073, 5.537688512000102 ], [ 37.93017464400009, 5.616672147000088 ], [ 37.943519996000134, 5.639464151000141 ], [ 38.008014704000118, 5.650154599000075 ], [ 38.075163846000123, 5.688940437000042 ], [ 38.088883692000024, 5.745607964000158 ], [ 38.019874167000182, 5.79004003700004 ], [ 37.96857460200016, 5.956017667000083 ], [ 37.903975012000046, 5.960507907000135 ], [ 37.842965438000135, 6.0109402490001 ], [ 37.803736092000065, 5.993178829999977 ], [ 37.783175819000178, 6.010600270000111 ], [ 37.789775800000143, 6.049442044000102 ], [ 37.778095935000181, 6.149596620000068 ], [ 37.840265601000112, 6.248251081000149 ], [ 37.852155563000167, 6.304783646999965 ], [ 37.840085687000169, 6.378747021000038 ], [ 37.797455987000092, 6.429239352000025 ], [ 37.799926004000099, 6.478181572000153 ], [ 37.87148281900005, 6.582228514000121 ], [ 37.892775954000172, 6.596070541000074 ], [ 37.912612031000151, 6.590668957000105 ], [ 37.932700593000106, 6.557206405000045 ], [ 37.952662912000051, 6.549619914000175 ], [ 38.018846062000136, 6.573269380000113 ], [ 38.05159517900006, 6.534738812000114 ], [ 38.090731515000073, 6.526068446000181 ], [ 38.114510558000177, 6.499561886000095 ], [ 38.139280388000088, 6.506002737000017 ], [ 38.149683719000109, 6.496589192000158 ], [ 38.143491266000126, 6.458191833000058 ], [ 38.155222080000158, 6.439255981999963 ], [ 38.24559052900014, 6.468228601000078 ], [ 38.282403501000147, 6.437769978000119 ], [ 38.288230414000054, 6.359842237000066 ], [ 38.197577785000192, 6.319003268000131 ], [ 38.173741781000103, 6.266810420000184 ], [ 38.197921375000192, 6.206434972000181 ], [ 38.187396841000179, 6.182210307000162 ], [ 38.14138362000017, 6.154456615000129 ], [ 38.125063726000064, 6.155126650000057 ], [ 38.102301546000035, 6.180448387000013 ], [ 38.086728393000158, 6.161044785000058 ], [ 38.079863412000122, 6.116986871000108 ], [ 38.116492788000016, 6.050200836000045 ], [ 38.121592709000026, 6.016677806000075 ], [ 38.150342212000169, 6.000406334000104 ], [ 38.180971692000128, 5.941651025000112 ], [ 38.203731305000019, 5.935020423000026 ], [ 38.214811116000078, 5.893246647000069 ], [ 38.199699594000151, 5.864800523000099 ], [ 38.207991237999977, 5.840191838000123 ], [ 38.239230702000157, 5.844372226000132 ], [ 38.270430162000025, 5.868524416000128 ], [ 38.325329223000153, 5.868814446000101 ], [ 38.396085707000054, 5.920052383000041 ], [ 38.374809066000068, 5.943043287000023 ], [ 38.327529177000145, 5.95537227900013 ], [ 38.318949083, 5.975062712000124 ], [ 38.282259951000128, 5.970703664000041 ], [ 38.271710141000142, 5.986579348000021 ], [ 38.279240003000041, 6.006286885000179 ], [ 38.313880505000043, 6.027833492000127 ], [ 38.342172629000061, 6.082422892000125 ], [ 38.362942545000124, 6.074293940000075 ], [ 38.377369890000068, 6.087347652000119 ], [ 38.38685585800016, 6.078419343000064 ], [ 38.394072247999986, 6.098372980000022 ], [ 38.403487015000167, 6.072453247000112 ], [ 38.426009358000158, 6.074405367000111 ], [ 38.445715373000041, 6.05957374500008 ], [ 38.461787449000099, 6.025268559000097 ], [ 38.477865092000116, 6.02767569700012 ], [ 38.50538468200017, 5.999988010000095 ], [ 38.522407012000144, 5.999524475000044 ], [ 38.578585136000129, 5.942228651000107 ], [ 38.603732472, 5.94315667900014 ], [ 38.617238941000096, 5.908272598000167 ], [ 38.629477279000184, 5.908711674000074 ], [ 38.65340062100006, 5.876944569000045 ], [ 38.671753089000106, 5.88466197200006 ], [ 38.687211742000102, 5.862764448000121 ], [ 38.701669873000071, 5.812210303000143 ], [ 38.667079212000033, 5.793922347999967 ], [ 38.639353466000159, 5.790538834000188 ], [ 38.622027987000081, 5.824894797000184 ], [ 38.591089474, 5.841386643000135 ], [ 38.572463895000169, 5.819067740000037 ], [ 38.618264685999975, 5.772891664000042 ], [ 38.625125192000098, 5.69686206900019 ], [ 38.638956004000136, 5.670795179999971 ], [ 38.663994178000053, 5.669866517000173 ], [ 38.679994994000026, 5.63345804100004 ], [ 38.705827311000178, 5.629936017000148 ], [ 38.749373666000167, 5.595442753000043 ], [ 38.749610742000016, 5.499613230000136 ], [ 38.738501696000128, 5.478852631 ], [ 38.715840983000021, 5.474034198000027 ], [ 38.716203259000167, 5.447175885000092 ], [ 38.735853327000143, 5.387814458000037 ], [ 38.760656789000166, 5.380333815000085 ], [ 38.765946326, 5.351239181000096 ], [ 38.798227342000018, 5.324350106000054 ], [ 38.791403692000131, 5.311181917000056 ], [ 38.808630800000174, 5.317227520000131 ], [ 38.815346396000166, 5.295926035000036 ], [ 38.821993231000079, 5.305806158000166 ], [ 38.838679553000134, 5.296111071000098 ], [ 38.838569933000144, 5.260823272999971 ], [ 38.859531427000036, 5.241488472000071 ], [ 38.834023921000039, 5.212068429000112 ], [ 38.852951002000111, 5.191543088000117 ] ] ] } },
{ "type": "Feature", "properties": { "adm2_name": "Buno Bedele", "adm2_name1": null, "adm2_name2": null, "adm2_name3": null, "adm2_pcode": "ET0416", "adm1_name": "Oromia", "adm1_name1": null, "adm1_name2": null, "adm1_name3": null, "adm1_pcode": "ET04", "adm0_name": "Ethiopia", "adm0_name1": null, "adm0_name2": null, "adm0_name3": null, "adm0_pcode": "ET", "valid_on": "2025-01-01", "valid_to": null, "area_sqkm": 6066.6144565900004, "version": "v04", "lang": "en", "lang1": null, "lang2": null, "lang3": null, "adm2_ref_n": null, "center_lat": null, "center_lon": null, "adm2_alt_n": null }, "geometry": { "type": "Polygon", "coordinates": [ [ [ 36.789614031000156, 8.229843684 ], [ 36.825619927, 8.126837627000157 ], [ 36.797817707000036, 8.098135169000102 ], [ 36.787770691000048, 8.094713069000079 ], [ 36.788841402000116, 8.116398364000133 ], [ 36.765864615000169, 8.110965139000086 ], [ 36.74102939800008, 8.057981301000098 ], [ 36.692143613000098, 8.072075993999988 ], [ 36.664135982000062, 8.059302766000087 ], [ 36.640669943000148, 7.995769676000123 ], [ 36.593931055000098, 7.994255637000151 ], [ 36.58247466600011, 8.002747101000182 ], [ 36.602098321000085, 8.031826974000126 ], [ 36.567684936000148, 8.066194704000111 ], [ 36.535608407000097, 8.068626139000116 ], [ 36.531134377000114, 8.055423342000097 ], [ 36.479339498000115, 8.044704513000056 ], [ 36.409491853000191, 8.055544833000113 ], [ 36.391604175000055, 8.076214518000143 ], [ 36.396796443000142, 8.092676510000103 ], [ 36.367346976000192, 8.114062344000104 ], [ 36.3728668870001, 8.130090554000105 ], [ 36.356036426000117, 8.135377395000091 ], [ 36.327025800000172, 8.118259895000051 ], [ 36.30828131200019, 8.147798138000098 ], [ 36.288081581000142, 8.152976866000131 ], [ 36.286163970000189, 8.177498722999985 ], [ 36.267212997000058, 8.177766186000042 ], [ 36.282425942000145, 8.22710670400005 ], [ 36.24685794100003, 8.257721114 ], [ 36.234039185000086, 8.235884987000134 ], [ 36.159628691000194, 8.216660025000181 ], [ 36.095965416000183, 8.240480379000189 ], [ 36.082745133000117, 8.265151117000073 ], [ 36.087263387000064, 8.315991054000108 ], [ 36.045021561000112, 8.337214456000027 ], [ 36.00066428700012, 8.402845966000086 ], [ 36.005954625000129, 8.444175181000105 ], [ 35.991592796000134, 8.442325816000107 ], [ 35.998356950000073, 8.471350731000086 ], [ 35.980186595000077, 8.549486308000098 ], [ 35.992372964000026, 8.569135472000141 ], [ 35.980624716000136, 8.632841620000079 ], [ 35.947475303000147, 8.628334272000131 ], [ 35.907593563999967, 8.673751166000102 ], [ 35.879101614000149, 8.666378641000165 ], [ 35.856660643000112, 8.68024514800004 ], [ 35.858922577000044, 8.700576802000057 ], [ 35.875292198000068, 8.708077895000145 ], [ 35.868000597999981, 8.725365860000181 ], [ 35.892214989000024, 8.728074004000064 ], [ 35.923601505000136, 8.753980123000076 ], [ 35.922574221000048, 8.779298368000184 ], [ 35.890245303000142, 8.787195842000074 ], [ 35.880953575000149, 8.797496648000106 ], [ 35.887545761000069, 8.817092631000094 ], [ 35.868113870000116, 8.820536890000028 ], [ 35.887395624000192, 8.839564355000107 ], [ 35.920496336000156, 8.829863390000071 ], [ 35.946873983000103, 8.865028444000131 ], [ 35.93596559700012, 8.87641019300014 ], [ 35.956942471000104, 8.880650592999984 ], [ 35.97770838800011, 8.914213316000087 ], [ 36.01731407900013, 8.907835591000094 ], [ 36.05109232500007, 9.017041518000099 ], [ 36.086545823000165, 9.012616791000028 ], [ 36.09395163500011, 9.026676048000013 ], [ 36.156882181000128, 9.02067245000012 ], [ 36.148687703000178, 9.003750608000132 ], [ 36.177153744000066, 8.979810881000105 ], [ 36.21185495400016, 8.958108790000097 ], [ 36.235670391000042, 8.96725994000019 ], [ 36.293108632000155, 8.893225480000126 ], [ 36.323287637000021, 8.882064863000153 ], [ 36.33562476000003, 8.844717805000187 ], [ 36.352418120000038, 8.839219136000054 ], [ 36.35163744200014, 8.807132510000145 ], [ 36.377096627000128, 8.79239367800011 ], [ 36.382898047000026, 8.761125957000161 ], [ 36.408380060000127, 8.733055261000175 ], [ 36.419877640000038, 8.654288984000061 ], [ 36.440726808000079, 8.626696656000036 ], [ 36.506699210000079, 8.590359882000143 ], [ 36.524516031000132, 8.591765856000109 ], [ 36.53649806500016, 8.559182983000085 ], [ 36.556594455000095, 8.575042119000102 ], [ 36.598709687000053, 8.571983725000166 ], [ 36.627096581000103, 8.546503227000073 ], [ 36.613735004000034, 8.529736984000067 ], [ 36.660639924000179, 8.531342964000089 ], [ 36.699867890000178, 8.470168805000185 ], [ 36.722414750000155, 8.463382262000039 ], [ 36.721592661999978, 8.416324189000136 ], [ 36.739121927000099, 8.396828415000186 ], [ 36.730598165, 8.388242669000135 ], [ 36.751766187000158, 8.290034694000042 ], [ 36.743696940000177, 8.270223627 ], [ 36.760412626000175, 8.255265843000188 ], [ 36.793450807, 8.258964535000132 ], [ 36.789614031000156, 8.229843684 ] ] ] } },
{ "type": "Feature", "properties": { "adm2_name": "West Arsi", "adm2_name1": null, "adm2_name2": null, "adm2_name3": null, "adm2_pcode": "ET0417", "adm1_name": "Oromia", "adm1_name1": null, "adm1_name2": null, "adm1_name3": null, "adm1_pcode": "ET04", "adm0_name": "Ethiopia", "adm0_name1": null, "adm0_name2": null, "adm0_name3": null, "adm0_pcode": "ET", "valid_on": "2025-01-01", "valid_to": null, "area_sqkm": 12578.28432183, "version": "v04", "lang": "en", "lang1": null, "lang2": null, "lang3": null, "adm2_ref_n": null, "center_lat": null, "center_lon": null, "adm2_alt_n": null }, "geometry": { "type": "Polygon", "coordinates": [ [ [ 38.668000970000094, 7.05985724400017 ], [ 38.63695117400016, 7.06609754699997 ], [ 38.64617113900016, 7.09554310600015 ], [ 38.611491380000189, 7.124180187000036 ], [ 38.583641554000167, 7.126290302000086 ], [ 38.546114525000178, 7.090876842000057 ], [ 38.480022182000084, 7.090398776000143 ], [ 38.460022326000114, 7.118190046000109 ], [ 38.378072847000055, 7.129760635000082 ], [ 38.342193101000191, 7.164452227000027 ], [ 38.321894933000067, 7.161742447 ], [ 38.237920596000095, 7.02005471300015 ], [ 38.193793906000167, 7.012345484000093 ], [ 38.146584174000054, 6.977463948000036 ], [ 38.117114364000145, 6.98091412500014 ], [ 38.064154741000038, 7.043386989000112 ], [ 38.0614289990001, 7.072213040000179 ], [ 38.086965242000133, 7.194943441000134 ], [ 38.265210099000058, 7.306723977000104 ], [ 38.28152741700012, 7.338683435000178 ], [ 38.279442839000126, 7.380599418000031 ], [ 38.31891194300016, 7.41416739500005 ], [ 38.327244892000124, 7.461681727000155 ], [ 38.341228791000162, 7.478579378 ], [ 38.426748651000139, 7.514721252000072 ], [ 38.419043576000092, 7.569160510000131 ], [ 38.458430167000131, 7.590980379000086 ], [ 38.458697457000028, 7.610449689000177 ], [ 38.499159063000093, 7.634498973000177 ], [ 38.545776811999986, 7.685335377000172 ], [ 38.612507559000164, 7.667242307000038 ], [ 38.710183988000153, 7.679583101999981 ], [ 38.736451989000102, 7.695803265000109 ], [ 38.747943539, 7.674387254000123 ], [ 38.751232425000183, 7.693231359000094 ], [ 38.779368232000138, 7.688673890000075 ], [ 38.75730567800008, 7.671100697000099 ], [ 38.78804592400013, 7.667555994000168 ], [ 38.798945475000039, 7.647758089000149 ], [ 38.810406594000028, 7.699381449000043 ], [ 38.848378696000168, 7.707185998 ], [ 38.875950585000055, 7.692757333000145 ], [ 38.87708418800014, 7.672866144000068 ], [ 38.896253554000111, 7.667485307000106 ], [ 38.884387324000045, 7.634935423000059 ], [ 38.891751727000042, 7.601720893000049 ], [ 38.871864376000076, 7.578733874000136 ], [ 38.886303042000122, 7.574985716000185 ], [ 38.872973672000171, 7.493979512000067 ], [ 38.863384242000052, 7.472949959000061 ], [ 38.849409147000074, 7.472865428000091 ], [ 38.861460412000042, 7.45505536800016 ], [ 38.841688907000105, 7.413294744000041 ], [ 38.855636794000134, 7.409420293000039 ], [ 38.859998834000123, 7.388655751000044 ], [ 38.849780126000155, 7.352260448999971 ], [ 38.879433455000083, 7.350782627000115 ], [ 38.906291998000029, 7.326582519000056 ], [ 38.944159457000183, 7.336569163000036 ], [ 38.971281539000188, 7.321086674000185 ], [ 39.026610453000103, 7.330294980000019 ], [ 39.054994013000055, 7.353025432000152 ], [ 39.069083420000084, 7.343628102000082 ], [ 39.127185175000193, 7.361876005000113 ], [ 39.123611001000029, 7.347369288000039 ], [ 39.169384340000022, 7.362282048000054 ], [ 39.209437576000084, 7.32893379 ], [ 39.209199329000171, 7.278151157000138 ], [ 39.220963321999989, 7.294311292999964 ], [ 39.236198486999967, 7.288661069 ], [ 39.272049770000081, 7.305235130000085 ], [ 39.305220450000149, 7.26864487000006 ], [ 39.331716394000068, 7.273840207000148 ], [ 39.337494327000059, 7.251670762000174 ], [ 39.420317774000125, 7.175623742000084 ], [ 39.447796445000108, 7.181182982000109 ], [ 39.445162058000165, 7.213810943000169 ], [ 39.499425783000106, 7.287448189000031 ], [ 39.49773734300004, 7.354133983000111 ], [ 39.524124518000121, 7.398292703000038 ], [ 39.5356609050001, 7.351827038000067 ], [ 39.577483797000184, 7.36313208200005 ], [ 39.586550637000073, 7.326763454000059 ], [ 39.63338307500004, 7.277191957000184 ], [ 39.634700674999976, 7.252590632000079 ], [ 39.688882493000051, 7.219768022000039 ], [ 39.692932585000108, 7.19142078200008 ], [ 39.664595731000134, 7.191015889000028 ], [ 39.628216788000088, 7.147867869000095 ], [ 39.593524076000165, 7.141170204000048 ], [ 39.602766569000096, 7.125607506000051 ], [ 39.616632427000184, 7.127239277000172 ], [ 39.612720564000085, 7.103818662000094 ], [ 39.623233846000062, 7.090641156000117 ], [ 39.655752326000027, 7.081491523000068 ], [ 39.660809025000162, 7.053727625000022 ], [ 39.673665344000142, 7.052731048000112 ], [ 39.680097650000164, 7.035862077000104 ], [ 39.67482967300009, 7.013197489000163 ], [ 39.71942946900009, 7.018378594000126 ], [ 39.709953848000055, 6.992750594000086 ], [ 39.73133481300016, 6.97143202400008 ], [ 39.729220352000084, 6.951585210000189 ], [ 39.770714578000025, 6.91512284099997 ], [ 39.740438630000142, 6.870785240000089 ], [ 39.685175817000129, 6.836078164000071 ], [ 39.615607613000122, 6.7613005770001 ], [ 39.644106837000038, 6.713081387000102 ], [ 39.64135721700012, 6.690209967999976 ], [ 39.598323465000192, 6.690689525000153 ], [ 39.579674191000095, 6.671067503000017 ], [ 39.528747313000054, 6.71997311500013 ], [ 39.520206506000136, 6.714169634000029 ], [ 39.509485808000193, 6.674403498000117 ], [ 39.469533278000142, 6.66481471000003 ], [ 39.427625014000057, 6.619503116000089 ], [ 39.426917435000064, 6.544691001000103 ], [ 39.401198178000186, 6.555539637000152 ], [ 39.340745140000138, 6.51994327500006 ], [ 39.337699153000131, 6.474031223000054 ], [ 39.29651855100002, 6.429959131000032 ], [ 39.27935142299998, 6.369287796000094 ], [ 39.25218880400007, 6.372210281000093 ], [ 39.215774979000173, 6.307873256999983 ], [ 39.177650137000171, 6.284249868000188 ], [ 39.137831074000189, 6.324578443 ], [ 39.139149515000156, 6.355671409000138 ], [ 39.125266528000111, 6.356956690000175 ], [ 39.095397734000073, 6.472090315000059 ], [ 39.096617764000086, 6.521612558000072 ], [ 39.086217855000143, 6.545168636000085 ], [ 39.052568086000122, 6.556984197000133 ], [ 39.048448124000117, 6.569824785000094 ], [ 39.059308084, 6.608786533999989 ], [ 38.959640225000101, 6.60087935100006 ], [ 38.941678844000194, 6.61033670900008 ], [ 38.949423820999982, 6.643803218000073 ], [ 38.934424959000125, 6.655611414000077 ], [ 38.837751030000163, 6.674915718000022 ], [ 38.817929714000059, 6.703611031000094 ], [ 38.742290194000077, 6.700940976000084 ], [ 38.705550464000112, 6.742042868 ], [ 38.635670932000096, 6.771714267 ], [ 38.639853442000117, 6.812686850000034 ], [ 38.714084698000136, 6.860577375000048 ], [ 38.694770716000107, 6.957492603000048 ], [ 38.711167949000128, 6.973757076000084 ], [ 38.710500658000058, 7.012985094000044 ], [ 38.677412797000159, 7.005354711000109 ], [ 38.684450746000095, 7.033951444000024 ], [ 38.668000970000094, 7.05985724400017 ] ] ] } },
{ "type": "Feature", "properties": { "adm2_name": "Kelem Wellega", "adm2_name1": null, "adm2_name2": null, "adm2_name3": null, "adm2_pcode": "ET0418", "adm1_name": "Oromia", "adm1_name1": null, "adm1_name2": null, "adm1_name3": null, "adm1_pcode": "ET04", "adm0_name": "Ethiopia", "adm0_name1": null, "adm0_name2": null, "adm0_name3": null, "adm0_pcode": "ET", "valid_on": "2025-01-01", "valid_to": null, "area_sqkm": 9665.1401107999991, "version": "v04", "lang": "en", "lang1": null, "lang2": null, "lang3": null, "adm2_ref_n": null, "center_lat": null, "center_lon": null, "adm2_alt_n": null }, "geometry": { "type": "Polygon", "coordinates": [ [ [ 35.000072202000069, 8.486667780000062 ], [ 34.952743025000075, 8.353883962999987 ], [ 34.98204032100017, 8.327666160000092 ], [ 34.965044641000077, 8.24721609900007 ], [ 34.855094825000037, 8.250647129000129 ], [ 34.826427111000044, 8.261935566000034 ], [ 34.785803330000135, 8.303639340000018 ], [ 34.795072045999973, 8.326909195999974 ], [ 34.785250433000101, 8.355242661000148 ], [ 34.728751828000156, 8.390022244000022 ], [ 34.574273499000071, 8.403479556999969 ], [ 34.556526754000117, 8.455134120000082 ], [ 34.522687101000031, 8.475544933000037 ], [ 34.347280143000148, 8.376647333000165 ], [ 34.313296408000042, 8.389928504000125 ], [ 34.358223376000126, 8.522043527999983 ], [ 34.345471368000176, 8.600099974000102 ], [ 34.312429023000107, 8.682099813000093 ], [ 34.279388977, 8.708837029000108 ], [ 34.189639021000119, 8.651632735000078 ], [ 34.124245703000042, 8.651479982000126 ], [ 34.134406861000059, 8.9625607750001 ], [ 34.430651004000083, 8.967436632000044 ], [ 34.503707991000169, 9.004134039000178 ], [ 34.458330016000161, 9.073183166000092 ], [ 34.426835009000115, 9.071795454000039 ], [ 34.379004717000157, 9.130610478999984 ], [ 34.420917418000101, 9.153892158000133 ], [ 34.486183263000044, 9.150103325000089 ], [ 34.527756572000158, 9.188731027000131 ], [ 34.590828208000175, 9.139799314000072 ], [ 34.69866601300015, 9.174889399999984 ], [ 34.777821553000081, 9.173628319000045 ], [ 34.791459, 9.249562326000103 ], [ 34.822108163999985, 9.239864680000096 ], [ 34.829920812000182, 9.256112967999968 ], [ 34.851575724000099, 9.251444634999984 ], [ 34.871760901000187, 9.263933099000155 ], [ 34.872678877000112, 9.291720107000117 ], [ 34.922110687000099, 9.34833092100007 ], [ 34.918305126000064, 9.39913737300003 ], [ 34.940311020000081, 9.400735463000103 ], [ 34.925752451000108, 9.39014846300006 ], [ 34.931366922000052, 9.360126755000124 ], [ 34.976829593000161, 9.353172307000079 ], [ 35.013005400000111, 9.313444466000021 ], [ 35.05515764800009, 9.315834412000072 ], [ 35.127066610000099, 9.259166609000147 ], [ 35.137952084000176, 9.229179148000071 ], [ 35.124866806000171, 9.215501186000097 ], [ 35.188242745000025, 9.104895733999967 ], [ 35.197068422000086, 9.115842481000072 ], [ 35.22021635800013, 9.096511378000116 ], [ 35.233944879000148, 9.110459707000189 ], [ 35.263337447000083, 9.078276668 ], [ 35.280250967000086, 9.093275114000051 ], [ 35.278762214000096, 9.070708094000111 ], [ 35.312900303, 9.058430259999966 ], [ 35.343713090000165, 9.005828847000089 ], [ 35.337393148, 8.962223060000156 ], [ 35.350763816000153, 8.944729228000085 ], [ 35.364076483000076, 8.950557654000022 ], [ 35.378544556000122, 8.93647723000015 ], [ 35.398472846, 8.94764189600005 ], [ 35.41120658900013, 8.912394658999972 ], [ 35.439991654000039, 8.91535948700016 ], [ 35.451653165000039, 8.90491227800004 ], [ 35.439466866000089, 8.888586244000123 ], [ 35.443761284000175, 8.859692961 ], [ 35.424383049000028, 8.846099124000148 ], [ 35.440369044000136, 8.822345929000051 ], [ 35.410705233000044, 8.814243822000037 ], [ 35.400110431000087, 8.800396109000076 ], [ 35.409253666000154, 8.775662818000114 ], [ 35.372633846000099, 8.758870699000113 ], [ 35.363467732000061, 8.738556336000158 ], [ 35.308290073000137, 8.747887261000074 ], [ 35.282911588000047, 8.732928898000125 ], [ 35.273082567000074, 8.753074059000085 ], [ 35.254806522000024, 8.755909450000104 ], [ 35.234169947999987, 8.721741218000091 ], [ 35.214835159000131, 8.756815250000102 ], [ 35.204806444000155, 8.731573816000093 ], [ 35.147972840000079, 8.692441962000089 ], [ 35.143990830000121, 8.667161509000096 ], [ 35.123965435000116, 8.662498346000177 ], [ 35.115689173000135, 8.614517818000081 ], [ 35.200596801000131, 8.540435602000116 ], [ 35.189449441000079, 8.540546592999988 ], [ 35.18144554200012, 8.510918071000049 ], [ 35.115248302000168, 8.498252692999984 ], [ 35.050129887000026, 8.520764768000049 ], [ 35.032563497000183, 8.513716176000059 ], [ 35.029655379000076, 8.49483476600011 ], [ 35.000072202000069, 8.486667780000062 ] ] ] } },
{ "type": "Feature", "properties": { "adm2_name": "Horo Gudru Wellega", "adm2_name1": null, "adm2_name2": null, "adm2_name3": null, "adm2_pcode": "ET0419", "adm1_name": "Oromia", "adm1_name1": null, "adm1_name2": null, "adm1_name3": null, "adm1_pcode": "ET04", "adm0_name": "Ethiopia", "adm0_name1": null, "adm0_name2": null, "adm0_name3": null, "adm0_pcode": "ET", "valid_on": "2025-01-01", "valid_to": null, "area_sqkm": 8166.7831047500003, "version": "v04", "lang": "en", "lang1": null, "lang2": null, "lang3": null, "adm2_ref_n": null, "center_lat": null, "center_lon": null, "adm2_alt_n": null }, "geometry": { "type": "Polygon", "coordinates": [ [ [ 37.312363850000111, 9.16427637400011 ], [ 37.15432299400004, 9.253194414000063 ], [ 37.156460477000053, 9.267930598000078 ], [ 37.11327478600009, 9.30768742500004 ], [ 37.088224440000033, 9.302439164000191 ], [ 37.077293331000021, 9.329250815000023 ], [ 37.067467554000189, 9.321837939000034 ], [ 37.072579907000147, 9.348992449000093 ], [ 37.052156169000114, 9.379059827999981 ], [ 37.063257265000061, 9.425828399000125 ], [ 37.034923255000137, 9.427589860000126 ], [ 37.031471848000137, 9.458619411000029 ], [ 36.998285459000044, 9.448975426000118 ], [ 36.955204644000048, 9.470629180000117 ], [ 36.917971735000037, 9.441272638000157 ], [ 36.883816922000165, 9.488134848000129 ], [ 36.82967609200017, 9.461327807000146 ], [ 36.831182215000183, 9.433101831999977 ], [ 36.79518437400003, 9.411922129000061 ], [ 36.754207744000098, 9.42378409600019 ], [ 36.733701686000018, 9.416566575000104 ], [ 36.661716436000063, 9.505996195000137 ], [ 36.666431492000129, 9.586402237000129 ], [ 36.679752722000103, 9.602890259000105 ], [ 36.673172621, 9.634037391000106 ], [ 36.69140279200019, 9.673531803000117 ], [ 36.721881980000148, 9.688966506999975 ], [ 36.763725905000115, 9.688524524000115 ], [ 36.782539419000102, 9.708445625000024 ], [ 36.775449804000175, 9.741708571000061 ], [ 36.791361623000171, 9.759769749000043 ], [ 36.875808340000106, 9.779580816000077 ], [ 36.922254238000107, 9.820832099000029 ], [ 36.904627162, 9.849904763000154 ], [ 36.915238890000182, 9.858979004 ], [ 36.906866501000138, 9.896056956000052 ], [ 36.929001703000154, 9.917054588000155 ], [ 36.907646802000102, 9.904008842000053 ], [ 36.896454930000118, 9.915393381000115 ], [ 36.920003077000104, 9.954536663000169 ], [ 36.894088948999979, 9.977516601000161 ], [ 36.91707360900017, 10.003571472000033 ], [ 36.911994575000051, 10.016811542000085 ], [ 36.893554544000096, 10.017747320000012 ], [ 36.900480854000136, 10.058682649000161 ], [ 36.886096631000044, 10.101860421000083 ], [ 36.897341701000187, 10.133319203000099 ], [ 36.886624420000089, 10.162812626000118 ], [ 36.847479651000185, 10.183217965000154 ], [ 36.865402570000128, 10.250308178000182 ], [ 36.850969885000154, 10.259149725000157 ], [ 36.817007813000089, 10.341741558000081 ], [ 36.869241516000159, 10.340692899000089 ], [ 36.89796121, 10.312848153000118 ], [ 36.97992079900007, 10.314026481000099 ], [ 37.013265300000057, 10.28493867300017 ], [ 37.045871990000194, 10.288399330000061 ], [ 37.087101871000186, 10.259494065000013 ], [ 37.181811114000141, 10.241264534000095 ], [ 37.199896749000061, 10.223296519000144 ], [ 37.167702323000071, 10.16327334600004 ], [ 37.21331582300013, 10.087907831000109 ], [ 37.287711844000171, 10.062879183000121 ], [ 37.329539616000147, 10.00584845200018 ], [ 37.344751172000031, 10.005818236000152 ], [ 37.356983174000106, 10.040231709000125 ], [ 37.398275411999975, 10.046150453000109 ], [ 37.444469594000111, 10.014559267000152 ], [ 37.529236929000092, 9.996176773000059 ], [ 37.557232403000114, 9.953861312000186 ], [ 37.586934200000144, 9.939397922000182 ], [ 37.592396684, 9.918764587000169 ], [ 37.669121203000145, 9.860175029000118 ], [ 37.636731200000099, 9.833389895999971 ], [ 37.642132615000151, 9.751218873000028 ], [ 37.616302207999979, 9.671231728000123 ], [ 37.62910080000006, 9.625703637000186 ], [ 37.616668305000189, 9.597992767999983 ], [ 37.620696537000072, 9.542658931000119 ], [ 37.637738991000106, 9.509813553000129 ], [ 37.635325030000104, 9.454102231000036 ], [ 37.664447165000126, 9.415740160000041 ], [ 37.647806180000032, 9.363205771000139 ], [ 37.604360303000192, 9.34787057200009 ], [ 37.578347833000123, 9.31670660900005 ], [ 37.498203798000077, 9.329217985000128 ], [ 37.46676355600016, 9.31991289500013 ], [ 37.417862496000055, 9.244894366999972 ], [ 37.389508221000142, 9.163064466000037 ], [ 37.312363850000111, 9.16427637400011 ] ] ] } },
{ "type": "Feature", "properties": { "adm2_name": "Shager City", "adm2_name1": null, "adm2_name2": null, "adm2_name3": null, "adm2_pcode": "ET0420", "adm1_name": "Oromia", "adm1_name1": null, "adm1_name2": null, "adm1_name3": null, "adm1_pcode": "ET04", "adm0_name": "Ethiopia", "adm0_name1": null, "adm0_name2": null, "adm0_name3": null, "adm0_pcode": "ET", "valid_on": "2025-01-01", "valid_to": null, "area_sqkm": 1500.1558770300001, "version": "v04", "lang": "en", "lang1": null, "lang2": null, "lang3": null, "adm2_ref_n": null, "center_lat": null, "center_lon": null, "adm2_alt_n": null }, "geometry": { "type": "Polygon", "coordinates": [ [ [ 38.706345663000093, 8.771228243999985 ], [ 38.65118805000003, 8.766287986000179 ], [ 38.628766982000116, 8.812015526000039 ], [ 38.601257963000194, 8.807392503000074 ], [ 38.515922108000041, 8.850389842000084 ], [ 38.529394818000071, 8.916324146000136 ], [ 38.545569416999967, 8.938571864000096 ], [ 38.521535096000093, 8.95581081 ], [ 38.523357112000042, 8.984330283000133 ], [ 38.552213472, 9.013428923000049 ], [ 38.526997490000156, 9.035842806000176 ], [ 38.547380071000077, 9.073133350999967 ], [ 38.544160010000155, 9.115732703000049 ], [ 38.619925111000157, 9.16143388100005 ], [ 38.665161305000026, 9.151627304000158 ], [ 38.672519787000113, 9.175207322 ], [ 38.705984258000115, 9.187308393000023 ], [ 38.719503343000042, 9.215883987000041 ], [ 38.739401454000131, 9.207819816000097 ], [ 38.751751500000069, 9.231954484000028 ], [ 38.857565124000189, 9.185792701000025 ], [ 38.946244588000127, 9.199445121000053 ], [ 38.944690602000151, 9.166945661000057 ], [ 39.003756525000085, 9.093306851000079 ], [ 38.990203978000068, 9.067864211000085 ], [ 39.003712891000191, 9.038013341000067 ], [ 38.997491259000014, 9.01759495400006 ], [ 38.967501873000117, 9.005788516 ], [ 38.990349990000084, 8.959810274000176 ], [ 38.969573815000103, 8.938856690000023 ], [ 38.979621299000087, 8.935317822000115 ], [ 38.963231719000078, 8.880459338000094 ], [ 38.939489440000045, 8.838088619000018 ], [ 38.886861159000034, 8.845701622000149 ], [ 38.862401826000166, 8.80831645100011 ], [ 38.823410326000044, 8.78809915000005 ], [ 38.79726710500006, 8.79333009100003 ], [ 38.786723266000138, 8.777066024000021 ], [ 38.753975168000181, 8.791781790000073 ], [ 38.706345663000093, 8.771228243999985 ] ], [ [ 38.68540800500017, 9.073027127000103 ], [ 38.667036364000012, 9.010027781000019 ], [ 38.651942039000176, 9.010284438000042 ], [ 38.654644678000068, 8.976936648000049 ], [ 38.639405387000068, 8.97403583300013 ], [ 38.743589381, 8.902585569000166 ], [ 38.745517604000099, 8.86342367300017 ], [ 38.772991760000139, 8.857467391000114 ], [ 38.780594873000155, 8.835919558000057 ], [ 38.797583928000108, 8.833485285000165 ], [ 38.824393004000171, 8.841332266000109 ], [ 38.826001429000087, 8.880187270000135 ], [ 38.863808972000072, 8.882850647000112 ], [ 38.868717092000054, 8.873035683000182 ], [ 38.879447092000078, 8.918314232000114 ], [ 38.855555243000026, 8.938292853000178 ], [ 38.896759233000125, 8.937026941000056 ], [ 38.90624370900008, 8.977418691000025 ], [ 38.876320806000194, 9.081584122000095 ], [ 38.791311791999988, 9.077681516000155 ], [ 38.765214224000033, 9.098150301000089 ], [ 38.68540800500017, 9.073027127000103 ] ] ] } },
{ "type": "Feature", "properties": { "adm2_name": "East Bale", "adm2_name1": null, "adm2_name2": null, "adm2_name3": null, "adm2_pcode": "ET0421", "adm1_name": "Oromia", "adm1_name1": null, "adm1_name2": null, "adm1_name3": null, "adm1_pcode": "ET04", "adm0_name": "Ethiopia", "adm0_name1": null, "adm0_name2": null, "adm0_name3": null, "adm0_pcode": "ET", "valid_on": "2025-01-01", "valid_to": null, "area_sqkm": 25292.45429618, "version": "v04", "lang": "en", "lang1": null, "lang2": null, "lang3": null, "adm2_ref_n": null, "center_lat": null, "center_lon": null, "adm2_alt_n": null }, "geometry": { "type": "Polygon", "coordinates": [ [ [ 41.071207651000179, 6.687897910000174 ], [ 41.015537354, 6.644558033000067 ], [ 40.900056653000036, 6.511638298000094 ], [ 40.860356352000167, 6.436198390000129 ], [ 40.863962389000164, 6.35103013700018 ], [ 40.824316741000075, 6.350110562 ], [ 40.805196343000091, 6.327686340000014 ], [ 40.763904361000073, 6.407695390000072 ], [ 40.67313021300015, 6.477522659999977 ], [ 40.640372168, 6.549419311000179 ], [ 40.661739958000169, 6.60535782400018 ], [ 40.645387027000083, 6.648175068000114 ], [ 40.66301338400018, 6.668849512000122 ], [ 40.643307237000101, 6.722644422000087 ], [ 40.692054754000026, 6.730303928000012 ], [ 40.753550507000114, 6.777321487000165 ], [ 40.748214249000171, 6.802726586000119 ], [ 40.767716363000147, 6.817733647000068 ], [ 40.754586186999973, 6.869376547000172 ], [ 40.76476619400006, 6.889155201000108 ], [ 40.725666574, 6.891156452000018 ], [ 40.701480330999971, 6.919110578000129 ], [ 40.721824095000159, 6.943867971000032 ], [ 40.706808986000112, 6.972975722000115 ], [ 40.654942977000076, 6.990900851000049 ], [ 40.646346849000111, 7.020148049000056 ], [ 40.616583539000032, 7.030647313000145 ], [ 40.613430091000055, 7.101899991000039 ], [ 40.567522207000025, 7.111100337000096 ], [ 40.533026893000113, 7.153177641000127 ], [ 40.50705611900014, 7.120510402000036 ], [ 40.466733747000035, 7.142818962000035 ], [ 40.433716046000086, 7.13863695200007 ], [ 40.46995205200011, 7.125425305000022 ], [ 40.472214083000154, 7.109701251 ], [ 40.454643472000043, 7.107066368000062 ], [ 40.460789124000144, 7.095561261000114 ], [ 40.434039061000078, 7.121054676000142 ], [ 40.400851800000112, 7.12551067000004 ], [ 40.39161227600016, 7.115247379000039 ], [ 40.360556617000043, 7.170794511000054 ], [ 40.294985530000076, 7.194219979000138 ], [ 40.275522487000046, 7.251731798000094 ], [ 40.336808024000163, 7.313043979000042 ], [ 40.322757824000064, 7.327105757000027 ], [ 40.322449491000043, 7.350921506000134 ], [ 40.36493912200018, 7.357271544000071 ], [ 40.370656293000081, 7.368173463000176 ], [ 40.368939101000137, 7.397067919000108 ], [ 40.354196553000122, 7.388786999000104 ], [ 40.330452884000124, 7.400103319999971 ], [ 40.360236634000103, 7.41225343800005 ], [ 40.347095246000094, 7.414106961000016 ], [ 40.3579426, 7.437965549000012 ], [ 40.339614593000135, 7.42618786800017 ], [ 40.337892219000082, 7.444782967000094 ], [ 40.372221082000124, 7.465009340000051 ], [ 40.384715232000076, 7.489153490000092 ], [ 40.341634826000188, 7.570190646000071 ], [ 40.42918141500013, 7.632387286000153 ], [ 40.462901663000025, 7.632096017000094 ], [ 40.509756767000113, 7.658202731000131 ], [ 40.550399285000083, 7.649541909000106 ], [ 40.585234344000128, 7.743741375000127 ], [ 40.604491548000055, 7.749075736000123 ], [ 40.639434231000109, 7.800969920000057 ], [ 40.709379733000048, 7.825477711000076 ], [ 40.74033440200003, 7.927017137000178 ], [ 40.783752714000173, 7.953705928000147 ], [ 40.8127042590001, 7.963708948000033 ], [ 40.916337563000127, 7.956105077000132 ], [ 40.936770512000123, 7.96935751 ], [ 40.977143655000077, 7.970917693000047 ], [ 40.989746802000013, 7.995409677000055 ], [ 41.05176479000005, 8.011399203 ], [ 41.097933391000083, 8.07166351800015 ], [ 41.14602697700019, 8.085375806000172 ], [ 41.206426623000084, 8.135372541000038 ], [ 41.219971175000012, 8.12346766200011 ], [ 41.33290471700019, 8.158140127000024 ], [ 41.417363900000112, 8.11315085800004 ], [ 41.493683235000105, 8.131690377000041 ], [ 41.522255382000139, 8.07705394300001 ], [ 41.536554599000112, 7.935294831000135 ], [ 41.558954621000055, 7.921731990000126 ], [ 41.57158199700018, 7.847960018000151 ], [ 41.587557259000164, 7.862449767000044 ], [ 41.603729864000059, 7.841168023000137 ], [ 41.612411089000091, 7.787159901000052 ], [ 41.60388328199997, 7.766905490000113 ], [ 41.623327546000155, 7.733572248000087 ], [ 41.673849605000157, 7.695422298000096 ], [ 41.676489378000156, 7.670390106000184 ], [ 41.705680036000103, 7.658545516000174 ], [ 41.700739847000193, 7.634004438000034 ], [ 41.752910706000193, 7.612868507000144 ], [ 41.819440329000031, 7.561812741000097 ], [ 41.846082727000123, 7.557009937000089 ], [ 41.867460991000087, 7.53123321400011 ], [ 41.896122317000106, 7.411205596000059 ], [ 42.19911009600014, 7.291440179000119 ], [ 42.209853015000192, 7.264004914 ], [ 42.204702686000132, 7.141035027000157 ], [ 42.157612300000096, 7.051325216000123 ], [ 42.162642213000026, 7.007115234000025 ], [ 42.076231629000176, 6.886735527999974 ], [ 42.055531229, 6.748755663000054 ], [ 41.999180790000082, 6.641615850000107 ], [ 41.999540669000055, 6.589845874000105 ], [ 41.887980170999981, 6.535346155000184 ], [ 41.860730083000078, 6.535341221000124 ], [ 41.853665850000084, 6.568909076000125 ], [ 41.819660021000061, 6.570476295 ], [ 41.757879747000175, 6.540536444000168 ], [ 41.690329268000085, 6.429416634000177 ], [ 41.633348992000094, 6.3913867710001 ], [ 41.619688883000094, 6.361716810000019 ], [ 41.528008793000026, 6.464936979000072 ], [ 41.43778865400003, 6.543967151000061 ], [ 41.228468081000187, 6.623007581000081 ], [ 41.131027873000107, 6.691257775999986 ], [ 41.071207651000179, 6.687897910000174 ] ] ] } },
{ "type": "Feature", "properties": { "adm2_name": "East Borena", "adm2_name1": null, "adm2_name2": null, "adm2_name3": null, "adm2_pcode": "ET0422", "adm1_name": "Oromia", "adm1_name1": null, "adm1_name2": null, "adm1_name3": null, "adm1_pcode": "ET04", "adm0_name": "Ethiopia", "adm0_name1": null, "adm0_name2": null, "adm0_name3": null, "adm0_pcode": "ET", "valid_on": "2025-01-01", "valid_to": null, "area_sqkm": 29055.884429220001, "version": "v04", "lang": "en", "lang1": null, "lang2": null, "lang3": null, "adm2_ref_n": null, "center_lat": null, "center_lon": null, "adm2_alt_n": null }, "geometry": { "type": "Polygon", "coordinates": [ [ [ 39.585778237999989, 4.29653919499998 ], [ 39.393512440000052, 4.134457984000051 ], [ 39.29748713000015, 4.108847118000028 ], [ 39.132849049000185, 4.106255020000106 ], [ 39.049601028000154, 4.028949446000126 ], [ 39.047820538000053, 4.005108048000125 ], [ 38.825780549000115, 4.013741400000185 ], [ 38.796494197000072, 4.018096078000042 ], [ 38.76358701800001, 4.071407811000142 ], [ 38.744291711000017, 4.05130751300004 ], [ 38.702719606000187, 4.069356028000129 ], [ 38.582819852000057, 4.152846443000158 ], [ 38.450843241000143, 4.132746355000108 ], [ 38.445823623000138, 4.180311992999975 ], [ 38.420603671000094, 4.205324746000031 ], [ 38.434530030000133, 4.260557296000115 ], [ 38.396962780000081, 4.266442101000052 ], [ 38.390490754000155, 4.313038123000183 ], [ 38.461473374000093, 4.366691376000063 ], [ 38.461570022000103, 4.400207093 ], [ 38.481192291000184, 4.406754694000085 ], [ 38.445961391000139, 4.450861803000066 ], [ 38.428934658000117, 4.511159803999988 ], [ 38.389834639000128, 4.574508974000025 ], [ 38.439036676000171, 4.647106667000116 ], [ 38.440829343000075, 4.773527218000027 ], [ 38.467748566000068, 4.795772652000153 ], [ 38.449598887000036, 4.838505492000081 ], [ 38.459767969000154, 4.994263137000132 ], [ 38.450923235000175, 5.041041986000039 ], [ 38.518813967000085, 5.042776697000136 ], [ 38.545822703000169, 5.068296144000158 ], [ 38.588636957000062, 5.070874227000047 ], [ 38.610137052000027, 5.100022964000118 ], [ 38.662370251000027, 5.120267361000117 ], [ 38.694748026000184, 5.105349200000092 ], [ 38.712672162000104, 5.059405322000089 ], [ 38.731163972000161, 5.056920425000101 ], [ 38.739305454000032, 5.073633065000024 ], [ 38.771961933000114, 5.06952884400016 ], [ 38.792765803000123, 5.10467029299997 ], [ 38.812678690999974, 5.091704413000116 ], [ 38.804030118000185, 5.115204589000086 ], [ 38.822402059000183, 5.150296533000187 ], [ 38.858352171000035, 5.166245307000111 ], [ 38.909976275000133, 5.109292671000162 ], [ 38.904725731000042, 5.100292858000103 ], [ 38.916420451000079, 5.119345679000105 ], [ 38.947741223000037, 5.119157530000052 ], [ 38.984810136000192, 5.141738789000158 ], [ 39.011854311000036, 5.124374062000015 ], [ 39.017323921000184, 5.095875472000159 ], [ 39.065521059000105, 5.047450972999968 ], [ 39.109676289999982, 5.05082952600003 ], [ 39.137407775999975, 5.137751193000099 ], [ 39.158363091000012, 5.13445348 ], [ 39.1463175290001, 5.159911708000038 ], [ 39.191088765000075, 5.264010457000097 ], [ 39.214811363000194, 5.367299132000085 ], [ 39.229706793000048, 5.374081309000189 ], [ 39.235930737000047, 5.44933455600011 ], [ 39.261878909000075, 5.495973652999965 ], [ 39.21838879600017, 5.551966794000066 ], [ 39.228355211000121, 5.564073203000135 ], [ 39.222491351000031, 5.661339632000136 ], [ 39.250273354000058, 5.676497874 ], [ 39.304848557000014, 5.679850364000117 ], [ 39.323427408999976, 5.72671928200009 ], [ 39.35677962200009, 5.741390607000142 ], [ 39.392128406000097, 5.722121287999983 ], [ 39.401667993000103, 5.749293001000126 ], [ 39.438418891000083, 5.756899634000035 ], [ 39.453277433000096, 5.783682774000113 ], [ 39.458896058000164, 5.810349693000035 ], [ 39.443508943000097, 5.845853739000063 ], [ 39.466226830000096, 5.889368207000132 ], [ 39.40650301200003, 5.934120750000091 ], [ 39.376211268000077, 5.988111417000027 ], [ 39.38353252200011, 6.00357822300009 ], [ 39.369848922000187, 6.008065467000108 ], [ 39.37390464900011, 6.03215606700013 ], [ 39.340069730000039, 6.058243243000106 ], [ 39.338297128000136, 6.079700482000135 ], [ 39.35784001900015, 6.095274301000018 ], [ 39.329687894000074, 6.125407640999981 ], [ 39.33656713400012, 6.154361302000098 ], [ 39.317303786000025, 6.167333597000095 ], [ 39.318132414000047, 6.20166102100012 ], [ 39.27472129400013, 6.273183282000048 ], [ 39.221262288000048, 6.278401937000126 ], [ 39.20631872600012, 6.298592134999978 ], [ 39.250596432000123, 6.370796436000035 ], [ 39.273937433000015, 6.374537462000148 ], [ 39.296898382000109, 6.356577432000051 ], [ 39.368417388000069, 6.363805420000176 ], [ 39.403168606000179, 6.350784365999971 ], [ 39.415074452000113, 6.280797581000115 ], [ 39.463579832000107, 6.248999160000153 ], [ 39.467798315000039, 6.209658551000189 ], [ 39.493903480000029, 6.171343757000045 ], [ 39.556562939000059, 6.128348454000047 ], [ 39.609093925000138, 6.187162867000154 ], [ 39.616030216000183, 6.167291764000083 ], [ 39.64897041200004, 6.156339995000167 ], [ 39.682679325000151, 6.186738382000101 ], [ 39.683517854000172, 6.206504411000139 ], [ 39.756286126000077, 6.221797993000052 ], [ 39.775303897000185, 6.242892772000062 ], [ 39.851809007000043, 6.224332823000168 ], [ 39.905481083000154, 6.145051217000116 ], [ 39.907597605000149, 6.108491124000182 ], [ 39.86015726200003, 6.031298263 ], [ 39.869132900000182, 6.009355528000185 ], [ 39.860638306000055, 5.98898033800009 ], [ 39.927513698000155, 5.936147430000119 ], [ 39.974400348000188, 5.9314240920001 ], [ 39.98789220000009, 5.897536826000021 ], [ 40.028193591000161, 5.875207647000025 ], [ 40.117772684000045, 5.867736830000126 ], [ 40.155728173000114, 5.84770174200014 ], [ 40.188748443, 5.845718403999967 ], [ 40.195555883000168, 5.855611032000127 ], [ 40.249750491000043, 5.844126303000166 ], [ 40.27733260399998, 5.868280833000142 ], [ 40.388948721000133, 5.89715963000009 ], [ 40.44033566000013, 5.873412382000083 ], [ 40.461658141000157, 5.885823310000035 ], [ 40.51780304000016, 5.85748674000007 ], [ 40.536330118000137, 5.866285727000047 ], [ 40.548557229000096, 5.856662135000136 ], [ 40.556816061000063, 5.868337532000112 ], [ 40.571582853000052, 5.857448733000012 ], [ 40.588702983000132, 5.870515605000094 ], [ 40.608505048000154, 5.858304868000062 ], [ 40.634834450000142, 5.874178672000028 ], [ 40.644657349999989, 5.860468714999968 ], [ 40.672504688000174, 5.886809326000105 ], [ 40.697097667000094, 5.865253305000067 ], [ 40.715339498000162, 5.863695393000171 ], [ 40.716899760000103, 5.873418810000089 ], [ 40.740837364000072, 5.85304024800007 ], [ 40.762897262000138, 5.856417273000147 ], [ 40.795951923000132, 5.808222653000087 ], [ 40.820205577000138, 5.821013373000028 ], [ 40.837444348000133, 5.783300611000186 ], [ 40.880225979000045, 5.777148966000027 ], [ 40.922295132000045, 5.683378211000104 ], [ 40.832204765000142, 5.655898367000134 ], [ 40.752884376000168, 5.594398484000067 ], [ 40.694374115000187, 5.567168583000068 ], [ 40.679584018000071, 5.540638594000143 ], [ 40.63305383200003, 5.530068672000084 ], [ 40.532893277000085, 5.410648792000018 ], [ 40.174431875000153, 5.353379345000064 ], [ 40.09795160800013, 5.364879467000151 ], [ 40.033681420999983, 5.396789590000139 ], [ 39.942290907000086, 5.284989659000075 ], [ 39.81286000200015, 5.002069636000044 ], [ 39.765069607000044, 4.846849563000092 ], [ 39.743559362999974, 4.723479474000101 ], [ 39.74589929300015, 4.666579411000157 ], [ 39.585778237999989, 4.29653919499998 ] ] ] } },
{ "type": "Feature", "properties": { "adm2_name": "Siti", "adm2_name1": null, "adm2_name2": null, "adm2_name3": null, "adm2_pcode": "ET0501", "adm1_name": "Somali", "adm1_name1": null, "adm1_name2": null, "adm1_name3": null, "adm1_pcode": "ET05", "adm0_name": "Ethiopia", "adm0_name1": null, "adm0_name2": null, "adm0_name3": null, "adm0_pcode": "ET", "valid_on": "2025-01-01", "valid_to": null, "area_sqkm": 30462.264613030002, "version": "v04", "lang": "en", "lang1": null, "lang2": null, "lang3": null, "adm2_ref_n": null, "center_lat": null, "center_lon": null, "adm2_alt_n": null }, "geometry": { "type": "Polygon", "coordinates": [ [ [ 41.014074331000188, 9.357206139000027 ], [ 40.874103588000025, 9.309446605000119 ], [ 40.812563326000088, 9.310926782000081 ], [ 40.788823447000027, 9.386896769000145 ], [ 40.797643508000192, 9.395556737000106 ], [ 40.858223742000064, 9.385366568000109 ], [ 40.92751409900012, 9.405136336 ], [ 40.862183991000109, 9.463016470000127 ], [ 40.696138915000176, 9.446065145000091 ], [ 40.70220239300005, 9.536092664000137 ], [ 40.751893772000074, 9.654612077000024 ], [ 40.825564751000172, 9.763456219000034 ], [ 41.019566201000032, 9.948825373000147 ], [ 40.998936168000114, 9.96783541200017 ], [ 40.965806035000071, 9.971685510000043 ], [ 40.936556112000119, 10.035245519 ], [ 41.087038686000085, 10.600564198000143 ], [ 41.077268923000076, 10.681154098000093 ], [ 41.220060127000124, 10.834463355000082 ], [ 41.2407505380001, 10.921363138000117 ], [ 41.268160800000146, 10.957852979000108 ], [ 41.717612896000105, 10.964781335000112 ], [ 41.768913225000063, 10.991211091000082 ], [ 41.918050000000108, 10.95361000000014 ], [ 42.01972, 10.944720000000189 ], [ 42.12555, 10.999440000000163 ], [ 42.35889, 11.01916 ], [ 42.64041, 11.09708 ], [ 42.748190000000193, 11.07792000000012 ], [ 42.769300000000158, 11.02319 ], [ 42.81097, 10.988330000000133 ], [ 42.89097, 10.98208000000011 ], [ 42.944090000000131, 11.00244 ], [ 42.9175, 10.95528000000013 ], [ 42.764160000000118, 10.78042 ], [ 42.66479, 10.632910000000152 ], [ 42.709440000000143, 10.536110000000122 ], [ 42.786110000000122, 10.455550000000187 ], [ 42.821024679000175, 10.302458951000119 ], [ 42.706989000000192, 10.119554 ], [ 42.733327381000095, 10.042775118000122 ], [ 42.785326091000172, 9.976806606000082 ], [ 42.884666911000124, 9.908509793000064 ], [ 42.880010309000113, 9.879017988000157 ], [ 42.793863193000107, 9.80994507500003 ], [ 42.78377389100018, 9.770363967000151 ], [ 42.730028, 9.753115 ], [ 42.727070406000109, 9.725092591000021 ], [ 42.694115592000173, 9.768675546000168 ], [ 42.663794574000121, 9.776549058000057 ], [ 42.529772729000115, 9.727590683000074 ], [ 42.376572174000046, 9.713839606000022 ], [ 42.339772808000134, 9.719617623000147 ], [ 42.250990849000118, 9.783491543000082 ], [ 42.213350694000155, 9.783741669000165 ], [ 42.18577054800005, 9.773561785000027 ], [ 42.030809393000027, 9.618482565000079 ], [ 41.906139095000015, 9.679302884000037 ], [ 41.873238977000142, 9.683882986000128 ], [ 41.808678563000058, 9.64055326600004 ], [ 41.773828470000012, 9.653703360000065 ], [ 41.748601873999974, 9.636353472000167 ], [ 41.728027738000151, 9.489033754000047 ], [ 41.734617702000037, 9.471483758000147 ], [ 41.670197435000148, 9.470633967000083 ], [ 41.654157407000071, 9.481234004000044 ], [ 41.642597468000076, 9.515143991000116 ], [ 41.540606997000054, 9.499584337000044 ], [ 41.490966655000079, 9.45742454700013 ], [ 41.308696037000175, 9.503075062000107 ], [ 41.239315729000111, 9.498795281000127 ], [ 41.145445100000074, 9.42462566100005 ], [ 41.056484617000081, 9.391065970000056 ], [ 41.014074331000188, 9.357206139000027 ] ] ] } },
{ "type": "Feature", "properties": { "adm2_name": "Fafan", "adm2_name1": null, "adm2_name2": null, "adm2_name3": null, "adm2_pcode": "ET0502", "adm1_name": "Somali", "adm1_name1": null, "adm1_name2": null, "adm1_name3": null, "adm1_pcode": "ET05", "adm0_name": "Ethiopia", "adm0_name1": null, "adm0_name2": null, "adm0_name3": null, "adm0_pcode": "ET", "valid_on": "2025-01-01", "valid_to": null, "area_sqkm": 16647.206834870001, "version": "v04", "lang": "en", "lang1": null, "lang2": null, "lang3": null, "adm2_ref_n": null, "center_lat": null, "center_lon": null, "adm2_alt_n": null }, "geometry": { "type": "MultiPolygon", "coordinates": [ [ [ [ 42.957561589000193, 8.469889730999967 ], [ 42.828507537000064, 8.235353922000115 ], [ 42.814230771000098, 8.172298205000118 ], [ 42.782108047000179, 8.135416559000134 ], [ 42.703585834000194, 8.114001410000071 ], [ 42.659551410000063, 8.12732752300019 ], [ 42.701597256000127, 8.179612544 ], [ 42.768168047000188, 8.363172085000031 ], [ 42.89884863900005, 8.409101609000118 ], [ 42.897028782, 8.457751538000139 ], [ 42.910828963000085, 8.498781437000048 ], [ 42.89878926, 8.602671316000055 ], [ 42.838419246000115, 8.664391413000033 ], [ 42.831989324000119, 8.695231381000042 ], [ 42.865329867000128, 8.825111068000183 ], [ 42.730639804000077, 8.948021313000083 ], [ 42.644349907000048, 9.072981394000124 ], [ 42.599345568000047, 9.106174348000081 ], [ 42.635110110000142, 9.143971312000133 ], [ 42.634700161000069, 9.158521290000181 ], [ 42.583590165000032, 9.21538136700002 ], [ 42.551360282000076, 9.286571357000071 ], [ 42.556290423, 9.321051281000166 ], [ 42.537453342000106, 9.372981780000146 ], [ 42.640889819000108, 9.447462241999972 ], [ 42.776286019000054, 9.511891223000077 ], [ 42.813636848000044, 9.572585500000116 ], [ 42.864060224000127, 9.586591722000094 ], [ 42.921019829000045, 9.565115037000112 ], [ 42.979847194000172, 9.607134029000065 ], [ 42.963973362, 9.655689608000102 ], [ 42.935026727000093, 9.679967474000136 ], [ 42.897676006000097, 9.650087287000076 ], [ 42.727070406000109, 9.725092591000021 ], [ 42.730028, 9.753115 ], [ 42.78377389100018, 9.770363967000151 ], [ 42.793863193000107, 9.80994507500003 ], [ 42.880010309000113, 9.879017988000157 ], [ 42.884666911000124, 9.908509793000064 ], [ 42.785326091000172, 9.976806606000082 ], [ 42.733327381000095, 10.042775118000122 ], [ 42.706989000000192, 10.119554 ], [ 42.821024679000175, 10.302458951000119 ], [ 42.86416, 10.20055 ], [ 42.922780000000103, 10.147780000000125 ], [ 42.98055, 10.117640000000165 ], [ 43.01305, 10.081110000000137 ], [ 43.05166, 9.96819 ], [ 43.0843, 9.92486 ], [ 43.110280000000159, 9.908890000000156 ], [ 43.18041, 9.902780000000178 ], [ 43.22486, 9.86319 ], [ 43.275280000000123, 9.64556 ], [ 43.328470000000152, 9.61958 ], [ 43.386660000000177, 9.55694 ], [ 43.42777, 9.485280000000159 ], [ 43.425830000000133, 9.43458 ], [ 43.44166, 9.41764 ], [ 43.583060000000103, 9.33611 ], [ 43.627220000000136, 9.35444 ], [ 44.010550000000137, 9.007220000000132 ], [ 44.115113215000065, 8.972570935000022 ], [ 44.105755272000181, 8.911748384000077 ], [ 44.161961078000161, 8.746558632000017 ], [ 43.978476416000035, 8.50364423700006 ], [ 43.707438972000091, 8.604722238000136 ], [ 43.634457544000156, 8.647208794000051 ], [ 43.473858454000151, 8.80234518400016 ], [ 43.436296356000184, 8.861296054000093 ], [ 43.42975939400003, 8.898432212000159 ], [ 43.390115052000056, 8.899304892000089 ], [ 43.339729895000175, 8.878589044000023 ], [ 43.325438373000054, 8.858432786000151 ], [ 43.324672188000136, 8.800621781000132 ], [ 43.232628164000175, 8.793772915000091 ], [ 43.260414809, 8.675381761999972 ], [ 43.209729619000086, 8.599149080000132 ], [ 43.232181000000139, 8.539078 ], [ 43.100676998000154, 8.462797203000036 ], [ 42.957561589000193, 8.469889730999967 ] ] ], [ [ [ 42.331384243000173, 8.534695218000024 ], [ 42.502557518000117, 8.492082721000031 ], [ 42.52976750400012, 8.454832691000092 ], [ 42.374625350000088, 8.451408981000156 ], [ 42.227906582000116, 8.474354736 ], [ 42.175911634000045, 8.58014061200015 ], [ 42.23966702600012, 8.639883325000142 ], [ 42.263077100000146, 8.635953264000136 ], [ 42.331384243000173, 8.534695218000024 ] ] ] ] } },
{ "type": "Feature", "properties": { "adm2_name": "Jarar", "adm2_name1": null, "adm2_name2": null, "adm2_name3": null, "adm2_pcode": "ET0503", "adm1_name": "Somali", "adm1_name1": null, "adm1_name2": null, "adm1_name3": null, "adm1_pcode": "ET05", "adm0_name": "Ethiopia", "adm0_name1": null, "adm0_name2": null, "adm0_name3": null, "adm0_pcode": "ET", "valid_on": "2025-01-01", "valid_to": null, "area_sqkm": 39173.508190139997, "version": "v04", "lang": "en", "lang1": null, "lang2": null, "lang3": null, "adm2_ref_n": null, "center_lat": null, "center_lon": null, "adm2_alt_n": null }, "geometry": { "type": "Polygon", "coordinates": [ [ [ 43.932918000000143, 7.558652000000166 ], [ 43.708389818000057, 7.33393748400016 ], [ 43.701276474000053, 7.288851270000066 ], [ 43.562121583000192, 7.335427826000171 ], [ 43.479301207999981, 7.385439549000068 ], [ 43.501668702000075, 7.456885796000108 ], [ 43.482448000000147, 7.540479 ], [ 43.317873000000134, 7.657317000000148 ], [ 42.704125491000127, 7.945339448000141 ], [ 42.691596897000011, 7.967356253000105 ], [ 42.704368573000181, 8.046558407000134 ], [ 42.67466982000002, 8.089228438000077 ], [ 42.686720716000082, 8.121641932000045 ], [ 42.703585834000194, 8.114001410000071 ], [ 42.782108047000179, 8.135416559000134 ], [ 42.814230771000098, 8.172298205000118 ], [ 42.828507537000064, 8.235353922000115 ], [ 42.957561589000193, 8.469889730999967 ], [ 43.100676998000154, 8.462797203000036 ], [ 43.232181000000139, 8.539078 ], [ 43.209729619000086, 8.599149080000132 ], [ 43.260414809, 8.675381761999972 ], [ 43.232628164000175, 8.793772915000091 ], [ 43.324672188000136, 8.800621781000132 ], [ 43.325438373000054, 8.858432786000151 ], [ 43.339729895000175, 8.878589044000023 ], [ 43.390115052000056, 8.899304892000089 ], [ 43.42975939400003, 8.898432212000159 ], [ 43.436296356000184, 8.861296054000093 ], [ 43.473858454000151, 8.80234518400016 ], [ 43.634457544000156, 8.647208794000051 ], [ 43.707438972000091, 8.604722238000136 ], [ 43.978476416000035, 8.50364423700006 ], [ 44.161961078000161, 8.746558632000017 ], [ 44.105755272000181, 8.911748384000077 ], [ 44.115113215000065, 8.972570935000022 ], [ 46.09444239600009, 8.31201331800014 ], [ 46.021233616000131, 8.232295025000099 ], [ 46.010658489000093, 8.098775420000038 ], [ 45.917993713999977, 7.995385518000091 ], [ 45.81869894700003, 7.94215260500016 ], [ 45.681846859000075, 7.792704721000177 ], [ 45.61482120200003, 7.651511440000093 ], [ 45.460023800000101, 7.663412176000122 ], [ 45.354529269000182, 7.656731530000172 ], [ 44.980749111000023, 7.73672113900011 ], [ 44.983095332000119, 7.763543063000157 ], [ 44.717668367000101, 7.750501383000028 ], [ 44.674488326000073, 7.685431221000101 ], [ 44.652023733000021, 7.623264976000144 ], [ 44.649897324000051, 7.594667134000019 ], [ 44.670000243000061, 7.540350014000182 ], [ 44.658559143000048, 7.513174789000118 ], [ 44.59768914100016, 7.491676160000054 ], [ 44.498732011000186, 7.487419872000146 ], [ 44.459206816, 7.326848766000182 ], [ 44.392508049000071, 7.299675194000145 ], [ 44.357923503000052, 7.307086168000126 ], [ 44.323909190000052, 7.339826463000065 ], [ 44.292961683000158, 7.347267544000147 ], [ 44.279992478000111, 7.382469670999967 ], [ 44.250348582000129, 7.395438876000071 ], [ 44.239232120000167, 7.441757463999977 ], [ 44.2077354810001, 7.458432156000129 ], [ 44.194766276000053, 7.48807605200011 ], [ 44.159564149000175, 7.504750744000091 ], [ 44.102883102000021, 7.567593746000171 ], [ 43.932918000000143, 7.558652000000166 ] ] ] } },
{ "type": "Feature", "properties": { "adm2_name": "Erer", "adm2_name1": null, "adm2_name2": null, "adm2_name3": null, "adm2_pcode": "ET0504", "adm1_name": "Somali", "adm1_name1": null, "adm1_name2": null, "adm1_name3": null, "adm1_pcode": "ET05", "adm0_name": "Ethiopia", "adm0_name1": null, "adm0_name2": null, "adm0_name3": null, "adm0_pcode": "ET", "valid_on": "2025-01-01", "valid_to": null, "area_sqkm": 9790.4088581699998, "version": "v04", "lang": "en", "lang1": null, "lang2": null, "lang3": null, "adm2_ref_n": null, "center_lat": null, "center_lon": null, "adm2_alt_n": null }, "geometry": { "type": "Polygon", "coordinates": [ [ [ 42.268837218000158, 7.099339691000125 ], [ 42.162642213000026, 7.007115234000025 ], [ 42.157612300000096, 7.051325216000123 ], [ 42.204702686000132, 7.141035027000157 ], [ 42.209853015000192, 7.264004914 ], [ 42.19911009600014, 7.291440179000119 ], [ 41.896122317000106, 7.411205596000059 ], [ 41.867102525000064, 7.53277558000002 ], [ 41.957143487000053, 7.774785126000154 ], [ 41.912403516000097, 7.844395182000028 ], [ 41.926344219999976, 8.080564910000021 ], [ 41.948404642000071, 8.200894719000132 ], [ 42.027053755000111, 8.323024846000123 ], [ 42.026005586000167, 8.425834241000075 ], [ 42.069725950000077, 8.493974029000185 ], [ 42.175911634000045, 8.58014061200015 ], [ 42.227906582000116, 8.474354736 ], [ 42.374625350000088, 8.451408981000156 ], [ 42.52976750400012, 8.454832691000092 ], [ 42.578096982000147, 8.2285328480001 ], [ 42.630626897000184, 8.140432805000046 ], [ 42.686720716000082, 8.121641932000045 ], [ 42.67466982000002, 8.089228438000077 ], [ 42.702861865000045, 8.054151482000179 ], [ 42.689209071000164, 7.991654472000107 ], [ 42.71047213900016, 7.932019677000028 ], [ 42.695808384000031, 7.89074793400016 ], [ 42.711986596000145, 7.868228394000084 ], [ 42.711429613000178, 7.82208196300013 ], [ 42.739681334000124, 7.77354241400019 ], [ 42.734146091000184, 7.702762667000059 ], [ 42.704086396000037, 7.641998787000034 ], [ 42.648998185000039, 7.594459615 ], [ 42.552007542000126, 7.561109286000089 ], [ 42.669395, 7.45931400000012 ], [ 42.24677649500012, 7.312511860000029 ], [ 42.223281904000146, 7.263275656000076 ], [ 42.232234416000097, 7.2103694380001 ], [ 42.27074078600009, 7.196421700000144 ], [ 42.278355062000173, 7.150736048000169 ], [ 42.268837218000158, 7.099339691000125 ] ] ] } },
{ "type": "Feature", "properties": { "adm2_name": "Korahe", "adm2_name1": null, "adm2_name2": null, "adm2_name3": null, "adm2_pcode": "ET0505", "adm1_name": "Somali", "adm1_name1": null, "adm1_name2": null, "adm1_name3": null, "adm1_pcode": "ET05", "adm0_name": "Ethiopia", "adm0_name1": null, "adm0_name2": null, "adm0_name3": null, "adm0_pcode": "ET", "valid_on": "2025-01-01", "valid_to": null, "area_sqkm": 32606.83451827, "version": "v04", "lang": "en", "lang1": null, "lang2": null, "lang3": null, "adm2_ref_n": null, "center_lat": null, "center_lon": null, "adm2_alt_n": null }, "geometry": { "type": "Polygon", "coordinates": [ [ [ 44.195622277000098, 5.687602539000181 ], [ 44.152856271000132, 5.925247797 ], [ 44.262782160000029, 6.086998869000126 ], [ 44.258023238000078, 6.107819153000094 ], [ 44.219951862000073, 6.116742132000013 ], [ 44.202700769999979, 6.134588089000033 ], [ 44.197941848000085, 6.164926217000016 ], [ 44.226495380000017, 6.210135976000117 ], [ 44.117040174000067, 6.245827891000033 ], [ 44.130127209000136, 6.349096499000041 ], [ 43.998448604000032, 6.357873000000154 ], [ 43.956113372000175, 6.331525398000053 ], [ 43.838253333000125, 6.471928802999969 ], [ 43.792243746000111, 6.492696970000168 ], [ 43.72508348700012, 6.475825606000114 ], [ 43.714709443000118, 6.54176796500019 ], [ 43.761017535000065, 6.614007445000084 ], [ 43.59177700000015, 6.819520000000182 ], [ 43.654673000000173, 6.993456 ], [ 43.708389818000057, 7.33393748400016 ], [ 43.932918000000143, 7.558652000000166 ], [ 44.102883102000021, 7.567593746000171 ], [ 44.159564149000175, 7.504750744000091 ], [ 44.194766276000053, 7.48807605200011 ], [ 44.2077354810001, 7.458432156000129 ], [ 44.239232120000167, 7.441757463999977 ], [ 44.250348582000129, 7.395438876000071 ], [ 44.279992478000111, 7.382469670999967 ], [ 44.292961683000158, 7.347267544000147 ], [ 44.323909190000052, 7.339826463000065 ], [ 44.357923503000052, 7.307086168000126 ], [ 44.392508049000071, 7.299675194000145 ], [ 44.459206816, 7.326848766000182 ], [ 44.498732011000186, 7.487419872000146 ], [ 44.59768914100016, 7.491676160000054 ], [ 44.658559143000048, 7.513174789000118 ], [ 44.670000243000061, 7.540350014000182 ], [ 44.649897324000051, 7.594667134000019 ], [ 44.652023733000021, 7.623264976000144 ], [ 44.674488326000073, 7.685431221000101 ], [ 44.717668367000101, 7.750501383000028 ], [ 44.983095332000119, 7.763543063000157 ], [ 44.96103215100004, 7.692973427000084 ], [ 44.985119264000048, 7.581435520000014 ], [ 44.866936644000077, 7.490198819000113 ], [ 44.795771546000083, 7.374555535000127 ], [ 44.845211361999986, 7.241712630000109 ], [ 44.918408815000191, 7.212104858000146 ], [ 44.919484941, 7.194611313000166 ], [ 44.863882889000081, 7.191520326000159 ], [ 44.871618237000064, 7.170733171000165 ], [ 44.807498833000068, 6.96451568599997 ], [ 44.829206361000104, 6.54189777 ], [ 45.027914636000162, 6.473836756000026 ], [ 45.113287859000195, 6.370872329 ], [ 45.318764983000108, 6.305394790000037 ], [ 45.542771194000068, 6.297788065000077 ], [ 45.98922750000014, 6.034448775999977 ], [ 45.379226938999977, 5.369128503000184 ], [ 45.057271000000128, 5.449688 ], [ 44.956365178000169, 5.507303307000029 ], [ 44.873341569000047, 5.50505143200013 ], [ 44.813376000000119, 5.523101000000167 ], [ 44.769396254000071, 5.493086158000096 ], [ 44.639009451000049, 5.482924956999966 ], [ 44.574117093000041, 5.464927105000129 ], [ 44.440866068000048, 5.612883927000041 ], [ 44.357425626000122, 5.628116014000113 ], [ 44.195622277000098, 5.687602539000181 ] ] ] } },
{ "type": "Feature", "properties": { "adm2_name": "Shabelle", "adm2_name1": null, "adm2_name2": null, "adm2_name3": null, "adm2_pcode": "ET0506", "adm1_name": "Somali", "adm1_name1": null, "adm1_name2": null, "adm1_name3": null, "adm1_pcode": "ET05", "adm0_name": "Ethiopia", "adm0_name1": null, "adm0_name2": null, "adm0_name3": null, "adm0_pcode": "ET", "valid_on": "2025-01-01", "valid_to": null, "area_sqkm": 34223.133463760001, "version": "v04", "lang": "en", "lang1": null, "lang2": null, "lang3": null, "adm2_ref_n": null, "center_lat": null, "center_lon": null, "adm2_alt_n": null }, "geometry": { "type": "Polygon", "coordinates": [ [ [ 43.508545760000118, 4.829276613000047 ], [ 43.303958, 5.224968000000104 ], [ 43.235847105000119, 5.502283440000042 ], [ 43.310313824000161, 5.629381755000111 ], [ 43.278551441000161, 5.684038729 ], [ 43.233806071000174, 5.723756117000164 ], [ 43.143655553000031, 5.715105034000146 ], [ 43.094847357000162, 5.68895436400004 ], [ 43.071282773000178, 5.6434719 ], [ 42.856667453000171, 5.82051361800012 ], [ 42.812884999000119, 5.826853018000122 ], [ 42.81139605300018, 5.942925498000136 ], [ 42.866258728000162, 5.994924167000079 ], [ 42.915744859000085, 6.100995537000188 ], [ 42.90551372200008, 6.110525106000068 ], [ 42.911552461000099, 6.123705778000158 ], [ 42.893760756000177, 6.113367478000043 ], [ 42.890785140000162, 6.130805563000024 ], [ 42.855011030000128, 6.143464028000153 ], [ 42.830314587000032, 6.134418488000108 ], [ 42.806642373000159, 6.142815657000085 ], [ 42.812885196000025, 6.167767539000124 ], [ 42.801002576000087, 6.180953502000023 ], [ 42.811744769000086, 6.185456806000104 ], [ 42.754337339000131, 6.218530107000049 ], [ 42.73745718300006, 6.262688635000131 ], [ 42.678527925000139, 6.270448219000173 ], [ 42.666515274000176, 6.257650462000072 ], [ 42.640430437000077, 6.266744198000026 ], [ 42.630733414000019, 6.25259584600019 ], [ 42.614299863000042, 6.279514361000167 ], [ 42.60821916500015, 6.269780670999978 ], [ 42.554748606000089, 6.281968526000071 ], [ 42.5101088830001, 6.304152024000018 ], [ 42.476409993000175, 6.297739065000144 ], [ 42.47858425000004, 6.289720550000027 ], [ 42.433277168000131, 6.309822969000038 ], [ 42.432102154000063, 6.294404916000019 ], [ 42.421138831000064, 6.306676308000021 ], [ 42.414150178000114, 6.296469739999964 ], [ 42.392120336000062, 6.328826920000097 ], [ 42.345638241000188, 6.316034266000145 ], [ 42.346015864000094, 6.339718423000022 ], [ 42.323528265000107, 6.337123453000061 ], [ 42.320716890000085, 6.323752835999983 ], [ 42.308628071000044, 6.334169383000074 ], [ 42.289886452000019, 6.326565724000034 ], [ 42.298015532000136, 6.337248382000041 ], [ 42.267902349000167, 6.355011548000164 ], [ 42.264514902000087, 6.38485143600019 ], [ 42.237419105000185, 6.383113392000098 ], [ 42.247814104999975, 6.396355111000105 ], [ 42.222572398000011, 6.410502517000054 ], [ 42.217731541000148, 6.428598323000017 ], [ 42.180492492000155, 6.428792993000172 ], [ 42.180419916, 6.451319148000152 ], [ 42.145877896000172, 6.456145829999969 ], [ 42.130111705000104, 6.4830588640001 ], [ 42.144119251000063, 6.50094563600004 ], [ 42.110034989000042, 6.522786099000086 ], [ 42.117900792000114, 6.535993609000116 ], [ 42.0673981, 6.564736352000182 ], [ 42.075328918000025, 6.573116801000026 ], [ 42.058681419000095, 6.597027381000032 ], [ 42.043087029000162, 6.594059514000037 ], [ 42.046268466000186, 6.613638403000095 ], [ 42.022720387000049, 6.620905831000073 ], [ 42.033111609000059, 6.63437661800009 ], [ 42.010171303, 6.654691985000113 ], [ 42.014640930999974, 6.680445797000061 ], [ 42.055531229, 6.748755663000054 ], [ 42.076231629000176, 6.886735527999974 ], [ 42.136088243000074, 6.958531030000074 ], [ 42.196893214000056, 6.909416978000138 ], [ 42.315646579000088, 6.892887023000128 ], [ 42.445259653999983, 6.904119142000184 ], [ 42.515290121000135, 6.92804852900008 ], [ 42.550611743000047, 6.827443839000011 ], [ 42.604863454000053, 6.761770715000068 ], [ 42.681957991000104, 6.730361830000049 ], [ 42.844203925999977, 6.761854102000143 ], [ 42.841870048000146, 6.672579164000126 ], [ 42.809747324999989, 6.479842823000013 ], [ 42.92891703600003, 6.401564549000057 ], [ 42.94506100000018, 6.30981300000019 ], [ 43.04678317500003, 6.326702061000049 ], [ 43.334044107000125, 6.429801306000172 ], [ 43.218994262000081, 6.709679849000054 ], [ 43.197180099000036, 6.809524776000046 ], [ 43.403470054000138, 6.743210919000092 ], [ 43.517208290000099, 6.764864014000125 ], [ 43.59177700000015, 6.819520000000182 ], [ 43.761017535000065, 6.614007445000084 ], [ 43.714709443000118, 6.54176796500019 ], [ 43.72508348700012, 6.475825606000114 ], [ 43.792243746000111, 6.492696970000168 ], [ 43.838253333000125, 6.471928802999969 ], [ 43.956113372000175, 6.331525398000053 ], [ 43.998448604000032, 6.357873000000154 ], [ 44.130127209000136, 6.349096499000041 ], [ 44.117040174000067, 6.245827891000033 ], [ 44.226495380000017, 6.210135976000117 ], [ 44.197941848000085, 6.164926217000016 ], [ 44.202700769999979, 6.134588089000033 ], [ 44.219951862000073, 6.116742132000013 ], [ 44.258023238000078, 6.107819153000094 ], [ 44.262782160000029, 6.086998869000126 ], [ 44.152856271000132, 5.925247797 ], [ 44.195622277000098, 5.687602539000181 ], [ 44.357425626000122, 5.628116014000113 ], [ 44.440866068000048, 5.612883927000041 ], [ 44.574117093000041, 5.464927105000129 ], [ 44.639009451000049, 5.482924956999966 ], [ 44.769396254000071, 5.493086158000096 ], [ 44.813376000000119, 5.523101000000167 ], [ 44.873341569000047, 5.50505143200013 ], [ 44.956365178000169, 5.507303307000029 ], [ 45.057271000000128, 5.449688 ], [ 45.379226938999977, 5.369128503000184 ], [ 44.950830000000167, 4.9025 ], [ 43.981940000000122, 4.96305 ], [ 43.823424633000116, 4.909017784000184 ], [ 43.79863192, 4.86921770500004 ], [ 43.539719044000151, 4.789742177999983 ], [ 43.508545760000118, 4.829276613000047 ] ] ] } },
{ "type": "Feature", "properties": { "adm2_name": "Doolo", "adm2_name1": null, "adm2_name2": null, "adm2_name3": null, "adm2_pcode": "ET0507", "adm1_name": "Somali", "adm1_name1": null, "adm1_name2": null, "adm1_name3": null, "adm1_pcode": "ET05", "adm0_name": "Ethiopia", "adm0_name1": null, "adm0_name2": null, "adm0_name3": null, "adm0_pcode": "ET", "valid_on": "2025-01-01", "valid_to": null, "area_sqkm": 45899.562011460002, "version": "v04", "lang": "en", "lang1": null, "lang2": null, "lang3": null, "adm2_ref_n": null, "center_lat": null, "center_lon": null, "adm2_alt_n": null }, "geometry": { "type": "Polygon", "coordinates": [ [ [ 45.318764983000108, 6.305394790000037 ], [ 45.113287859000195, 6.370872329 ], [ 45.027914636000162, 6.473836756000026 ], [ 44.829206361000104, 6.54189777 ], [ 44.807498833000068, 6.96451568599997 ], [ 44.871618237000064, 7.170733171000165 ], [ 44.863882889000081, 7.191520326000159 ], [ 44.919484941, 7.194611313000166 ], [ 44.918408815000191, 7.212104858000146 ], [ 44.845211361999986, 7.241712630000109 ], [ 44.795771546000083, 7.374555535000127 ], [ 44.866936644000077, 7.490198819000113 ], [ 44.985119264000048, 7.581435520000014 ], [ 44.96103215100004, 7.692973427000084 ], [ 44.980749111000023, 7.73672113900011 ], [ 45.354529269000182, 7.656731530000172 ], [ 45.460023800000101, 7.663412176000122 ], [ 45.61482120200003, 7.651511440000093 ], [ 45.681846859000075, 7.792704721000177 ], [ 45.81869894700003, 7.94215260500016 ], [ 45.917993713999977, 7.995385518000091 ], [ 46.010658489000093, 8.098775420000038 ], [ 46.021233616000131, 8.232295025000099 ], [ 46.09444239600009, 8.31201331800014 ], [ 47.011940000000152, 8.00111 ], [ 47.98824, 8.00411 ], [ 46.991390000000138, 7.056940000000168 ], [ 45.98922750000014, 6.034448775999977 ], [ 45.542771194000068, 6.297788065000077 ], [ 45.318764983000108, 6.305394790000037 ] ] ] } },
{ "type": "Feature", "properties": { "adm2_name": "Afder", "adm2_name1": null, "adm2_name2": null, "adm2_name3": null, "adm2_pcode": "ET0508", "adm1_name": "Somali", "adm1_name1": null, "adm1_name2": null, "adm1_name3": null, "adm1_pcode": "ET05", "adm0_name": "Ethiopia", "adm0_name1": null, "adm0_name2": null, "adm0_name3": null, "adm0_pcode": "ET", "valid_on": "2025-01-01", "valid_to": null, "area_sqkm": 42403.711994739999, "version": "v04", "lang": "en", "lang1": null, "lang2": null, "lang3": null, "adm2_ref_n": null, "center_lat": null, "center_lon": null, "adm2_alt_n": null }, "geometry": { "type": "Polygon", "coordinates": [ [ [ 42.585087331000068, 4.214725171 ], [ 42.326998249000155, 4.186269788000061 ], [ 42.084546373000194, 4.177797709000117 ], [ 42.055798271000072, 4.214615019000121 ], [ 42.059083136000027, 4.278602666000154 ], [ 42.026878, 4.280844000000172 ], [ 41.999361658000112, 4.298511655000141 ], [ 41.98288353300012, 4.287438778000137 ], [ 41.973834969, 4.312562549000063 ], [ 41.94968039000014, 4.298650258000123 ], [ 41.934978457000057, 4.340136138000048 ], [ 41.931236257000194, 4.325430804000177 ], [ 41.918395974000134, 4.325955468000018 ], [ 41.919136098000081, 4.336994581000113 ], [ 41.885250098000142, 4.349126868000042 ], [ 41.882465372000127, 4.388711975000149 ], [ 41.863685575000147, 4.395246461999989 ], [ 41.85170751000004, 4.384952010000177 ], [ 41.852542891000155, 4.415086736999967 ], [ 41.823295518000066, 4.438696429000174 ], [ 41.811107663000143, 4.432313900000111 ], [ 41.805042275000119, 4.459260953000125 ], [ 41.78466788500009, 4.467641403000016 ], [ 41.771247939000148, 4.491862699000023 ], [ 41.788238473000092, 4.495001800000125 ], [ 41.7639693590001, 4.505241442000056 ], [ 41.721992458000102, 4.554674583 ], [ 41.721988678000173, 4.60206690300015 ], [ 41.698314726000149, 4.593436784000119 ], [ 41.713646029000074, 4.584621824000124 ], [ 41.704410544000041, 4.572472525000023 ], [ 41.683283226000071, 4.592529020000143 ], [ 41.673282620000066, 4.588723691000155 ], [ 41.660549123000123, 4.61385918000002 ], [ 41.654296813000087, 4.601465316000031 ], [ 41.62385949600008, 4.667862341000102 ], [ 41.597076493000145, 4.681559549999974 ], [ 41.618003897000108, 4.691354664000073 ], [ 41.597961392000116, 4.724574628000141 ], [ 41.590442593000148, 4.786722179000151 ], [ 41.57035057000013, 4.808668670000145 ], [ 41.581241695000074, 4.831623478000154 ], [ 41.556045537000045, 4.8430103500001 ], [ 41.554153458000087, 4.880975726000088 ], [ 41.531360624000172, 4.916045245000134 ], [ 41.489246319000188, 4.943378993000067 ], [ 41.484756435000122, 4.965941814000075 ], [ 41.418350148000172, 5.003270638000117 ], [ 41.400650108000093, 5.050504198000112 ], [ 41.34658041900019, 5.129175640000142 ], [ 41.348068227, 5.154471968000053 ], [ 41.33927916000016, 5.13978817900005 ], [ 41.323966946000098, 5.15641507700019 ], [ 41.329429614000162, 5.19848496700007 ], [ 41.312381812000069, 5.239269657000079 ], [ 41.318546237000191, 5.284555004000083 ], [ 41.294944672000042, 5.351357056000154 ], [ 41.251205534000064, 5.381439621000084 ], [ 41.253444617000127, 5.422139638999965 ], [ 41.20441064400012, 5.450171553000132 ], [ 41.177326187000119, 5.510999126000172 ], [ 41.183113178000156, 5.537105509000071 ], [ 41.143108301999973, 5.56955246300015 ], [ 41.155849549000038, 5.595487989000048 ], [ 41.13708109200013, 5.612581717000069 ], [ 41.22863258000018, 5.712569685000062 ], [ 41.408508845000085, 5.665572687000179 ], [ 41.545900169000106, 5.761479971000028 ], [ 41.619870877000039, 5.87778674599997 ], [ 41.623534664000033, 5.936955201000046 ], [ 41.566291000000149, 6.041727 ], [ 41.481531000000132, 6.446528 ], [ 41.519907782000018, 6.472032806000186 ], [ 41.619688883000094, 6.361716810000019 ], [ 41.633348992000094, 6.3913867710001 ], [ 41.690329268000085, 6.429416634000177 ], [ 41.757879747000175, 6.540536444000168 ], [ 41.819660021000061, 6.570476295 ], [ 41.853665850000084, 6.568909076000125 ], [ 41.860730083000078, 6.535341221000124 ], [ 41.93641037600014, 6.553176036000082 ], [ 41.999540669000055, 6.589845874000105 ], [ 41.999180790000082, 6.641615850000107 ], [ 42.010171303, 6.654691985000113 ], [ 42.033111609000059, 6.63437661800009 ], [ 42.022720387000049, 6.620905831000073 ], [ 42.046268466000186, 6.613638403000095 ], [ 42.043087029000162, 6.594059514000037 ], [ 42.055190967000101, 6.59996897700006 ], [ 42.075328918000025, 6.573116801000026 ], [ 42.0673981, 6.564736352000182 ], [ 42.117900792000114, 6.535993609000116 ], [ 42.110034989000042, 6.522786099000086 ], [ 42.144119251000063, 6.50094563600004 ], [ 42.130436028000076, 6.493177358000139 ], [ 42.132808734999969, 6.470682199000066 ], [ 42.161632558000065, 6.446931324000161 ], [ 42.180419916, 6.451319148000152 ], [ 42.180492492000155, 6.428792993000172 ], [ 42.217731541000148, 6.428598323000017 ], [ 42.222572398000011, 6.410502517000054 ], [ 42.247814104999975, 6.396355111000105 ], [ 42.237419105000185, 6.383113392000098 ], [ 42.264514902000087, 6.38485143600019 ], [ 42.267902349000167, 6.355011548000164 ], [ 42.298015532000136, 6.337248382000041 ], [ 42.289886452000019, 6.326565724000034 ], [ 42.308628071000044, 6.334169383000074 ], [ 42.320716890000085, 6.323752835999983 ], [ 42.323528265000107, 6.337123453000061 ], [ 42.346015864000094, 6.339718423000022 ], [ 42.345638241000188, 6.316034266000145 ], [ 42.392120336000062, 6.328826920000097 ], [ 42.414150178000114, 6.296469739999964 ], [ 42.421138831000064, 6.306676308000021 ], [ 42.432102154000063, 6.294404916000019 ], [ 42.433277168000131, 6.309822969000038 ], [ 42.47858425000004, 6.289720550000027 ], [ 42.476409993000175, 6.297739065000144 ], [ 42.5101088830001, 6.304152024000018 ], [ 42.554748606000089, 6.281968526000071 ], [ 42.60821916500015, 6.269780670999978 ], [ 42.614299863000042, 6.279514361000167 ], [ 42.630733414000019, 6.25259584600019 ], [ 42.640430437000077, 6.266744198000026 ], [ 42.666515274000176, 6.257650462000072 ], [ 42.678527925000139, 6.270448219000173 ], [ 42.73745718300006, 6.262688635000131 ], [ 42.754337339000131, 6.218530107000049 ], [ 42.811744769000086, 6.185456806000104 ], [ 42.801002576000087, 6.180953502000023 ], [ 42.812885196000025, 6.167767539000124 ], [ 42.806642373000159, 6.142815657000085 ], [ 42.830314587000032, 6.134418488000108 ], [ 42.855011030000128, 6.143464028000153 ], [ 42.890785140000162, 6.130805563000024 ], [ 42.893760756000177, 6.113367478000043 ], [ 42.911552461000099, 6.123705778000158 ], [ 42.90551372200008, 6.110525106000068 ], [ 42.915744859000085, 6.100995537000188 ], [ 42.866258728000162, 5.994924167000079 ], [ 42.81139605300018, 5.942925498000136 ], [ 42.812884999000119, 5.826853018000122 ], [ 42.856667453000171, 5.82051361800012 ], [ 43.071282773000178, 5.6434719 ], [ 43.094847357000162, 5.68895436400004 ], [ 43.143655553000031, 5.715105034000146 ], [ 43.233806071000174, 5.723756117000164 ], [ 43.278551441000161, 5.684038729 ], [ 43.310313824000161, 5.629381755000111 ], [ 43.235847105000119, 5.502283440000042 ], [ 43.303958, 5.224968000000104 ], [ 43.508545760000118, 4.829276613000047 ], [ 43.1936, 4.68778 ], [ 43.08083, 4.604170000000181 ], [ 42.96888, 4.50431 ], [ 42.93361, 4.388750000000186 ], [ 42.876660000000129, 4.31833 ], [ 42.76861, 4.278330000000153 ], [ 42.563789384000131, 4.246906928999977 ], [ 42.585087331000068, 4.214725171 ] ] ] } },
{ "type": "Feature", "properties": { "adm2_name": "Liban", "adm2_name1": null, "adm2_name2": null, "adm2_name3": null, "adm2_pcode": "ET0509", "adm1_name": "Somali", "adm1_name1": null, "adm1_name2": null, "adm1_name3": null, "adm1_pcode": "ET05", "adm0_name": "Ethiopia", "adm0_name1": null, "adm0_name2": null, "adm0_name3": null, "adm0_pcode": "ET", "valid_on": "2025-01-01", "valid_to": null, "area_sqkm": 31626.086038879999, "version": "v04", "lang": "en", "lang1": null, "lang2": null, "lang3": null, "adm2_ref_n": null, "center_lat": null, "center_lon": null, "adm2_alt_n": null }, "geometry": { "type": "Polygon", "coordinates": [ [ [ 41.805042275000119, 4.459260953000125 ], [ 41.811107663000143, 4.432313900000111 ], [ 41.823295518000066, 4.438696429000174 ], [ 41.852542891000155, 4.415086736999967 ], [ 41.85170751000004, 4.384952010000177 ], [ 41.863685575000147, 4.395246461999989 ], [ 41.882465372000127, 4.388711975000149 ], [ 41.885250098000142, 4.349126868000042 ], [ 41.919136098000081, 4.336994581000113 ], [ 41.918395974000134, 4.325955468000018 ], [ 41.931236257000194, 4.325430804000177 ], [ 41.934978457000057, 4.340136138000048 ], [ 41.94968039000014, 4.298650258000123 ], [ 41.973834969, 4.312562549000063 ], [ 41.98288353300012, 4.287438778000137 ], [ 41.999361658000112, 4.298511655000141 ], [ 42.026878, 4.280844000000172 ], [ 42.059083136000027, 4.278602666000154 ], [ 42.055798271000072, 4.214615019000121 ], [ 42.084546373000194, 4.177797709000117 ], [ 42.000000000000171, 4.093367100000137 ], [ 41.979049683000028, 4.095186233999982 ], [ 41.946220398000037, 4.055664063000108 ], [ 41.943458557000042, 4.016658783000082 ], [ 41.906898499000192, 3.978008032000162 ], [ 41.824310303000061, 3.944529056000135 ], [ 41.820682526000041, 3.955812931000025 ], [ 41.794788361000087, 3.96026206 ], [ 41.79254913300008, 3.979363918000104 ], [ 41.772579193000126, 3.972290993000058 ], [ 41.720588685000052, 3.992460012000095 ], [ 41.674411774000191, 3.959924936 ], [ 41.627700806000121, 3.983294010000179 ], [ 41.56689834600013, 3.966666937000127 ], [ 41.545158386000139, 3.982140064000077 ], [ 41.509769440000184, 3.954627991000052 ], [ 41.505668640000124, 3.96476197200019 ], [ 41.430187226000101, 3.944943905000116 ], [ 41.391254425000113, 3.962757110000041 ], [ 41.378616333000025, 3.951745987000152 ], [ 41.354564667000034, 3.960318089000111 ], [ 41.32630920500003, 3.938761950000128 ], [ 41.235301971000183, 3.958884954000098 ], [ 41.181571960000156, 3.939517975000058 ], [ 41.118003845000032, 3.987095117000024 ], [ 41.105388641000047, 3.985281945000111 ], [ 41.091869354000096, 4.013317108000081 ], [ 40.965080261000082, 4.132068157000106 ], [ 40.90415954600013, 4.154615879000175 ], [ 40.882381440000131, 4.212838173000023 ], [ 40.844100952000076, 4.246257782000043 ], [ 40.76887902600015, 4.286942086000067 ], [ 40.762565669000139, 4.31802370500003 ], [ 40.744731818000105, 4.333961886000111 ], [ 40.764762795000024, 4.354596529000048 ], [ 40.774154583000097, 4.414149298000154 ], [ 40.745754307000027, 4.426904719000106 ], [ 40.71445855200011, 4.464515152999979 ], [ 40.706089065000128, 4.498133719 ], [ 40.679821088000153, 4.531124049000084 ], [ 40.650032041000031, 4.541810108999982 ], [ 40.577243790000125, 4.660765580000088 ], [ 40.349391996000065, 4.811488551000139 ], [ 40.231220307000171, 4.830948748000083 ], [ 40.195510835000164, 4.851513838000074 ], [ 40.169357392000109, 4.775444548000053 ], [ 40.112827301000038, 4.748458371000027 ], [ 40.097690668000041, 4.752411306000113 ], [ 40.090629628000045, 4.771064284000033 ], [ 40.049991602000091, 4.765424333999988 ], [ 39.994380996000132, 4.737046740000039 ], [ 39.94228371000014, 4.734652109000024 ], [ 39.914463898000122, 4.711506326000119 ], [ 39.805770894000148, 4.746954875000142 ], [ 39.775474571000132, 4.745416605000059 ], [ 39.744124614000157, 4.70973427500013 ], [ 39.765069607000044, 4.846849563000092 ], [ 39.81286000200015, 5.002069636000044 ], [ 39.942290907000086, 5.284989659000075 ], [ 40.033681420999983, 5.396789590000139 ], [ 40.09795160800013, 5.364879467000151 ], [ 40.174431875000153, 5.353379345000064 ], [ 40.532893277000085, 5.410648792000018 ], [ 40.63305383200003, 5.530068672000084 ], [ 40.679584018000071, 5.540638594000143 ], [ 40.694374115000187, 5.567168583000068 ], [ 40.752884376000168, 5.594398484000067 ], [ 40.832204765000142, 5.655898367000134 ], [ 40.922295132000045, 5.683378211000104 ], [ 40.874795190000043, 5.807898320000163 ], [ 40.878405537000049, 5.987518345000183 ], [ 40.866428984000095, 6.133653443000128 ], [ 40.881621045000031, 6.244343346000051 ], [ 40.856746236000049, 6.385908396000048 ], [ 40.860356352000167, 6.436198390000129 ], [ 40.900056653000036, 6.511638298000094 ], [ 41.072077665000052, 6.694327906000183 ], [ 41.131027873000107, 6.691257775999986 ], [ 41.228468081000187, 6.623007581000081 ], [ 41.43778865400003, 6.543967151000061 ], [ 41.519907782000018, 6.472032806000186 ], [ 41.481531000000132, 6.446528 ], [ 41.566291000000149, 6.041727 ], [ 41.623534664000033, 5.936955201000046 ], [ 41.619870877000039, 5.87778674599997 ], [ 41.545900169000106, 5.761479971000028 ], [ 41.408508845000085, 5.665572687000179 ], [ 41.22863258000018, 5.712569685000062 ], [ 41.136138927000047, 5.607526344 ], [ 41.155849549000038, 5.595487989000048 ], [ 41.143108301999973, 5.56955246300015 ], [ 41.183113178000156, 5.537105509000071 ], [ 41.177326187000119, 5.510999126000172 ], [ 41.20441064400012, 5.450171553000132 ], [ 41.253444617000127, 5.422139638999965 ], [ 41.251205534000064, 5.381439621000084 ], [ 41.302223251000044, 5.334536056000161 ], [ 41.30188361800009, 5.308776866000073 ], [ 41.318546237000191, 5.284555004000083 ], [ 41.312381812000069, 5.239269657000079 ], [ 41.329429614000162, 5.19848496700007 ], [ 41.323966946000098, 5.15641507700019 ], [ 41.33927916000016, 5.13978817900005 ], [ 41.348068227, 5.154471968000053 ], [ 41.34658041900019, 5.129175640000142 ], [ 41.400650108000093, 5.050504198000112 ], [ 41.418350148000172, 5.003270638000117 ], [ 41.484756435000122, 4.965941814000075 ], [ 41.489246319000188, 4.943378993000067 ], [ 41.531360624000172, 4.916045245000134 ], [ 41.554153458000087, 4.880975726000088 ], [ 41.556045537000045, 4.8430103500001 ], [ 41.581241695000074, 4.831623478000154 ], [ 41.57035057000013, 4.808668670000145 ], [ 41.590442593000148, 4.786722179000151 ], [ 41.597961392000116, 4.724574628000141 ], [ 41.618003897000108, 4.691354664000073 ], [ 41.597076493000145, 4.681559549999974 ], [ 41.62385949600008, 4.667862341000102 ], [ 41.654296813000087, 4.601465316000031 ], [ 41.660549123000123, 4.61385918000002 ], [ 41.673282620000066, 4.588723691000155 ], [ 41.683283226000071, 4.592529020000143 ], [ 41.704410544000041, 4.572472525000023 ], [ 41.713646029000074, 4.584621824000124 ], [ 41.698314726000149, 4.593436784000119 ], [ 41.721988678000173, 4.60206690300015 ], [ 41.721992458000102, 4.554674583 ], [ 41.7639693590001, 4.505241442000056 ], [ 41.788238473000092, 4.495001800000125 ], [ 41.771247939000148, 4.491862699000023 ], [ 41.78466788500009, 4.467641403000016 ], [ 41.805042275000119, 4.459260953000125 ] ] ] } },
{ "type": "Feature", "properties": { "adm2_name": "Nogob", "adm2_name1": null, "adm2_name2": null, "adm2_name3": null, "adm2_pcode": "ET0510", "adm1_name": "Somali", "adm1_name1": null, "adm1_name2": null, "adm1_name3": null, "adm1_pcode": "ET05", "adm0_name": "Ethiopia", "adm0_name1": null, "adm0_name2": null, "adm0_name3": null, "adm0_pcode": "ET", "valid_on": "2025-01-01", "valid_to": null, "area_sqkm": 16016.41245693, "version": "v04", "lang": "en", "lang1": null, "lang2": null, "lang3": null, "adm2_ref_n": null, "center_lat": null, "center_lon": null, "adm2_alt_n": null }, "geometry": { "type": "Polygon", "coordinates": [ [ [ 43.24834986500008, 6.629619114000093 ], [ 43.334044107000125, 6.429801306000172 ], [ 43.04678317500003, 6.326702061000049 ], [ 42.94506100000018, 6.30981300000019 ], [ 42.92891703600003, 6.401564549000057 ], [ 42.809747324999989, 6.479842823000013 ], [ 42.841870048000146, 6.672579164000126 ], [ 42.844203925999977, 6.761854102000143 ], [ 42.681957991000104, 6.730361830000049 ], [ 42.604863454000053, 6.761770715000068 ], [ 42.550611743000047, 6.827443839000011 ], [ 42.515290121000135, 6.92804852900008 ], [ 42.445259653999983, 6.904119142000184 ], [ 42.315646579000088, 6.892887023000128 ], [ 42.196893214000056, 6.909416978000138 ], [ 42.136088243000074, 6.958531030000074 ], [ 42.162642213000026, 7.007115234000025 ], [ 42.268837218000158, 7.099339691000125 ], [ 42.278355062000173, 7.150736048000169 ], [ 42.27074078600009, 7.196421700000144 ], [ 42.232234416000097, 7.2103694380001 ], [ 42.223281904000146, 7.263275656000076 ], [ 42.257229451000114, 7.324594735000119 ], [ 42.669395, 7.45931400000012 ], [ 42.552007542000126, 7.561109286000089 ], [ 42.648998185000039, 7.594459615 ], [ 42.704086396000037, 7.641998787000034 ], [ 42.734146091000184, 7.702762667000059 ], [ 42.738655064000113, 7.781794155 ], [ 42.711429613000178, 7.82208196300013 ], [ 42.711986596000145, 7.868228394000084 ], [ 42.695808384000031, 7.89074793400016 ], [ 42.71047213900016, 7.932019677000028 ], [ 42.704125491000127, 7.945339448000141 ], [ 43.317873000000134, 7.657317000000148 ], [ 43.482448000000147, 7.540479 ], [ 43.501668702000075, 7.456885796000108 ], [ 43.479301207999981, 7.385439549000068 ], [ 43.562121583000192, 7.335427826000171 ], [ 43.701276474000053, 7.288851270000066 ], [ 43.654673000000173, 6.993456 ], [ 43.59177700000015, 6.819520000000182 ], [ 43.517208290000099, 6.764864014000125 ], [ 43.403470054000138, 6.743210919000092 ], [ 43.197180099000036, 6.809524776000046 ], [ 43.24834986500008, 6.629619114000093 ] ] ] } },
{ "type": "Feature", "properties": { "adm2_name": "Daawa", "adm2_name1": null, "adm2_name2": null, "adm2_name3": null, "adm2_pcode": "ET0511", "adm1_name": "Somali", "adm1_name1": null, "adm1_name2": null, "adm1_name3": null, "adm1_pcode": "ET05", "adm0_name": "Ethiopia", "adm0_name1": null, "adm0_name2": null, "adm0_name3": null, "adm0_pcode": "ET", "valid_on": "2025-01-01", "valid_to": null, "area_sqkm": 12255.826888879999, "version": "v04", "lang": "en", "lang1": null, "lang2": null, "lang3": null, "adm2_ref_n": null, "center_lat": null, "center_lon": null, "adm2_alt_n": null }, "geometry": { "type": "Polygon", "coordinates": [ [ [ 40.1825, 4.0225 ], [ 39.86666, 3.86944 ], [ 39.782780000000173, 3.67833000000013 ], [ 39.594990000000166, 3.500830000000121 ], [ 39.560270000000116, 3.40667000000019 ], [ 39.519020000000182, 3.409310000000119 ], [ 39.50208, 3.422640000000115 ], [ 39.49958, 3.450140000000147 ], [ 39.331380000000138, 3.469170000000133 ], [ 39.32864, 3.49965 ], [ 39.295, 3.475280000000112 ], [ 39.248890000000188, 3.471390000000156 ], [ 39.19694, 3.478610000000174 ], [ 39.091117958000154, 3.531103962000145 ], [ 39.220496128999969, 3.602478588000054 ], [ 39.28469638700011, 3.623078557000156 ], [ 39.499677537000025, 3.96572886000007 ], [ 39.478277542000114, 4.040328985000144 ], [ 39.528787869000041, 4.16673909800005 ], [ 39.539687995000065, 4.235169173000145 ], [ 39.603208347000077, 4.333769220000136 ], [ 39.74589929300015, 4.666579411000157 ], [ 39.744124614000157, 4.70973427500013 ], [ 39.775474571000132, 4.745416605000059 ], [ 39.805770894000148, 4.746954875000142 ], [ 39.914463898000122, 4.711506326000119 ], [ 39.94228371000014, 4.734652109000024 ], [ 39.994380996000132, 4.737046740000039 ], [ 40.049991602000091, 4.765424333999988 ], [ 40.090629628000045, 4.771064284000033 ], [ 40.105480114000045, 4.747559109 ], [ 40.169357392000109, 4.775444548000053 ], [ 40.195510835000164, 4.851513838000074 ], [ 40.231220307000171, 4.830948748000083 ], [ 40.328994737000187, 4.820522751000112 ], [ 40.363334715, 4.792811948000178 ], [ 40.413539921, 4.775632414000142 ], [ 40.508529625, 4.698721318000139 ], [ 40.577243790000125, 4.660765580000088 ], [ 40.650032041000031, 4.541810108999982 ], [ 40.679821088000153, 4.531124049000084 ], [ 40.706089065000128, 4.498133719 ], [ 40.71445855200011, 4.464515152999979 ], [ 40.745754307000027, 4.426904719000106 ], [ 40.774154583000097, 4.414149298000154 ], [ 40.764762795000024, 4.354596529000048 ], [ 40.744731818000105, 4.333961886000111 ], [ 40.773384137000164, 4.282452356000022 ], [ 40.67222, 4.228610000000174 ], [ 40.398890000000165, 4.12306 ], [ 40.38861, 4.09889 ], [ 40.1825, 4.0225 ] ] ] } },
{ "type": "Feature", "properties": { "adm2_name": "Metekel", "adm2_name1": null, "adm2_name2": null, "adm2_name3": null, "adm2_pcode": "ET0602", "adm1_name": "Benishangul-Gumuz", "adm1_name1": null, "adm1_name2": null, "adm1_name3": null, "adm1_pcode": "ET06", "adm0_name": "Ethiopia", "adm0_name1": null, "adm0_name2": null, "adm0_name3": null, "adm0_pcode": "ET", "valid_on": "2025-01-01", "valid_to": null, "area_sqkm": 25478.93553884, "version": "v04", "lang": "en", "lang1": null, "lang2": null, "lang3": null, "adm2_ref_n": null, "center_lat": null, "center_lon": null, "adm2_alt_n": null }, "geometry": { "type": "Polygon", "coordinates": [ [ [ 36.423757431000126, 10.455785804000129 ], [ 36.414790957000037, 10.385616091000031 ], [ 36.372375068000167, 10.354129718000138 ], [ 36.351803242000187, 10.300966275000064 ], [ 36.32838510300013, 10.287122841000041 ], [ 36.3173541110001, 10.219721456 ], [ 36.273169894000091, 10.204872051000166 ], [ 36.243055299, 10.137145969000187 ], [ 36.208887010000069, 10.118602304000035 ], [ 36.153306325000017, 10.115962064000087 ], [ 36.048790020000069, 10.144333903000188 ], [ 36.011979445000179, 10.122641994000162 ], [ 35.982855341000061, 10.147672918000126 ], [ 35.900711351000155, 10.078399246 ], [ 35.897594838000089, 10.048642417000053 ], [ 35.868265052000027, 10.006647208000174 ], [ 35.81959088300016, 10.011232574000132 ], [ 35.795592380000016, 10.04455929400018 ], [ 35.770542422000062, 10.053634114000147 ], [ 35.734056913000074, 10.047785070999964 ], [ 35.735481723000191, 9.972479529000111 ], [ 35.693016624000165, 9.961467897000091 ], [ 35.681494661000102, 9.943903496000132 ], [ 35.63363374700009, 9.965417284000125 ], [ 35.597634821000099, 10.051024340000026 ], [ 35.56448317000013, 10.071484877000159 ], [ 35.534319477000054, 10.07664272400018 ], [ 35.47897191300018, 10.114029709000135 ], [ 35.43978113300011, 10.124535217000187 ], [ 35.403208834, 10.115116470000089 ], [ 35.355018217000179, 10.132379266000044 ], [ 35.314105376000157, 10.199279642000079 ], [ 35.331199909000134, 10.307830962000082 ], [ 35.320156731000168, 10.391595246000122 ], [ 35.292736768000111, 10.444878378000055 ], [ 35.24637296200018, 10.474355706000097 ], [ 35.193503043000078, 10.554297461000147 ], [ 35.167883699000072, 10.554837610000163 ], [ 35.153643395000074, 10.572335661000125 ], [ 35.152680340000018, 10.609727405000058 ], [ 35.164681535000113, 10.621797105000041 ], [ 35.15818937500012, 10.673518574000127 ], [ 35.197543161000056, 10.742319849000182 ], [ 35.185505837000051, 10.794161064000093 ], [ 35.216075440000168, 10.864430674000062 ], [ 35.184447102000149, 10.973941977000095 ], [ 35.202634475000139, 11.089916555 ], [ 35.196073232000174, 11.119838605000041 ], [ 35.168631556000037, 11.14575418700008 ], [ 35.12933523900017, 11.150234347000037 ], [ 35.12679640000016, 11.17328819700009 ], [ 35.090473843000154, 11.215669639000055 ], [ 35.009919772000046, 11.240528928000174 ], [ 34.974784523000039, 11.227695579000113 ], [ 34.964160000000163, 11.25042000000019 ], [ 35.08749, 11.53583 ], [ 35.0952, 11.57646 ], [ 35.0668, 11.646530000000155 ], [ 35.058330000000183, 11.730280000000107 ], [ 35.083610000000192, 11.80555 ], [ 35.11625, 11.85083 ], [ 35.231380000000115, 11.898190000000113 ], [ 35.26108444900018, 11.927687256000013 ], [ 35.284349649000092, 11.884517440000025 ], [ 35.295932535000134, 11.799151355000049 ], [ 35.325713089000033, 11.794483632000095 ], [ 35.363772558000051, 11.752983616000108 ], [ 35.42178871200008, 11.729397646999985 ], [ 35.473298434000185, 11.736175096000068 ], [ 35.516946098000062, 11.718011189000038 ], [ 35.576589017000174, 11.76735160700008 ], [ 35.661715636000054, 11.793377223000164 ], [ 35.666595569000151, 11.825909434000096 ], [ 35.803664669000113, 11.838016204000098 ], [ 35.822991351000155, 11.82686622 ], [ 35.848264760000063, 11.84024610300014 ], [ 35.874423950000164, 11.885936790000073 ], [ 35.936458851000111, 11.920757861000027 ], [ 35.935288480000168, 11.966113195000162 ], [ 35.965816198000027, 11.984583925999971 ], [ 35.969024161000164, 11.95841593800003 ], [ 36.056373809000036, 11.874303763000057 ], [ 36.054495611000107, 11.849317632000123 ], [ 36.066264639000053, 11.851600541000096 ], [ 36.081458584000188, 11.824370293000186 ], [ 36.105230449000032, 11.81589069100005 ], [ 36.12552807700007, 11.719165851000014 ], [ 36.118357555999978, 11.705810794000172 ], [ 36.144827013000111, 11.685617417000117 ], [ 36.176215873000046, 11.684244684000134 ], [ 36.207073445000049, 11.721434708000061 ], [ 36.23157853500004, 11.722111979999966 ], [ 36.308797963000188, 11.803229321000117 ], [ 36.329066074000025, 11.796687280000185 ], [ 36.341274615000088, 11.780808515000103 ], [ 36.332064212000148, 11.704052347000072 ], [ 36.347556373000032, 11.696597154000074 ], [ 36.332418123000025, 11.666042003000143 ], [ 36.348421412000107, 11.605359639000142 ], [ 36.375154938000151, 11.607679311000027 ], [ 36.444303742000102, 11.492808222000065 ], [ 36.409544390000178, 11.458302047000018 ], [ 36.409947647000081, 11.41391171600003 ], [ 36.467155096000056, 11.428645228000164 ], [ 36.512222444000031, 11.458277112000189 ], [ 36.529910165000047, 11.434547089000091 ], [ 36.533094912000024, 11.394058938 ], [ 36.563889813000117, 11.37134905500011 ], [ 36.563626502000091, 11.358029042000169 ], [ 36.534543144000168, 11.335293242000148 ], [ 36.556418424000185, 11.329487098000072 ], [ 36.556879115000186, 11.302116366000064 ], [ 36.494965947000139, 11.288952227000038 ], [ 36.46714241899997, 11.264992656000118 ], [ 36.47583075100016, 11.244666323000104 ], [ 36.46019195100007, 11.226432698000167 ], [ 36.467607841000131, 11.155408725000086 ], [ 36.502904681000075, 11.137539042000071 ], [ 36.549339458000134, 11.137815229000125 ], [ 36.560197970000104, 11.113251220000109 ], [ 36.578017499, 11.110522327000183 ], [ 36.574988356000119, 11.100708863000023 ], [ 36.546418847000155, 11.094625260000157 ], [ 36.525083896000126, 11.112711607000108 ], [ 36.489671171999987, 11.068734794000079 ], [ 36.422564846000114, 11.031367313000089 ], [ 36.417669645000046, 11.000727687 ], [ 36.354032613000129, 10.937042986 ], [ 36.309142279000071, 10.862546867000049 ], [ 36.310128087000123, 10.827150243000176 ], [ 36.282253898000135, 10.803867232000073 ], [ 36.285242190000133, 10.744582874000116 ], [ 36.310784268000134, 10.74725869100007 ], [ 36.341603238000175, 10.788837210000111 ], [ 36.377216858000054, 10.785756431000038 ], [ 36.373958795000021, 10.758410476000051 ], [ 36.317596673000082, 10.703604919000043 ], [ 36.321730640000112, 10.68528913900019 ], [ 36.31126925500007, 10.67880626300007 ], [ 36.324195112999973, 10.661657148000188 ], [ 36.303015255000105, 10.637862573000064 ], [ 36.307616425000163, 10.624203287000171 ], [ 36.281647511000131, 10.604559028999972 ], [ 36.305875833000187, 10.577947712000025 ], [ 36.302023956000085, 10.553959757000086 ], [ 36.318218325000032, 10.528003484000124 ], [ 36.343613459000153, 10.520897603000094 ], [ 36.359132568000177, 10.53031590400019 ], [ 36.390855295000051, 10.467986198000119 ], [ 36.423757431000126, 10.455785804000129 ] ] ] } },
{ "type": "Feature", "properties": { "adm2_name": "Assosa", "adm2_name1": null, "adm2_name2": null, "adm2_name3": null, "adm2_pcode": "ET0603", "adm1_name": "Benishangul-Gumuz", "adm1_name1": null, "adm1_name2": null, "adm1_name3": null, "adm1_pcode": "ET06", "adm0_name": "Ethiopia", "adm0_name1": null, "adm0_name2": null, "adm0_name3": null, "adm0_pcode": "ET", "valid_on": "2025-01-01", "valid_to": null, "area_sqkm": 11477.03487761, "version": "v04", "lang": "en", "lang1": null, "lang2": null, "lang3": null, "adm2_ref_n": null, "center_lat": null, "center_lon": null, "adm2_alt_n": null }, "geometry": { "type": "Polygon", "coordinates": [ [ [ 34.904420085000083, 9.955878686000119 ], [ 34.887781453000059, 9.908213967999984 ], [ 34.866795099, 9.902260916000046 ], [ 34.897683516000029, 9.881757181000069 ], [ 34.892152899000109, 9.864603877000093 ], [ 34.869726977000141, 9.820667072000163 ], [ 34.831665465000015, 9.803115600000126 ], [ 34.796142518000124, 9.736239464999983 ], [ 34.809960447000037, 9.702241158000106 ], [ 34.810854103000111, 9.63011872900006 ], [ 34.792057445000069, 9.603314873999977 ], [ 34.782986711000035, 9.553331130000061 ], [ 34.735137544000054, 9.545301779000113 ], [ 34.685918390000097, 9.563686404000123 ], [ 34.546063465000088, 9.648680286000115 ], [ 34.532110724000177, 9.641054543000052 ], [ 34.509742223000103, 9.652583426000092 ], [ 34.492469418000098, 9.622654246000025 ], [ 34.433939944000088, 9.627596930000038 ], [ 34.419497300000046, 9.666098905000069 ], [ 34.387493039999981, 9.659284206000166 ], [ 34.338557312000091, 9.684568647999981 ], [ 34.313332807000108, 9.732519825999987 ], [ 34.270836176000159, 9.74880360100002 ], [ 34.1981508450001, 9.737872854000045 ], [ 34.180029554000043, 9.718639796000161 ], [ 34.128827866000051, 9.715770372000065 ], [ 34.20722, 9.905 ], [ 34.230550000000164, 10.02764000000019 ], [ 34.32305, 10.11722 ], [ 34.34833, 10.238470000000177 ], [ 34.28611, 10.55416 ], [ 34.35278, 10.63167 ], [ 34.439720000000136, 10.784440000000131 ], [ 34.59444, 10.88778 ], [ 34.67388, 10.83472 ], [ 34.800550000000101, 10.72333 ], [ 34.86062, 10.73201 ], [ 34.975270000000137, 10.864440000000116 ], [ 34.978182982000135, 10.907940540000084 ], [ 35.077737690000163, 10.86578521500013 ], [ 35.096267731000069, 10.797847138000066 ], [ 35.09871167600005, 10.714297352000187 ], [ 35.061424926000143, 10.597015194000107 ], [ 35.026248922000036, 10.551608234000128 ], [ 35.069290354000032, 10.545875089000106 ], [ 35.051324879000106, 10.501633939000158 ], [ 35.073314294000113, 10.495475261000024 ], [ 35.101406686000132, 10.462870159000033 ], [ 35.124728199000174, 10.413217247999967 ], [ 35.147509983000077, 10.404869440000084 ], [ 35.167088268000043, 10.41709166600009 ], [ 35.207605368000088, 10.399556123000025 ], [ 35.205343516000028, 10.347390650000136 ], [ 35.234402966000118, 10.290661919000115 ], [ 35.209459094000181, 10.259583082 ], [ 35.211349587000029, 10.237981930000103 ], [ 35.227343139000141, 10.169967628000052 ], [ 35.257352675000107, 10.114332648000072 ], [ 35.242639249999968, 10.060577598000179 ], [ 35.265097436000133, 10.04488174 ], [ 35.27660300600013, 10.052785398000083 ], [ 35.341348756000116, 10.033613477000188 ], [ 35.361727275000192, 9.945381861000158 ], [ 35.357411435000131, 9.911142135999967 ], [ 35.32509857500014, 9.884493793000161 ], [ 35.297454005000077, 9.922483253000166 ], [ 35.230743591000078, 9.893252214000029 ], [ 35.220798401000025, 9.925425696 ], [ 35.159583687000065, 9.948402073000125 ], [ 35.088341497000101, 9.950488895000092 ], [ 35.08102060900012, 9.921920612000065 ], [ 35.048513532000129, 9.917741245000059 ], [ 35.019654361000164, 9.928791940000167 ], [ 35.015017487000193, 9.995190863000062 ], [ 34.98818221300013, 9.996766925000031 ], [ 34.942995979999978, 9.933567317000154 ], [ 34.904420085000083, 9.955878686000119 ] ] ] } },
{ "type": "Feature", "properties": { "adm2_name": "Kamashi", "adm2_name1": null, "adm2_name2": null, "adm2_name3": null, "adm2_pcode": "ET0604", "adm1_name": "Benishangul-Gumuz", "adm1_name1": null, "adm1_name2": null, "adm1_name3": null, "adm1_pcode": "ET06", "adm0_name": "Ethiopia", "adm0_name1": null, "adm0_name2": null, "adm0_name3": null, "adm0_pcode": "ET", "valid_on": "2025-01-01", "valid_to": null, "area_sqkm": 10080.50339166, "version": "v04", "lang": "en", "lang1": null, "lang2": null, "lang3": null, "adm2_ref_n": null, "center_lat": null, "center_lon": null, "adm2_alt_n": null }, "geometry": { "type": "Polygon", "coordinates": [ [ [ 36.200777372000175, 9.614928768000084 ], [ 36.23177701600008, 9.570323043000087 ], [ 36.301025209000102, 9.555515471000035 ], [ 36.380307981000101, 9.480480466000074 ], [ 36.40062950700019, 9.510988321000184 ], [ 36.461168171000054, 9.528057690000026 ], [ 36.494429858000103, 9.509365743000046 ], [ 36.514911091000158, 9.444134004000091 ], [ 36.507265609000115, 9.419345341000167 ], [ 36.475190875000123, 9.394637238000143 ], [ 36.484109647000025, 9.367867244000081 ], [ 36.46141108900008, 9.357156935000091 ], [ 36.374716538000143, 9.358019170000091 ], [ 36.333767936000072, 9.339799325000058 ], [ 36.318996195000068, 9.305850016000136 ], [ 36.295482496000091, 9.30169163700009 ], [ 36.275117402000149, 9.343833046000157 ], [ 36.253179406000072, 9.30182331200001 ], [ 36.218373047000057, 9.297118325000042 ], [ 36.214586972000063, 9.332416972000033 ], [ 36.234268717000077, 9.347006928000042 ], [ 36.205892528000106, 9.35473969200018 ], [ 36.194894703999978, 9.288973481000085 ], [ 36.226336010000182, 9.27172814000005 ], [ 36.22892516800016, 9.229031010000085 ], [ 36.203947895000056, 9.157346813000061 ], [ 36.161473421000039, 9.105351872000085 ], [ 36.184585928000047, 9.07195168700008 ], [ 36.246477824000124, 9.040962060000084 ], [ 36.225949202000152, 9.030967937000128 ], [ 36.176790550000078, 9.044525228 ], [ 36.159633019000182, 9.020659939999973 ], [ 36.131429030999982, 9.020788201000016 ], [ 36.128686398000184, 9.051117363 ], [ 36.108553458000074, 9.080031575000021 ], [ 36.075537254000153, 9.062637626000139 ], [ 36.096974614000032, 9.032414896000034 ], [ 36.086545823000165, 9.012616791000028 ], [ 36.042155393000087, 9.015047793000065 ], [ 36.028074519000143, 9.055977324000082 ], [ 36.034022845000095, 9.107416687000125 ], [ 36.05361065600016, 9.119437129000119 ], [ 36.031577196000171, 9.23342605900001 ], [ 35.949321024000028, 9.249153646000082 ], [ 35.917871966000064, 9.285639052000136 ], [ 35.911088774000177, 9.315957987000104 ], [ 35.859870325000088, 9.324971589000143 ], [ 35.797191691000137, 9.308617540000171 ], [ 35.756747975999986, 9.323638114000062 ], [ 35.750121341000181, 9.40308330400012 ], [ 35.777325831000098, 9.440139413999987 ], [ 35.764992988000074, 9.473350736999976 ], [ 35.710760712000138, 9.486771922000173 ], [ 35.647491968000168, 9.553310385000032 ], [ 35.653437895000025, 9.634928304000027 ], [ 35.634727814000087, 9.65148833000012 ], [ 35.578517519, 9.665518421 ], [ 35.553727423000055, 9.696118466000144 ], [ 35.468423574000042, 9.670376197000166 ], [ 35.410766331000161, 9.713677552000092 ], [ 35.368397025000149, 9.719289413000183 ], [ 35.378831148000074, 9.765406404000032 ], [ 35.419628528000032, 9.785145035000085 ], [ 35.363788997000086, 9.813043185000026 ], [ 35.349800616000039, 9.866075812000133 ], [ 35.32509857500014, 9.884493793000161 ], [ 35.359702053000149, 9.924003670000104 ], [ 35.341348756000116, 10.033613477000188 ], [ 35.27660300600013, 10.052785398000083 ], [ 35.265097436000133, 10.04488174 ], [ 35.242639249999968, 10.060577598000179 ], [ 35.257352675000107, 10.114332648000072 ], [ 35.227343139000141, 10.169967628000052 ], [ 35.211349587000029, 10.237981930000103 ], [ 35.209459094000181, 10.259583082 ], [ 35.234402966000118, 10.290661919000115 ], [ 35.205343516000028, 10.347390650000136 ], [ 35.207605368000088, 10.399556123000025 ], [ 35.167088268000043, 10.41709166600009 ], [ 35.147509983000077, 10.404869440000084 ], [ 35.124728199000174, 10.413217247999967 ], [ 35.101406686000132, 10.462870159000033 ], [ 35.073314294000113, 10.495475261000024 ], [ 35.051324879000106, 10.501633939000158 ], [ 35.069290354000032, 10.545875089000106 ], [ 35.026248922000036, 10.551608234000128 ], [ 35.065409363000185, 10.60696166800011 ], [ 35.102772799000093, 10.746649649000176 ], [ 35.077737690000163, 10.86578521500013 ], [ 34.978182982000135, 10.907940540000084 ], [ 34.933330000000126, 10.95666 ], [ 35.005550000000142, 11.17444 ], [ 35.0075, 11.19833 ], [ 34.974784523000039, 11.227695579000113 ], [ 35.009919772000046, 11.240528928000174 ], [ 35.088436798000089, 11.216733604000069 ], [ 35.12679640000016, 11.17328819700009 ], [ 35.12933523900017, 11.150234347000037 ], [ 35.168631556000037, 11.14575418700008 ], [ 35.196073232000174, 11.119838605000041 ], [ 35.202634475000139, 11.089916555 ], [ 35.184447102000149, 10.973941977000095 ], [ 35.216075440000168, 10.864430674000062 ], [ 35.185505837000051, 10.794161064000093 ], [ 35.197543161000056, 10.742319849000182 ], [ 35.15818937500012, 10.673518574000127 ], [ 35.164681535000113, 10.621797105000041 ], [ 35.152680340000018, 10.609727405000058 ], [ 35.153643395000074, 10.572335661000125 ], [ 35.167883699000072, 10.554837610000163 ], [ 35.193503043000078, 10.554297461000147 ], [ 35.24637296200018, 10.474355706000097 ], [ 35.292736768000111, 10.444878378000055 ], [ 35.320156731000168, 10.391595246000122 ], [ 35.331199909000134, 10.307830962000082 ], [ 35.315864511000143, 10.194584321000036 ], [ 35.355988307000189, 10.131322732 ], [ 35.403208834, 10.115116470000089 ], [ 35.43978113300011, 10.124535217000187 ], [ 35.47897191300018, 10.114029709000135 ], [ 35.595526702000029, 10.052857824000057 ], [ 35.63363374700009, 9.965417284000125 ], [ 35.65356611500016, 9.964088002000096 ], [ 35.669306390000145, 9.945483167000191 ], [ 35.732954771000152, 9.967795836999983 ], [ 35.740665884, 10.008082630999979 ], [ 35.727702112000145, 10.034189304000108 ], [ 35.744523408000191, 10.053212717000179 ], [ 35.795592380000016, 10.04455929400018 ], [ 35.81959088300016, 10.011232574000132 ], [ 35.874726291000059, 10.009814391000134 ], [ 35.900711351000155, 10.078399246 ], [ 35.982855341000061, 10.147672918000126 ], [ 36.011979445000179, 10.122641994000162 ], [ 36.048790020000069, 10.144333903000188 ], [ 36.153306325000017, 10.115962064000087 ], [ 36.208887010000069, 10.118602304000035 ], [ 36.243055299, 10.137145969000187 ], [ 36.273169894000091, 10.204872051000166 ], [ 36.3173541110001, 10.219721456 ], [ 36.32838510300013, 10.287122841000041 ], [ 36.351803242000187, 10.300966275000064 ], [ 36.372375068000167, 10.354129718000138 ], [ 36.414790957000037, 10.385616091000031 ], [ 36.423757431000126, 10.455785804000129 ], [ 36.445650919000059, 10.455682161000027 ], [ 36.46271156600011, 10.479181219000111 ], [ 36.526777359, 10.482896159000177 ], [ 36.537226734000114, 10.473061573 ], [ 36.546228503, 10.45689689500017 ], [ 36.52049615400017, 10.399559641000167 ], [ 36.539244943000085, 10.364979387000176 ], [ 36.605471513000168, 10.364720049000027 ], [ 36.661809687000073, 10.316538557000115 ], [ 36.685399333000191, 10.317595047000168 ], [ 36.692191505000153, 10.296289130000048 ], [ 36.610570507000148, 10.259221846000173 ], [ 36.574685618000103, 10.264173395000114 ], [ 36.575847829000111, 10.279235559000085 ], [ 36.554480933000036, 10.285072005000188 ], [ 36.515488472000072, 10.2399315400001 ], [ 36.445350893000125, 10.245844166000154 ], [ 36.369421904000092, 10.161652776000096 ], [ 36.271892158000071, 10.113087661000179 ], [ 36.258919556000194, 10.078452010000092 ], [ 36.218924192000088, 10.053212510000094 ], [ 36.184567068000092, 10.049661314000048 ], [ 36.139898364000089, 10.009705090000068 ], [ 36.119798732000049, 9.961333164000052 ], [ 36.152343448000011, 9.8489314790001 ], [ 36.128207082000131, 9.852213635000055 ], [ 36.136471135000079, 9.807447298000056 ], [ 36.105286613000033, 9.773323643000083 ], [ 36.159057226000073, 9.746936508000033 ], [ 36.191865862000043, 9.68787751800005 ], [ 36.200777372000175, 9.614928768000084 ] ] ] } },
{ "type": "Feature", "properties": { "adm2_name": "Mao-komo Special", "adm2_name1": null, "adm2_name2": null, "adm2_name3": null, "adm2_pcode": "ET0605", "adm1_name": "Benishangul-Gumuz", "adm1_name1": null, "adm1_name2": null, "adm1_name3": null, "adm1_pcode": "ET06", "adm0_name": "Ethiopia", "adm0_name1": null, "adm0_name2": null, "adm0_name3": null, "adm0_pcode": "ET", "valid_on": "2025-01-01", "valid_to": null, "area_sqkm": 3181.4160928699998, "version": "v04", "lang": "en", "lang1": null, "lang2": null, "lang3": null, "adm2_ref_n": null, "center_lat": null, "center_lon": null, "adm2_alt_n": null }, "geometry": { "type": "Polygon", "coordinates": [ [ [ 34.133357354000168, 8.97566437100005 ], [ 34.08583, 9.55305 ], [ 34.128827866000051, 9.715770372000065 ], [ 34.180029554000043, 9.718639796000161 ], [ 34.1981508450001, 9.737872854000045 ], [ 34.267936510000027, 9.749294115000112 ], [ 34.313332807000108, 9.732519825999987 ], [ 34.338557312000091, 9.684568647999981 ], [ 34.387493039999981, 9.659284206000166 ], [ 34.419497300000046, 9.666098905000069 ], [ 34.433939944000088, 9.627596930000038 ], [ 34.492469418000098, 9.622654246000025 ], [ 34.509742223000103, 9.652583426000092 ], [ 34.558280370000091, 9.644480193000163 ], [ 34.567508765000071, 9.630022251000071 ], [ 34.548466702999974, 9.629662940000117 ], [ 34.523230916000159, 9.541112503000079 ], [ 34.498732266000161, 9.514231065999979 ], [ 34.512974770000142, 9.448000646000139 ], [ 34.45180644800007, 9.449110630000121 ], [ 34.46627046499998, 9.365810855000063 ], [ 34.439560022000194, 9.215575531000127 ], [ 34.401742184, 9.186634573000049 ], [ 34.340877048000152, 9.168779030000167 ], [ 34.426835009000115, 9.071795454000039 ], [ 34.458330016000161, 9.073183166000092 ], [ 34.503707991000169, 9.004134039000178 ], [ 34.430651004000083, 8.967436632000044 ], [ 34.14471289200003, 8.96223860900011 ], [ 34.133357354000168, 8.97566437100005 ] ] ] } },
{ "type": "Feature", "properties": { "adm2_name": "Kebena Special", "adm2_name1": null, "adm2_name2": null, "adm2_name3": null, "adm2_pcode": "ET0700", "adm1_name": "Central Ethiopia", "adm1_name1": null, "adm1_name2": null, "adm1_name3": null, "adm1_pcode": "ET07", "adm0_name": "Ethiopia", "adm0_name1": null, "adm0_name2": null, "adm0_name3": null, "adm0_pcode": "ET", "valid_on": "2025-01-01", "valid_to": null, "area_sqkm": 235.98313955, "version": "v04", "lang": "en", "lang1": null, "lang2": null, "lang3": null, "adm2_ref_n": null, "center_lat": null, "center_lon": null, "adm2_alt_n": null }, "geometry": { "type": "Polygon", "coordinates": [ [ [ 37.74988552800005, 8.245865424000158 ], [ 37.722791077000124, 8.309662610000146 ], [ 37.754441692000114, 8.311982690000093 ], [ 37.766268954000111, 8.325950723000176 ], [ 37.762646834000066, 8.347139050000123 ], [ 37.816257282000095, 8.331804870000042 ], [ 37.862947009000095, 8.33570500999997 ], [ 37.927986659000169, 8.378166835000115 ], [ 37.988166285000148, 8.359525958000063 ], [ 38.028041075000033, 8.390282286000058 ], [ 38.059012849000055, 8.379473305000033 ], [ 38.055756466000162, 8.362301160000186 ], [ 38.071953551000149, 8.351260066000066 ], [ 38.059088445999976, 8.335507989000121 ], [ 38.017759025000146, 8.331567437000047 ], [ 37.924885748, 8.262484538000137 ], [ 37.864753527000175, 8.27452524500012 ], [ 37.886326281000038, 8.303539034999972 ], [ 37.868172306000133, 8.320885199000088 ], [ 37.827240058000029, 8.310898806000125 ], [ 37.804158106000159, 8.282792929000152 ], [ 37.798781752000082, 8.299466751000011 ], [ 37.776377640000192, 8.304423355000154 ], [ 37.773837311000023, 8.286972430000162 ], [ 37.753402368000081, 8.277051078000113 ], [ 37.775296156000024, 8.273517703000095 ], [ 37.773801757000115, 8.254903933000094 ], [ 37.74988552800005, 8.245865424000158 ] ] ] } },
{ "type": "Feature", "properties": { "adm2_name": "Guraghe", "adm2_name1": null, "adm2_name2": null, "adm2_name3": null, "adm2_pcode": "ET0701", "adm1_name": "Central Ethiopia", "adm1_name1": null, "adm1_name2": null, "adm1_name3": null, "adm1_pcode": "ET07", "adm0_name": "Ethiopia", "adm0_name1": null, "adm0_name2": null, "adm0_name3": null, "adm0_pcode": "ET", "valid_on": "2025-01-01", "valid_to": null, "area_sqkm": 3884.1577050400001, "version": "v04", "lang": "en", "lang1": null, "lang2": null, "lang3": null, "adm2_ref_n": null, "center_lat": null, "center_lon": null, "adm2_alt_n": null }, "geometry": { "type": "Polygon", "coordinates": [ [ [ 37.917031340000108, 7.859680589000106 ], [ 37.939425755000059, 7.814729910000096 ], [ 37.916345675000116, 7.795508350999967 ], [ 37.916896240000142, 7.777377479000165 ], [ 37.890706753000075, 7.787270003000117 ], [ 37.897074616, 7.75826188100018 ], [ 37.873035721000122, 7.743111327 ], [ 37.811878381000042, 7.819293070000185 ], [ 37.769885628, 7.846110038000177 ], [ 37.720516331000169, 7.849815177000039 ], [ 37.704721668000104, 7.890371492000099 ], [ 37.607243712000127, 7.924702646000071 ], [ 37.615412574000118, 7.950570368000058 ], [ 37.592137343000161, 8.093134079000038 ], [ 37.623886783000046, 8.200043598000093 ], [ 37.617970371000069, 8.223404930000186 ], [ 37.550265319000061, 8.244460121000145 ], [ 37.529147732000126, 8.265820187000031 ], [ 37.480860937000102, 8.258579291000046 ], [ 37.46408344800011, 8.282420873999968 ], [ 37.471383310000135, 8.350706936000108 ], [ 37.512209156000154, 8.416968900000086 ], [ 37.557978897000055, 8.425509241000043 ], [ 37.611968519000186, 8.354086028000097 ], [ 37.666063217999977, 8.383537295 ], [ 37.704547954000134, 8.337035197000034 ], [ 37.747967710000182, 8.351765815000078 ], [ 37.766498016000014, 8.346543430000054 ], [ 37.754441692000114, 8.311982690000093 ], [ 37.722791077000124, 8.309662610000146 ], [ 37.752489700000069, 8.243693980000103 ], [ 37.773801757000115, 8.254903933000094 ], [ 37.775296156000024, 8.273517703000095 ], [ 37.753402368000081, 8.277051078000113 ], [ 37.773837311000023, 8.286972430000162 ], [ 37.775945684000135, 8.304278462000184 ], [ 37.798781752000082, 8.299466751000011 ], [ 37.804158106000159, 8.282792929000152 ], [ 37.827240058000029, 8.310898806000125 ], [ 37.867521416000102, 8.320820570000024 ], [ 37.886326281000038, 8.303539034999972 ], [ 37.864753527000175, 8.27452524500012 ], [ 37.93021434800005, 8.264006327 ], [ 38.017759025000146, 8.331567437000047 ], [ 38.064175903000034, 8.338104417000181 ], [ 38.072148596000034, 8.350064040000063 ], [ 38.055756466000162, 8.362301160000186 ], [ 38.059012849000055, 8.379473305000033 ], [ 38.109999975000051, 8.390368230999968 ], [ 38.122545523000156, 8.406587924000064 ], [ 38.164180883000029, 8.408050598000102 ], [ 38.18003017000018, 8.392867265000177 ], [ 38.217544956000154, 8.408777934000057 ], [ 38.266314665000152, 8.406637793000186 ], [ 38.311464357000148, 8.369946127999981 ], [ 38.30703432100006, 8.299693011000102 ], [ 38.326219589000118, 8.267046382000103 ], [ 38.317698194000172, 8.234979461000137 ], [ 38.282906828000137, 8.200128883000161 ], [ 38.284922725, 8.169879428000115 ], [ 38.252022195000109, 8.120191331000171 ], [ 38.220562113000142, 8.120658788000071 ], [ 38.213745283000094, 8.096927730000118 ], [ 38.189488216000086, 8.091390840000088 ], [ 38.145486341000094, 8.008697870000049 ], [ 38.128576789000022, 8.000452405000033 ], [ 38.129914954000185, 7.968565095000088 ], [ 38.090694961000054, 7.945395396000151 ], [ 38.006095053000138, 7.840454076000128 ], [ 37.996816677000027, 7.842928427000118 ], [ 38.002038735000099, 7.854922390000127 ], [ 37.979476086000091, 7.849571892000085 ], [ 37.984499252000035, 7.875803965000102 ], [ 37.94935235700018, 7.852171624999983 ], [ 37.917031340000108, 7.859680589000106 ] ] ] } },
{ "type": "Feature", "properties": { "adm2_name": "Hadiya", "adm2_name1": null, "adm2_name2": null, "adm2_name3": null, "adm2_pcode": "ET0702", "adm1_name": "Central Ethiopia", "adm1_name1": null, "adm1_name2": null, "adm1_name3": null, "adm1_pcode": "ET07", "adm0_name": "Ethiopia", "adm0_name1": null, "adm0_name2": null, "adm0_name3": null, "adm0_pcode": "ET", "valid_on": "2025-01-01", "valid_to": null, "area_sqkm": 3650.66964951, "version": "v04", "lang": "en", "lang1": null, "lang2": null, "lang3": null, "adm2_ref_n": null, "center_lat": null, "center_lon": null, "adm2_alt_n": null }, "geometry": { "type": "MultiPolygon", "coordinates": [ [ [ [ 37.765241888000048, 7.387300656000093 ], [ 37.738150142000052, 7.338731909999979 ], [ 37.771713262000048, 7.314441034000083 ], [ 37.731683913000154, 7.307318887000122 ], [ 37.708924786000068, 7.278635608000172 ], [ 37.691379546000178, 7.279474215 ], [ 37.690078107000033, 7.294918016 ], [ 37.666815112000052, 7.276083578000055 ], [ 37.659924431000036, 7.321608929000149 ], [ 37.639219882000134, 7.321110674000067 ], [ 37.594717256000024, 7.250350693000144 ], [ 37.581219511000086, 7.24875983000004 ], [ 37.58100835900018, 7.285888341000089 ], [ 37.563864563000152, 7.291619424000089 ], [ 37.584841951000101, 7.312348736 ], [ 37.584517935000122, 7.286752214999979 ], [ 37.591897127000152, 7.290184815000146 ], [ 37.59268161500006, 7.32845810800012 ], [ 37.53854898100019, 7.321598818000098 ], [ 37.467155124000044, 7.341727182 ], [ 37.411424645000011, 7.320952299000169 ], [ 37.351690162000011, 7.330731424000078 ], [ 37.349479886000097, 7.35773547600013 ], [ 37.390284942, 7.402422383000101 ], [ 37.407219633000125, 7.492180415000121 ], [ 37.44510397, 7.564316881000025 ], [ 37.507401197000149, 7.608198725000079 ], [ 37.535565680000161, 7.663992033000056 ], [ 37.562756469000078, 7.775274241000034 ], [ 37.5964195950001, 7.851054245000114 ], [ 37.602472260000013, 7.922954968000056 ], [ 37.60796172, 7.926512375000186 ], [ 37.704721668000104, 7.890371492000099 ], [ 37.720516331000169, 7.849815177000039 ], [ 37.769885628, 7.846110038000177 ], [ 37.811878381000042, 7.819293070000185 ], [ 37.866921915000148, 7.751760657000148 ], [ 37.855927836000092, 7.71572709600008 ], [ 37.88780370600017, 7.703084598000146 ], [ 37.879423447000136, 7.697851307000121 ], [ 37.88692490699998, 7.681740320000131 ], [ 37.931344368000111, 7.688899974000094 ], [ 37.933848991000104, 7.652353166000125 ], [ 37.959422572000165, 7.729920007000146 ], [ 38.002757206000126, 7.691462941000168 ], [ 38.027646001000164, 7.701771675000089 ], [ 38.023497549000126, 7.727060596000058 ], [ 38.053972005000048, 7.721283872000129 ], [ 38.04182093999998, 7.69501232500005 ], [ 38.05609174600005, 7.688081770999986 ], [ 38.05820552900002, 7.662513638000064 ], [ 38.046257977000039, 7.658697043000188 ], [ 38.045384245000037, 7.64195957600009 ], [ 38.100947033000125, 7.628086347000021 ], [ 38.100460245000193, 7.607031478000067 ], [ 38.111912903000075, 7.607454208000036 ], [ 38.120304391, 7.540343516000178 ], [ 38.111564587000032, 7.541269767000188 ], [ 38.109317772000054, 7.501335913000048 ], [ 38.089007090000109, 7.488548491000188 ], [ 38.127629043000127, 7.450958747000072 ], [ 38.103993799000136, 7.418346606000057 ], [ 38.043921492999971, 7.418829487000153 ], [ 38.026601699000082, 7.404306300000144 ], [ 37.983560144000137, 7.422427254000013 ], [ 37.926281033000123, 7.399517820000028 ], [ 37.920209027000055, 7.433298081000032 ], [ 37.894663983000157, 7.440240707000157 ], [ 37.863443991000167, 7.482276698000021 ], [ 37.847450747999972, 7.475634831000036 ], [ 37.830464831000086, 7.500965046000033 ], [ 37.829702427000086, 7.484622318000163 ], [ 37.808809475000146, 7.478982785000085 ], [ 37.835600483000121, 7.455989235000061 ], [ 37.765241888000048, 7.387300656000093 ] ], [ [ 37.564855901000101, 7.339833810000016 ], [ 37.561912919000122, 7.361099006000074 ], [ 37.534684013000117, 7.364519678000079 ], [ 37.512994358000071, 7.349161425000091 ], [ 37.519755123000039, 7.33695761000007 ], [ 37.5507302420001, 7.331014237000147 ], [ 37.564855901000101, 7.339833810000016 ] ] ], [ [ [ 38.056772201000115, 7.073414520000085 ], [ 37.994454268000027, 7.060349946000031 ], [ 37.995464280000135, 7.088630294000154 ], [ 37.979409165000163, 7.10820772600016 ], [ 37.92967892300004, 7.117021458000011 ], [ 37.909264880000194, 7.099545488 ], [ 37.87099441100014, 7.115258951000101 ], [ 37.84704530800019, 7.099839219000046 ], [ 37.796854369000073, 7.096262855000077 ], [ 37.774503031000052, 7.117025707000096 ], [ 37.736760909999987, 7.120780221000075 ], [ 37.745991590000131, 7.135543920000146 ], [ 37.718760409000026, 7.142570621 ], [ 37.718537683000079, 7.157569002000116 ], [ 37.74372914200012, 7.16397704100018 ], [ 37.744064860000037, 7.153718133999973 ], [ 37.778580166000154, 7.143079901000078 ], [ 37.804124215000115, 7.176717963999977 ], [ 37.824896571000181, 7.180674970000041 ], [ 37.811028364000151, 7.190111866000109 ], [ 37.83219294800017, 7.205879171000049 ], [ 37.842981580000071, 7.20124231900013 ], [ 37.846429868000087, 7.170682758000169 ], [ 37.852425230000165, 7.203589050000062 ], [ 37.871513649000121, 7.197806442000115 ], [ 37.877140408000173, 7.20916285300018 ], [ 37.997616885000127, 7.19700423 ], [ 37.996783557000128, 7.218133840000178 ], [ 38.01136133100016, 7.215024672000141 ], [ 38.00865295300008, 7.237298056999975 ], [ 38.02276039200018, 7.232709151000108 ], [ 38.033109152, 7.267045659000189 ], [ 38.065944358000081, 7.270561880000059 ], [ 38.095517541000106, 7.238476994999985 ], [ 38.10116603300014, 7.208161027000074 ], [ 38.07801476100019, 7.180263146000073 ], [ 38.056772201000115, 7.073414520000085 ] ] ] ] } },
{ "type": "Feature", "properties": { "adm2_name": "Kembata", "adm2_name1": null, "adm2_name2": null, "adm2_name3": null, "adm2_pcode": "ET0703", "adm1_name": "Central Ethiopia", "adm1_name1": null, "adm1_name2": null, "adm1_name3": null, "adm1_pcode": "ET07", "adm0_name": "Ethiopia", "adm0_name1": null, "adm0_name2": null, "adm0_name3": null, "adm0_pcode": "ET", "valid_on": "2025-01-01", "valid_to": null, "area_sqkm": 1016.67022672, "version": "v04", "lang": "en", "lang1": null, "lang2": null, "lang3": null, "adm2_ref_n": null, "center_lat": null, "center_lon": null, "adm2_alt_n": null }, "geometry": { "type": "Polygon", "coordinates": [ [ [ 37.660023599000056, 7.178714861000117 ], [ 37.546769528000084, 7.170417432000079 ], [ 37.53471808, 7.189986808000072 ], [ 37.592645940000011, 7.201934972000117 ], [ 37.609591668000064, 7.235172305000162 ], [ 37.601260792000176, 7.264595801000155 ], [ 37.631847688000164, 7.314504383000099 ], [ 37.642034979000073, 7.310565658000087 ], [ 37.639219882000134, 7.321110674000067 ], [ 37.659924431000036, 7.321608929000149 ], [ 37.666815112000052, 7.276083578000055 ], [ 37.690078107000033, 7.294918016 ], [ 37.691379546000178, 7.279474215 ], [ 37.708924786000068, 7.278635608000172 ], [ 37.731683913000154, 7.307318887000122 ], [ 37.773573363000082, 7.315961143000038 ], [ 37.738150142000052, 7.338731909999979 ], [ 37.754117953000048, 7.380772160000163 ], [ 37.835600483000121, 7.455989235000061 ], [ 37.808809475000146, 7.478982785000085 ], [ 37.829702427000086, 7.484622318000163 ], [ 37.828695604000188, 7.500644880000152 ], [ 37.843138427000156, 7.494982371000162 ], [ 37.847645456000123, 7.475492386000042 ], [ 37.863443991000167, 7.482276698000021 ], [ 37.876351082000042, 7.471740432000104 ], [ 37.894663983000157, 7.440240707000157 ], [ 37.920209027000055, 7.433298081000032 ], [ 37.922344501000168, 7.400778646999981 ], [ 37.986293597000099, 7.422426165000047 ], [ 38.053804742000182, 7.392850012999986 ], [ 38.05009267000014, 7.379919613000027 ], [ 38.014719221000178, 7.376109885000119 ], [ 38.004502331000026, 7.328012780000051 ], [ 37.981939337000085, 7.319774427000084 ], [ 37.966011578000177, 7.294204767000053 ], [ 37.971445946000074, 7.275814898000021 ], [ 38.020522715000027, 7.266997572000037 ], [ 38.035368377000168, 7.295458917000076 ], [ 38.04711244300006, 7.282219528000041 ], [ 38.070400883000104, 7.299026235000042 ], [ 38.078667143000189, 7.256501600000036 ], [ 38.065944358000081, 7.270561880000059 ], [ 38.033109152, 7.267045659000189 ], [ 38.02276039200018, 7.232709151000108 ], [ 38.00865295300008, 7.237298056999975 ], [ 38.01136133100016, 7.215024672000141 ], [ 37.996783557000128, 7.218133840000178 ], [ 37.997616885000127, 7.19700423 ], [ 37.877140408000173, 7.20916285300018 ], [ 37.871513649000121, 7.197806442000115 ], [ 37.852425230000165, 7.203589050000062 ], [ 37.846429868000087, 7.170682758000169 ], [ 37.842981580000071, 7.20124231900013 ], [ 37.83219294800017, 7.205879171000049 ], [ 37.811028364000151, 7.190111866000109 ], [ 37.824896571000181, 7.180674970000041 ], [ 37.804124215000115, 7.176717963999977 ], [ 37.778580166000154, 7.143079901000078 ], [ 37.744064860000037, 7.153718133999973 ], [ 37.74372914200012, 7.16397704100018 ], [ 37.715551558000186, 7.156642748000024 ], [ 37.660023599000056, 7.178714861000117 ] ] ] } },
{ "type": "Feature", "properties": { "adm2_name": "East Guraghe", "adm2_name1": null, "adm2_name2": null, "adm2_name3": null, "adm2_pcode": "ET0704", "adm1_name": "Central Ethiopia", "adm1_name1": null, "adm1_name2": null, "adm1_name3": null, "adm1_pcode": "ET07", "adm0_name": "Ethiopia", "adm0_name1": null, "adm0_name2": null, "adm0_name3": null, "adm0_pcode": "ET", "valid_on": "2025-01-01", "valid_to": null, "area_sqkm": 1289.83136489, "version": "v04", "lang": "en", "lang1": null, "lang2": null, "lang3": null, "adm2_ref_n": null, "center_lat": null, "center_lon": null, "adm2_alt_n": null }, "geometry": { "type": "Polygon", "coordinates": [ [ [ 38.559218199000043, 8.10181875800015 ], [ 38.534563611000124, 8.055568323999978 ], [ 38.517301729000053, 8.060170694000135 ], [ 38.515892880000081, 8.079083969000123 ], [ 38.504662823000047, 8.075095239000177 ], [ 38.490918523000062, 8.035139507000167 ], [ 38.446195268000054, 8.054460635000112 ], [ 38.464917950000029, 8.070765066000092 ], [ 38.453396921000035, 8.078256037000187 ], [ 38.460130652000032, 8.087882258000093 ], [ 38.439870087000088, 8.092735307000055 ], [ 38.427563073000044, 8.077739906000033 ], [ 38.408789980000051, 8.090756021000061 ], [ 38.382844111000111, 8.082269779000114 ], [ 38.338893003000123, 8.048922078000032 ], [ 38.28310834600012, 8.055404675000034 ], [ 38.264543513000149, 8.083989836000057 ], [ 38.270830040000078, 8.121548743000062 ], [ 38.251762047000057, 8.121657722000123 ], [ 38.325997156000085, 8.266985551000175 ], [ 38.347344031000034, 8.254240952000032 ], [ 38.421633616000122, 8.289022429000056 ], [ 38.468288238000184, 8.435005139000054 ], [ 38.477883440000028, 8.447359394000046 ], [ 38.501452516000086, 8.44396940900009 ], [ 38.526842520000116, 8.45761957000002 ], [ 38.575784188, 8.444891630000143 ], [ 38.590882148000105, 8.426018643000077 ], [ 38.61675172200006, 8.431138369 ], [ 38.654451646000041, 8.394637113000044 ], [ 38.667231758000014, 8.350485245000186 ], [ 38.650952231000133, 8.285082027000158 ], [ 38.715921776000073, 8.23115956800018 ], [ 38.682187349000117, 8.190427868000143 ], [ 38.684511863000068, 8.12245477200014 ], [ 38.672843128000181, 8.089863961000162 ], [ 38.635133765000148, 8.132337731000121 ], [ 38.593544457000178, 8.260199101000126 ], [ 38.549258653000038, 8.26268337099998 ], [ 38.542552826000076, 8.225849506000145 ], [ 38.581462537999982, 8.171877069000118 ], [ 38.583944895000116, 8.108104487000048 ], [ 38.598037788999989, 8.086922011000127 ], [ 38.591224245000092, 8.08084240800008 ], [ 38.559218199000043, 8.10181875800015 ] ] ] } },
{ "type": "Feature", "properties": { "adm2_name": "Halaba", "adm2_name1": null, "adm2_name2": null, "adm2_name3": null, "adm2_pcode": "ET0714", "adm1_name": "Central Ethiopia", "adm1_name1": null, "adm1_name2": null, "adm1_name3": null, "adm1_pcode": "ET07", "adm0_name": "Ethiopia", "adm0_name1": null, "adm0_name2": null, "adm0_name3": null, "adm0_pcode": "ET", "valid_on": "2025-01-01", "valid_to": null, "area_sqkm": 977.60701955000002, "version": "v04", "lang": "en", "lang1": null, "lang2": null, "lang3": null, "adm2_ref_n": null, "center_lat": null, "center_lon": null, "adm2_alt_n": null }, "geometry": { "type": "Polygon", "coordinates": [ [ [ 38.101033662000077, 7.207848118000186 ], [ 38.063043782000079, 7.298604211999987 ], [ 38.04711244300006, 7.282219528000041 ], [ 38.035368377000168, 7.295458917000076 ], [ 38.020522715000027, 7.266997572000037 ], [ 37.971445946000074, 7.275814898000021 ], [ 37.966011578000177, 7.294204767000053 ], [ 37.981939337000085, 7.319774427000084 ], [ 38.004502331000026, 7.328012780000051 ], [ 38.014719221000178, 7.376109885000119 ], [ 38.055016979000186, 7.386439180000082 ], [ 38.03053235100009, 7.405269183000144 ], [ 38.03999275100017, 7.416744683000161 ], [ 38.103993799000136, 7.418346606000057 ], [ 38.118521519000126, 7.437459164000131 ], [ 38.126119760000051, 7.420551728000078 ], [ 38.148870260000194, 7.416275300000109 ], [ 38.168223997000098, 7.445152513000153 ], [ 38.1620648170001, 7.460531453000044 ], [ 38.191437264000058, 7.448635246000094 ], [ 38.200697629000047, 7.478691007000123 ], [ 38.213893246000168, 7.480656819000046 ], [ 38.191773876000184, 7.494614621000096 ], [ 38.199672293000106, 7.504466384000182 ], [ 38.219939889000159, 7.487986548000151 ], [ 38.217622508000034, 7.521440404000032 ], [ 38.249567923000086, 7.58888759700011 ], [ 38.291306544, 7.585272131000124 ], [ 38.343435823000164, 7.625510633000033 ], [ 38.358949125000095, 7.620399059000079 ], [ 38.320223372000044, 7.642568338 ], [ 38.32140981100008, 7.651056764000145 ], [ 38.337340385000118, 7.643600080999988 ], [ 38.333468497000183, 7.664409910000074 ], [ 38.320979350000073, 7.662932289000139 ], [ 38.32609546000009, 7.685027692000176 ], [ 38.363488013000165, 7.675040832000036 ], [ 38.365219011000192, 7.692360907000023 ], [ 38.412301550000166, 7.679911233000041 ], [ 38.420263009000166, 7.624342803000047 ], [ 38.401043085000083, 7.578700777000165 ], [ 38.425662915000032, 7.553869645000134 ], [ 38.426748651000139, 7.514721252000072 ], [ 38.341228791000162, 7.478579378 ], [ 38.327244892000124, 7.461681727000155 ], [ 38.31891194300016, 7.41416739500005 ], [ 38.279442839000126, 7.380599418000031 ], [ 38.28152741700012, 7.338683435000178 ], [ 38.265210099000058, 7.306723977000104 ], [ 38.101033662000077, 7.207848118000186 ] ] ] } },
{ "type": "Feature", "properties": { "adm2_name": "Siltie", "adm2_name1": null, "adm2_name2": null, "adm2_name3": null, "adm2_pcode": "ET0720", "adm1_name": "Central Ethiopia", "adm1_name1": null, "adm1_name2": null, "adm1_name3": null, "adm1_pcode": "ET07", "adm0_name": "Ethiopia", "adm0_name1": null, "adm0_name2": null, "adm0_name3": null, "adm0_pcode": "ET", "valid_on": "2025-01-01", "valid_to": null, "area_sqkm": 2646.8817713100002, "version": "v04", "lang": "en", "lang1": null, "lang2": null, "lang3": null, "adm2_ref_n": null, "center_lat": null, "center_lon": null, "adm2_alt_n": null }, "geometry": { "type": "Polygon", "coordinates": [ [ [ 38.259509392000098, 7.595892671000115 ], [ 38.217622508000034, 7.521440404000032 ], [ 38.219939889000159, 7.487986548000151 ], [ 38.200283769000066, 7.504467497000178 ], [ 38.191773876000184, 7.494614621000096 ], [ 38.213893246000168, 7.480656819000046 ], [ 38.200697629000047, 7.478691007000123 ], [ 38.194814813, 7.451481385000136 ], [ 38.1620648170001, 7.460531453000044 ], [ 38.168223997000098, 7.445152513000153 ], [ 38.148870260000194, 7.416275300000109 ], [ 38.127147690000186, 7.420114369999965 ], [ 38.118521519000126, 7.437459164000131 ], [ 38.12683367600016, 7.456395572000019 ], [ 38.089007090000109, 7.488548491000188 ], [ 38.112246503000165, 7.508161538000024 ], [ 38.117875754000067, 7.584491536000087 ], [ 38.111912903000075, 7.607454208000036 ], [ 38.100460245000193, 7.607031478000067 ], [ 38.100947033000125, 7.628086347000021 ], [ 38.045384245000037, 7.64195957600009 ], [ 38.046257977000039, 7.658697043000188 ], [ 38.053008212000179, 7.658922651000012 ], [ 38.05820552900002, 7.662513638000064 ], [ 38.05609174600005, 7.688081770999986 ], [ 38.04182093999998, 7.69501232500005 ], [ 38.054899103000025, 7.720194923000179 ], [ 38.023497549000126, 7.727060596000058 ], [ 38.027646001000164, 7.701771675000089 ], [ 38.002757206000126, 7.691462941000168 ], [ 37.959422572000165, 7.729920007000146 ], [ 37.933848991000104, 7.652353166000125 ], [ 37.93341283500007, 7.686849473 ], [ 37.88692490699998, 7.681740320000131 ], [ 37.879423447000136, 7.697851307000121 ], [ 37.88780370600017, 7.703084598000146 ], [ 37.855927836000092, 7.71572709600008 ], [ 37.858714623000026, 7.7426676770001 ], [ 37.897074616, 7.75826188100018 ], [ 37.893634292000115, 7.79029975300017 ], [ 37.916896240000142, 7.777377479000165 ], [ 37.916345675000116, 7.795508350999967 ], [ 37.936924388000079, 7.808720846000142 ], [ 37.91655696000015, 7.860369836000189 ], [ 37.94935235700018, 7.852171624999983 ], [ 37.984499252000035, 7.875803965000102 ], [ 37.979476086000091, 7.849571892000085 ], [ 38.002038735000099, 7.854922390000127 ], [ 38.001387309, 7.838627077000183 ], [ 38.044667804000028, 7.877115915000104 ], [ 38.090694961000054, 7.945395396000151 ], [ 38.129914954000185, 7.968565095000088 ], [ 38.128576789000022, 8.000452405000033 ], [ 38.145486341000094, 8.008697870000049 ], [ 38.189488216000086, 8.091390840000088 ], [ 38.217982977000077, 8.101849438000045 ], [ 38.220562113000142, 8.120658788000071 ], [ 38.270830040000078, 8.121548743000062 ], [ 38.264543513000149, 8.083989836000057 ], [ 38.28310834600012, 8.055404675000034 ], [ 38.338893003000123, 8.048922078000032 ], [ 38.406869026000095, 8.090657509000096 ], [ 38.427563073000044, 8.077739906000033 ], [ 38.439870087000088, 8.092735307000055 ], [ 38.459461733000182, 8.088325408000117 ], [ 38.463231512999982, 8.065809439000134 ], [ 38.431622954000147, 8.021585976999972 ], [ 38.457172601000138, 7.993907833000151 ], [ 38.434528215000057, 7.970403329000135 ], [ 38.549485231000176, 7.870874441000069 ], [ 38.512908086000039, 7.848910445000172 ], [ 38.492442884000127, 7.795393342000182 ], [ 38.444847429000163, 7.759533909000083 ], [ 38.438652980000029, 7.718867017999969 ], [ 38.412301550000166, 7.679911233000041 ], [ 38.365219011000192, 7.692360907000023 ], [ 38.363488013000165, 7.675040832000036 ], [ 38.32569654800011, 7.684519572000056 ], [ 38.320979350000073, 7.662932289000139 ], [ 38.333468497000183, 7.664409910000074 ], [ 38.337340385000118, 7.643600080999988 ], [ 38.32140981100008, 7.651056764000145 ], [ 38.320223372000044, 7.642568338 ], [ 38.358949125000095, 7.620399059000079 ], [ 38.343435823000164, 7.625510633000033 ], [ 38.291306544, 7.585272131000124 ], [ 38.259509392000098, 7.595892671000115 ] ] ] } },
{ "type": "Feature", "properties": { "adm2_name": "Yem", "adm2_name1": null, "adm2_name2": null, "adm2_name3": null, "adm2_pcode": "ET0724", "adm1_name": "Central Ethiopia", "adm1_name1": null, "adm1_name2": null, "adm1_name3": null, "adm1_pcode": "ET07", "adm0_name": "Ethiopia", "adm0_name1": null, "adm0_name2": null, "adm0_name3": null, "adm0_pcode": "ET", "valid_on": "2025-01-01", "valid_to": null, "area_sqkm": 764.14918603000001, "version": "v04", "lang": "en", "lang1": null, "lang2": null, "lang3": null, "adm2_ref_n": null, "center_lat": null, "center_lon": null, "adm2_alt_n": null }, "geometry": { "type": "Polygon", "coordinates": [ [ [ 37.454978078000067, 7.562509588000125 ], [ 37.401194678000138, 7.682667443000014 ], [ 37.400024687000041, 7.741052648000107 ], [ 37.404844578000166, 7.827260347000106 ], [ 37.436714014000188, 7.918528487 ], [ 37.389814797000099, 7.961972350000053 ], [ 37.391790293000156, 7.992900512 ], [ 37.490798981000125, 8.017061117000083 ], [ 37.513998827000137, 7.999670325000181 ], [ 37.532808681000063, 7.959608516 ], [ 37.557518523000169, 7.948338 ], [ 37.602829784000107, 7.964857662000043 ], [ 37.601539915000046, 7.98599230300016 ], [ 37.615412574000118, 7.950570368000058 ], [ 37.5964195950001, 7.851054245000114 ], [ 37.562756469000078, 7.775274241000034 ], [ 37.535565680000161, 7.663992033000056 ], [ 37.507401197000149, 7.608198725000079 ], [ 37.474591239000063, 7.594168015000037 ], [ 37.454978078000067, 7.562509588000125 ] ] ] } },
{ "type": "Feature", "properties": { "adm2_name": "Mareko Special", "adm2_name1": null, "adm2_name2": null, "adm2_name3": null, "adm2_pcode": "ET0725", "adm1_name": "Central Ethiopia", "adm1_name1": null, "adm1_name2": null, "adm1_name3": null, "adm1_pcode": "ET07", "adm0_name": "Ethiopia", "adm0_name1": null, "adm0_name2": null, "adm0_name3": null, "adm0_pcode": "ET", "valid_on": "2025-01-01", "valid_to": null, "area_sqkm": 300.45422666000002, "version": "v04", "lang": "en", "lang1": null, "lang2": null, "lang3": null, "adm2_ref_n": null, "center_lat": null, "center_lon": null, "adm2_alt_n": null }, "geometry": { "type": "Polygon", "coordinates": [ [ [ 38.612682218000145, 8.043301324000026 ], [ 38.627701764000108, 8.03359527900011 ], [ 38.597367683000186, 7.990588941000169 ], [ 38.586507289000053, 7.938259967000135 ], [ 38.549485231000176, 7.870874441000069 ], [ 38.434528215000057, 7.970403329000135 ], [ 38.457172601000138, 7.993907833000151 ], [ 38.431733191000092, 8.020716718000074 ], [ 38.445806743000162, 8.050363932000153 ], [ 38.474566898000091, 8.049526443000047 ], [ 38.490918523000062, 8.035139507000167 ], [ 38.504662823000047, 8.075095239000177 ], [ 38.515892880000081, 8.079083969000123 ], [ 38.517301729000053, 8.060170694000135 ], [ 38.534563611000124, 8.055568323999978 ], [ 38.559218199000043, 8.10181875800015 ], [ 38.62185218999997, 8.068412431000183 ], [ 38.612682218000145, 8.043301324000026 ] ] ] } },
{ "type": "Feature", "properties": { "adm2_name": "Tembaro Special", "adm2_name1": null, "adm2_name2": null, "adm2_name3": null, "adm2_pcode": "ET0726", "adm1_name": "Central Ethiopia", "adm1_name1": null, "adm1_name2": null, "adm1_name3": null, "adm1_pcode": "ET07", "adm0_name": "Ethiopia", "adm0_name1": null, "adm0_name2": null, "adm0_name3": null, "adm0_pcode": "ET", "valid_on": "2025-01-01", "valid_to": null, "area_sqkm": 339.64545331, "version": "v04", "lang": "en", "lang1": null, "lang2": null, "lang3": null, "adm2_ref_n": null, "center_lat": null, "center_lon": null, "adm2_alt_n": null }, "geometry": { "type": "MultiPolygon", "coordinates": [ [ [ [ 37.529766546000133, 7.193103754000049 ], [ 37.508622944000081, 7.215597063000132 ], [ 37.464332570000067, 7.199061273000154 ], [ 37.402646895000089, 7.246221451000054 ], [ 37.374285316000112, 7.251456135000126 ], [ 37.356799446000025, 7.27680087900012 ], [ 37.353791021000063, 7.325018300000067 ], [ 37.411424645000011, 7.320952299000169 ], [ 37.467155124000044, 7.341727182 ], [ 37.53854898100019, 7.321598818000098 ], [ 37.59268161500006, 7.32845810800012 ], [ 37.591897127000152, 7.290184815000146 ], [ 37.584517935000122, 7.286752214999979 ], [ 37.584841951000101, 7.312348736 ], [ 37.563864563000152, 7.291619424000089 ], [ 37.58100835900018, 7.285888341000089 ], [ 37.581219511000086, 7.24875983000004 ], [ 37.600838477000138, 7.255642255000055 ], [ 37.60660243500007, 7.220541840000124 ], [ 37.578164394000169, 7.192726637000021 ], [ 37.529766546000133, 7.193103754000049 ] ] ], [ [ [ 37.564855901000101, 7.339833810000016 ], [ 37.519755123000039, 7.33695761000007 ], [ 37.512994358000071, 7.349161425000091 ], [ 37.534684013000117, 7.364519678000079 ], [ 37.564945011000191, 7.35977651900015 ], [ 37.564855901000101, 7.339833810000016 ] ] ] ] } },
{ "type": "Feature", "properties": { "adm2_name": "Wolayita", "adm2_name1": null, "adm2_name2": null, "adm2_name3": null, "adm2_pcode": "ET0801", "adm1_name": "South Ethiopia", "adm1_name1": null, "adm1_name2": null, "adm1_name3": null, "adm1_pcode": "ET08", "adm0_name": "Ethiopia", "adm0_name1": null, "adm0_name2": null, "adm0_name3": null, "adm0_pcode": "ET", "valid_on": "2025-01-01", "valid_to": null, "area_sqkm": 4513.163675, "version": "v04", "lang": "en", "lang1": null, "lang2": null, "lang3": null, "adm2_ref_n": null, "center_lat": null, "center_lon": null, "adm2_alt_n": null }, "geometry": { "type": "Polygon", "coordinates": [ [ [ 37.821862348000025, 6.575033878000056 ], [ 37.758306312000116, 6.585289358000068 ], [ 37.738192370000149, 6.609646436999981 ], [ 37.719305072000054, 6.612254291000113 ], [ 37.698497, 6.644647352000106 ], [ 37.682079969000142, 6.626753391000022 ], [ 37.622609235000027, 6.637168056000121 ], [ 37.588318055000173, 6.620202757000186 ], [ 37.530440231, 6.62086301700009 ], [ 37.475269491000063, 6.663973911000028 ], [ 37.357621332000122, 6.685524317000159 ], [ 37.330005686000163, 6.706963472000098 ], [ 37.264577340000187, 6.709569011000099 ], [ 37.232800671000064, 6.671807544000046 ], [ 37.224905459000183, 6.721240484000077 ], [ 37.249416999, 6.742560857000171 ], [ 37.243941635000169, 6.761236353000129 ], [ 37.267747511000039, 6.777163616000166 ], [ 37.307605569000089, 6.863191847000053 ], [ 37.338039243000026, 6.874518833000025 ], [ 37.388620472000127, 6.86083908300003 ], [ 37.416474561000086, 6.871291499000165 ], [ 37.434974637999971, 6.894799343000102 ], [ 37.421132144000069, 6.961003137999967 ], [ 37.459723258999986, 7.09888169400017 ], [ 37.455444102000058, 7.13519806100004 ], [ 37.493623126000102, 7.150732506000054 ], [ 37.527730025000153, 7.189483715000108 ], [ 37.546769528000084, 7.170417432000079 ], [ 37.650168614999984, 7.181557291000104 ], [ 37.677717156000028, 7.174315598000021 ], [ 37.745991590000131, 7.135543920000146 ], [ 37.736760909999987, 7.120780221000075 ], [ 37.774503031000052, 7.117025707000096 ], [ 37.796854369000073, 7.096262855000077 ], [ 37.84704530800019, 7.099839219000046 ], [ 37.87099441100014, 7.115258951000101 ], [ 37.902326338000023, 7.099277866000079 ], [ 37.92967892300004, 7.117021458000011 ], [ 37.977538857000127, 7.108969376000118 ], [ 37.995464280000135, 7.088630294000154 ], [ 37.994454268000027, 7.060349946000031 ], [ 38.062799043000155, 7.076428912000097 ], [ 38.064154741000038, 7.043386989000112 ], [ 38.130711048000137, 6.973029833000055 ], [ 38.136591922000036, 6.939727871000116 ], [ 38.118444278000027, 6.871920474000035 ], [ 38.080008498000041, 6.796448477000183 ], [ 38.049927407000098, 6.693215047000024 ], [ 38.019388640000045, 6.665603544000135 ], [ 38.009594748999973, 6.617068244000109 ], [ 38.018846062000136, 6.573269380000113 ], [ 37.952662912000051, 6.549619914000175 ], [ 37.892775954000172, 6.596070541000074 ], [ 37.813052757000037, 6.508329764000109 ], [ 37.826261730000056, 6.545873918000041 ], [ 37.821862348000025, 6.575033878000056 ] ] ] } },
{ "type": "Feature", "properties": { "adm2_name": "Gamo", "adm2_name1": null, "adm2_name2": null, "adm2_name3": null, "adm2_pcode": "ET0802", "adm1_name": "South Ethiopia", "adm1_name1": null, "adm1_name2": null, "adm1_name3": null, "adm1_pcode": "ET08", "adm0_name": "Ethiopia", "adm0_name1": null, "adm0_name2": null, "adm0_name3": null, "adm0_pcode": "ET", "valid_on": "2025-01-01", "valid_to": null, "area_sqkm": 7414.66843728, "version": "v04", "lang": "en", "lang1": null, "lang2": null, "lang3": null, "adm2_ref_n": null, "center_lat": null, "center_lon": null, "adm2_alt_n": null }, "geometry": { "type": "Polygon", "coordinates": [ [ [ 37.064975201000095, 5.709967462000179 ], [ 37.045297626000092, 5.686738748000039 ], [ 37.051593478000029, 5.651935936000086 ], [ 37.031406155000127, 5.631782409000152 ], [ 37.030867459000092, 5.669414690000167 ], [ 37.002305212000067, 5.697150954 ], [ 37.012810839, 5.864354988000116 ], [ 36.993021844000054, 5.955742868000129 ], [ 36.995183258000168, 5.968871448000186 ], [ 37.027334354000061, 5.976835300000062 ], [ 37.048957797000185, 6.005637996000075 ], [ 37.09277635400008, 6.199957007000023 ], [ 37.114919027000155, 6.211833323000178 ], [ 37.120983054000135, 6.234366229999978 ], [ 37.162338094000063, 6.250022486999967 ], [ 37.21294389500008, 6.292501866000123 ], [ 37.21382386200014, 6.409520107000162 ], [ 37.181675650000102, 6.475728248000053 ], [ 37.138298901000155, 6.496989238000026 ], [ 37.131991795000033, 6.527702037000097 ], [ 37.176579030000141, 6.589601653999978 ], [ 37.194401891000155, 6.654011448 ], [ 37.238903993000065, 6.654505381000149 ], [ 37.240093621000085, 6.684942542999977 ], [ 37.264577340000187, 6.709569011000099 ], [ 37.329263448000177, 6.707080568000038 ], [ 37.357621332000122, 6.685524317000159 ], [ 37.475269491000063, 6.663973911000028 ], [ 37.530440231, 6.62086301700009 ], [ 37.588318055000173, 6.620202757000186 ], [ 37.622609235000027, 6.637168056000121 ], [ 37.682079969000142, 6.626753391000022 ], [ 37.698497, 6.644647352000106 ], [ 37.719305072000054, 6.612254291000113 ], [ 37.738192370000149, 6.609646436999981 ], [ 37.758306312000116, 6.585289358000068 ], [ 37.823346158000049, 6.574941651000188 ], [ 37.797455987000092, 6.429239352000025 ], [ 37.840085687000169, 6.378747021000038 ], [ 37.852155563000167, 6.304783646999965 ], [ 37.840265601000112, 6.248251081000149 ], [ 37.778095935000181, 6.149596620000068 ], [ 37.789775800000143, 6.049442044000102 ], [ 37.782084355000109, 5.953785423000113 ], [ 37.719207206000135, 5.922386581000069 ], [ 37.681478791000131, 5.885122114000126 ], [ 37.674602819000029, 5.85639525 ], [ 37.643092925000019, 5.865475342000082 ], [ 37.54266981100011, 5.816648350999969 ], [ 37.549770385000159, 5.733960191000165 ], [ 37.504069089000154, 5.703951666000137 ], [ 37.486580874000083, 5.732367275000172 ], [ 37.454763905, 5.704848752000089 ], [ 37.424965151000038, 5.714976794000052 ], [ 37.406189477000112, 5.73999549600012 ], [ 37.30497182300013, 5.786843242000089 ], [ 37.234345886000142, 5.741572205000068 ], [ 37.165129138000111, 5.741267524000023 ], [ 37.090745396000102, 5.700762805000181 ], [ 37.064975201000095, 5.709967462000179 ] ] ] } },
{ "type": "Feature", "properties": { "adm2_name": "Gofa", "adm2_name1": null, "adm2_name2": null, "adm2_name3": null, "adm2_pcode": "ET0803", "adm1_name": "South Ethiopia", "adm1_name1": null, "adm1_name2": null, "adm1_name3": null, "adm1_pcode": "ET08", "adm0_name": "Ethiopia", "adm0_name1": null, "adm0_name2": null, "adm0_name3": null, "adm0_pcode": "ET", "valid_on": "2025-01-01", "valid_to": null, "area_sqkm": 4548.1597308, "version": "v04", "lang": "en", "lang1": null, "lang2": null, "lang3": null, "adm2_ref_n": null, "center_lat": null, "center_lon": null, "adm2_alt_n": null }, "geometry": { "type": "Polygon", "coordinates": [ [ [ 36.742488310000169, 6.157772237000188 ], [ 36.7457766980001, 6.195577676000141 ], [ 36.732313868000119, 6.19248469900009 ], [ 36.714389468000149, 6.230982717000074 ], [ 36.677295416000163, 6.26418287700011 ], [ 36.69560193500007, 6.346153399000059 ], [ 36.655634679, 6.352270326 ], [ 36.653409455000144, 6.390315348000172 ], [ 36.612362556, 6.395351317 ], [ 36.588058347000185, 6.372555807000083 ], [ 36.581635829000106, 6.383368488000031 ], [ 36.565137061000087, 6.372000455000091 ], [ 36.533377318000134, 6.37587212699998 ], [ 36.500348032000034, 6.314663002000032 ], [ 36.472975952000127, 6.290261848000057 ], [ 36.427195180000069, 6.375678011000105 ], [ 36.411535274000073, 6.378786787000138 ], [ 36.409789831000126, 6.435482837000166 ], [ 36.388507842000081, 6.461405669000101 ], [ 36.417727680000098, 6.476416473000029 ], [ 36.461771067000029, 6.528785681000045 ], [ 36.570636953000076, 6.582557839000117 ], [ 36.60023980200009, 6.627329890000055 ], [ 36.671804399000166, 6.656941226000129 ], [ 36.682050495000055, 6.691513721000149 ], [ 36.708785880000164, 6.710652776000188 ], [ 36.779806627000141, 6.710629277000066 ], [ 36.820287811000071, 6.681543685000122 ], [ 36.866842965000046, 6.66846283100017 ], [ 36.93229442, 6.703883515000086 ], [ 36.968465443000127, 6.693222842000068 ], [ 36.989134271000182, 6.679881381000087 ], [ 36.988052270000082, 6.603162614999974 ], [ 37.003502849000085, 6.58960011500011 ], [ 37.064836762000084, 6.626249720000033 ], [ 37.104424175000077, 6.633961711000154 ], [ 37.146612006000055, 6.669717504000175 ], [ 37.186975346000054, 6.663360505000071 ], [ 37.196041062000177, 6.645412809000106 ], [ 37.176579030000141, 6.589601653999978 ], [ 37.134801218, 6.537452442000074 ], [ 37.132792236000057, 6.514778717000183 ], [ 37.140298911000059, 6.494446223000068 ], [ 37.181675650000102, 6.475728248000053 ], [ 37.21382386200014, 6.409520107000162 ], [ 37.21294389500008, 6.292501866000123 ], [ 37.162338094000063, 6.250022486999967 ], [ 37.120983054000135, 6.234366229999978 ], [ 37.114919027000155, 6.211833323000178 ], [ 37.09277635400008, 6.199957007000023 ], [ 37.077920778000191, 6.099868155000024 ], [ 37.030207626000163, 5.979019421000032 ], [ 36.991140131, 5.967698905000077 ], [ 36.942129452000188, 6.015517130000148 ], [ 36.913851932000171, 6.016382229000044 ], [ 36.885737129000177, 6.006123165000133 ], [ 36.845097663000104, 5.967111395000131 ], [ 36.827915592000124, 5.931373352000151 ], [ 36.805418864000046, 5.930498728000089 ], [ 36.796001232000094, 5.912151842000128 ], [ 36.746030112000142, 5.912067666000098 ], [ 36.73321484700017, 5.929522531000032 ], [ 36.732502420000117, 6.002313066000113 ], [ 36.712256712000055, 6.060032921000072 ], [ 36.722120523000058, 6.090178066000021 ], [ 36.694940121, 6.102171761000022 ], [ 36.742488310000169, 6.157772237000188 ] ] ] } },
{ "type": "Feature", "properties": { "adm2_name": "Basketo", "adm2_name1": null, "adm2_name2": null, "adm2_name3": null, "adm2_pcode": "ET0804", "adm1_name": "South Ethiopia", "adm1_name1": null, "adm1_name2": null, "adm1_name3": null, "adm1_pcode": "ET08", "adm0_name": "Ethiopia", "adm0_name1": null, "adm0_name2": null, "adm0_name3": null, "adm0_pcode": "ET", "valid_on": "2025-01-01", "valid_to": null, "area_sqkm": 410.67685392, "version": "v04", "lang": "en", "lang1": null, "lang2": null, "lang3": null, "adm2_ref_n": null, "center_lat": null, "center_lon": null, "adm2_alt_n": null }, "geometry": { "type": "Polygon", "coordinates": [ [ [ 36.396694721000074, 6.136068051000052 ], [ 36.435611335000033, 6.222728621000158 ], [ 36.448468234000018, 6.227419234000024 ], [ 36.533377318000134, 6.37587212699998 ], [ 36.565137061000087, 6.372000455000091 ], [ 36.581635829000106, 6.383368488000031 ], [ 36.588058347000185, 6.372555807000083 ], [ 36.612362556, 6.395351317 ], [ 36.651226712999971, 6.391612003000091 ], [ 36.655634679, 6.352270326 ], [ 36.69560193500007, 6.346153399000059 ], [ 36.678579045000049, 6.273021729000106 ], [ 36.638677456000039, 6.241984814000091 ], [ 36.603951994999989, 6.245549635000089 ], [ 36.566434845000174, 6.216162341000029 ], [ 36.544864953000172, 6.178255573000172 ], [ 36.497066873000051, 6.200169953000056 ], [ 36.396694721000074, 6.136068051000052 ] ] ] } },
{ "type": "Feature", "properties": { "adm2_name": "Ari", "adm2_name1": null, "adm2_name2": null, "adm2_name3": null, "adm2_pcode": "ET0805", "adm1_name": "South Ethiopia", "adm1_name1": null, "adm1_name2": null, "adm1_name3": null, "adm1_pcode": "ET08", "adm0_name": "Ethiopia", "adm0_name1": null, "adm0_name2": null, "adm0_name3": null, "adm0_pcode": "ET", "valid_on": "2025-01-01", "valid_to": null, "area_sqkm": 2322.7138060399998, "version": "v04", "lang": "en", "lang1": null, "lang2": null, "lang3": null, "adm2_ref_n": null, "center_lat": null, "center_lon": null, "adm2_alt_n": null }, "geometry": { "type": "Polygon", "coordinates": [ [ [ 36.710146870000131, 5.745249434000129 ], [ 36.623252491000187, 5.700917489000176 ], [ 36.616897716999972, 5.672566519999975 ], [ 36.607901813000126, 5.706177535 ], [ 36.587392258000023, 5.717929508999987 ], [ 36.446244296000089, 5.67652504400013 ], [ 36.428498266000076, 5.649888095000051 ], [ 36.369332985000085, 5.682257128000117 ], [ 36.314213930000051, 5.688377660000128 ], [ 36.280044541000052, 5.646133827000085 ], [ 36.27938456000004, 5.618941355000118 ], [ 36.23258538000016, 5.583348121000142 ], [ 36.282224459000076, 5.759284070000149 ], [ 36.267678501000034, 5.828339628000037 ], [ 36.318498588000182, 5.85951977600007 ], [ 36.337328888000172, 5.905115980000062 ], [ 36.358519183000112, 5.907607255000073 ], [ 36.383784494000054, 5.861634993 ], [ 36.437325917000123, 5.88954325200018 ], [ 36.44325651500003, 5.932983922000176 ], [ 36.419703212000172, 5.991855207000185 ], [ 36.325229865000153, 6.023736800000108 ], [ 36.306207406000169, 6.059121213000083 ], [ 36.331402315000162, 6.040792755000098 ], [ 36.359940479000102, 6.044739980000088 ], [ 36.393432857000164, 6.077474500000164 ], [ 36.396250930000178, 6.131027655000139 ], [ 36.409101296000131, 6.146505218000073 ], [ 36.497066873000051, 6.200169953000056 ], [ 36.544864953000172, 6.178255573000172 ], [ 36.566434845000174, 6.216162341000029 ], [ 36.603951994999989, 6.245549635000089 ], [ 36.635291893000158, 6.240199915000119 ], [ 36.677448729000162, 6.272745330000078 ], [ 36.688521353000056, 6.244047557000158 ], [ 36.713525386000072, 6.231839953000133 ], [ 36.72658501900014, 6.199895068000103 ], [ 36.749460831000192, 6.183622516000014 ], [ 36.725863759000163, 6.128169127000035 ], [ 36.708409233000168, 6.124048535000156 ], [ 36.694940121, 6.102171761000022 ], [ 36.722120523000058, 6.090178066000021 ], [ 36.712256712000055, 6.060032921000072 ], [ 36.732502420000117, 6.002313066000113 ], [ 36.736221799000077, 5.925472709000132 ], [ 36.691997362000166, 5.904180714000177 ], [ 36.6856086250001, 5.879314396999973 ], [ 36.717136912000115, 5.83459338199998 ], [ 36.715996074000032, 5.793144079000172 ], [ 36.702180430000169, 5.771243850000133 ], [ 36.710146870000131, 5.745249434000129 ] ] ] } },
{ "type": "Feature", "properties": { "adm2_name": "Alle Special", "adm2_name1": null, "adm2_name2": null, "adm2_name3": null, "adm2_pcode": "ET0806", "adm1_name": "South Ethiopia", "adm1_name1": null, "adm1_name2": null, "adm1_name3": null, "adm1_pcode": "ET08", "adm0_name": "Ethiopia", "adm0_name1": null, "adm0_name2": null, "adm0_name3": null, "adm0_pcode": "ET", "valid_on": "2025-01-01", "valid_to": null, "area_sqkm": 832.61350497000001, "version": "v04", "lang": "en", "lang1": null, "lang2": null, "lang3": null, "adm2_ref_n": null, "center_lat": null, "center_lon": null, "adm2_alt_n": null }, "geometry": { "type": "Polygon", "coordinates": [ [ [ 37.361497046000181, 5.512034500000027 ], [ 37.340455791000124, 5.479872219000185 ], [ 37.308696020000184, 5.477927442000123 ], [ 37.302502909000168, 5.492896528000188 ], [ 37.274886667000089, 5.465064578000067 ], [ 37.246901341000068, 5.482974731000013 ], [ 37.203834315000051, 5.442491475000111 ], [ 37.179870311000059, 5.456665802000032 ], [ 37.16421988999997, 5.441260694000164 ], [ 37.152287216000161, 5.451064228 ], [ 37.084996014000069, 5.389803127 ], [ 37.055506133000165, 5.391170745000181 ], [ 37.069545537000067, 5.41238606700017 ], [ 37.069321296000055, 5.449093937000157 ], [ 37.042937449000135, 5.518782570999974 ], [ 37.017779733999987, 5.529840604000015 ], [ 37.009767894000049, 5.562182067000151 ], [ 37.03002790700009, 5.631517956000039 ], [ 37.051593478000029, 5.651935936000086 ], [ 37.051590969000074, 5.700682481000115 ], [ 37.068160148000118, 5.710947013000123 ], [ 37.096472249000101, 5.70221710900006 ], [ 37.123853540000141, 5.7278205880001 ], [ 37.229858064000041, 5.70419041100007 ], [ 37.268177317999971, 5.65257431100008 ], [ 37.258072576000075, 5.626227107000034 ], [ 37.268195151000157, 5.589092103000041 ], [ 37.322357136000051, 5.594542844000102 ], [ 37.313554142000157, 5.57900980800008 ], [ 37.338469694000025, 5.539657362000128 ], [ 37.335380468000039, 5.523624549000033 ], [ 37.361497046000181, 5.512034500000027 ] ] ] } },
{ "type": "Feature", "properties": { "adm2_name": "Derashe", "adm2_name1": null, "adm2_name2": null, "adm2_name3": null, "adm2_pcode": "ET0807", "adm1_name": "South Ethiopia", "adm1_name1": null, "adm1_name2": null, "adm1_name3": null, "adm1_pcode": "ET08", "adm0_name": "Ethiopia", "adm0_name1": null, "adm0_name2": null, "adm0_name3": null, "adm0_pcode": "ET", "valid_on": "2025-01-01", "valid_to": null, "area_sqkm": 699.3833957000001, "version": "v04", "lang": "en", "lang1": null, "lang2": null, "lang3": null, "adm2_ref_n": null, "center_lat": null, "center_lon": null, "adm2_alt_n": null }, "geometry": { "type": "Polygon", "coordinates": [ [ [ 37.462397115999977, 5.51555775900016 ], [ 37.430528681000112, 5.520977673000061 ], [ 37.431770803, 5.511721325000167 ], [ 37.413800549000143, 5.507917257000031 ], [ 37.362013471000182, 5.523974935000069 ], [ 37.361151780000057, 5.512105584999972 ], [ 37.346495127000139, 5.513014639000062 ], [ 37.313554142000157, 5.57900980800008 ], [ 37.322511999000142, 5.594388572000128 ], [ 37.275828504000117, 5.587786743000038 ], [ 37.261143476000143, 5.599622008999972 ], [ 37.268177317999971, 5.65257431100008 ], [ 37.229858064000041, 5.70419041100007 ], [ 37.126045877000081, 5.727740726999969 ], [ 37.171818842000107, 5.742503063000186 ], [ 37.193886858000099, 5.73350017700011 ], [ 37.234345886000142, 5.741572205000068 ], [ 37.30497182300013, 5.786843242000089 ], [ 37.406189477000112, 5.73999549600012 ], [ 37.424965151000038, 5.714976794000052 ], [ 37.436505323000063, 5.719316889000027 ], [ 37.451932800000179, 5.705056482999964 ], [ 37.482444300000111, 5.73139176799998 ], [ 37.496361653000122, 5.702132624000114 ], [ 37.549770385000159, 5.733960191000165 ], [ 37.55750451200015, 5.705346234000046 ], [ 37.532300422, 5.627500815000076 ], [ 37.490804445000038, 5.603371941000091 ], [ 37.497107583000059, 5.58474237300004 ], [ 37.477515953000136, 5.551559199000167 ], [ 37.466189569000164, 5.563517365000166 ], [ 37.457592136000187, 5.554474488000039 ], [ 37.462397115999977, 5.51555775900016 ] ] ] } },
{ "type": "Feature", "properties": { "adm2_name": "Kore", "adm2_name1": null, "adm2_name2": null, "adm2_name3": null, "adm2_pcode": "ET0808", "adm1_name": "South Ethiopia", "adm1_name1": null, "adm1_name2": null, "adm1_name3": null, "adm1_pcode": "ET08", "adm0_name": "Ethiopia", "adm0_name1": null, "adm0_name2": null, "adm0_name3": null, "adm0_pcode": "ET", "valid_on": "2025-01-01", "valid_to": null, "area_sqkm": 1625.1548927199999, "version": "v04", "lang": "en", "lang1": null, "lang2": null, "lang3": null, "adm2_ref_n": null, "center_lat": null, "center_lon": null, "adm2_alt_n": "Koore" }, "geometry": { "type": "Polygon", "coordinates": [ [ [ 37.918780708000099, 5.649543161999986 ], [ 37.89362925000006, 5.642812714 ], [ 37.883761837000122, 5.624311831 ], [ 37.845599040000081, 5.620915229 ], [ 37.800895977000152, 5.648072863000095 ], [ 37.734227020000162, 5.624177276000182 ], [ 37.728556798000113, 5.663835974000051 ], [ 37.694081203000167, 5.706615849000059 ], [ 37.653808120000122, 5.689182205000179 ], [ 37.604689797000106, 5.688068561000023 ], [ 37.586131463000072, 5.65777812000016 ], [ 37.599534745000085, 5.606556015000137 ], [ 37.574376808000125, 5.601334718000032 ], [ 37.538821584000118, 5.651560460000098 ], [ 37.55750451200015, 5.705346234000046 ], [ 37.54266981100011, 5.816648350999969 ], [ 37.643092925000019, 5.865475342000082 ], [ 37.674602819000029, 5.85639525 ], [ 37.681478791000131, 5.885122114000126 ], [ 37.719207206000135, 5.922386581000069 ], [ 37.782084355000109, 5.953785423000113 ], [ 37.783175819000178, 6.010600270000111 ], [ 37.803736092000065, 5.993178829999977 ], [ 37.842965438000135, 6.0109402490001 ], [ 37.903975012000046, 5.960507907000135 ], [ 37.952694705000113, 5.96334801200004 ], [ 37.96857460200016, 5.956017667000083 ], [ 38.019874167000182, 5.79004003700004 ], [ 38.088883692000024, 5.745607964000158 ], [ 38.08708369600015, 5.72125684700012 ], [ 38.075163846000123, 5.688940437000042 ], [ 38.008014704000118, 5.650154599000075 ], [ 37.943519996000134, 5.639464151000141 ], [ 37.918780708000099, 5.649543161999986 ] ] ] } },
{ "type": "Feature", "properties": { "adm2_name": "Konso", "adm2_name1": null, "adm2_name2": null, "adm2_name3": null, "adm2_pcode": "ET0809", "adm1_name": "South Ethiopia", "adm1_name1": null, "adm1_name2": null, "adm1_name3": null, "adm1_pcode": "ET08", "adm0_name": "Ethiopia", "adm0_name1": null, "adm0_name2": null, "adm0_name3": null, "adm0_pcode": "ET", "valid_on": "2025-01-01", "valid_to": null, "area_sqkm": 2292.97126596, "version": "v04", "lang": "en", "lang1": null, "lang2": null, "lang3": null, "adm2_ref_n": null, "center_lat": null, "center_lon": null, "adm2_alt_n": null }, "geometry": { "type": "Polygon", "coordinates": [ [ [ 37.629734811000048, 5.266009696000026 ], [ 37.367175851000127, 5.155099544000109 ], [ 37.340736313000093, 5.159599949999972 ], [ 37.292357141000025, 5.1943630990001 ], [ 37.216908441000044, 5.21268475 ], [ 37.181829059000108, 5.193923041000119 ], [ 37.112230264000175, 5.186272328000086 ], [ 37.003311116000134, 5.199082903000033 ], [ 37.036784629000124, 5.268366006000122 ], [ 37.030525381000075, 5.353244409000069 ], [ 37.050503021000111, 5.390530872000113 ], [ 37.084996014000069, 5.389803127 ], [ 37.152287216000161, 5.451064228 ], [ 37.16421988999997, 5.441260694000164 ], [ 37.179870311000059, 5.456665802000032 ], [ 37.203834315000051, 5.442491475000111 ], [ 37.245279390000064, 5.482443638000063 ], [ 37.274886667000089, 5.465064578000067 ], [ 37.302502909000168, 5.492896528000188 ], [ 37.308696020000184, 5.477927442000123 ], [ 37.340455791000124, 5.479872219000185 ], [ 37.362013471000182, 5.523974935000069 ], [ 37.413800549000143, 5.507917257000031 ], [ 37.433154319000096, 5.521367429000179 ], [ 37.465804645000105, 5.515364329000136 ], [ 37.457592136000187, 5.554474488000039 ], [ 37.466189569000164, 5.563517365000166 ], [ 37.477515953000136, 5.551559199000167 ], [ 37.497107583000059, 5.58474237300004 ], [ 37.490804445000038, 5.603371941000091 ], [ 37.516438171, 5.609897869000065 ], [ 37.539374251000083, 5.650569752000024 ], [ 37.558769663000078, 5.619431618000078 ], [ 37.552079425000045, 5.587590621000174 ], [ 37.57684754700017, 5.583311095999989 ], [ 37.597946777000118, 5.530842680000148 ], [ 37.691310384000133, 5.460033527000064 ], [ 37.693565265000132, 5.444244999000034 ], [ 37.629734811000048, 5.266009696000026 ] ] ] } },
{ "type": "Feature", "properties": { "adm2_name": "Burji", "adm2_name1": null, "adm2_name2": null, "adm2_name3": null, "adm2_pcode": "ET0810", "adm1_name": "South Ethiopia", "adm1_name1": null, "adm1_name2": null, "adm1_name3": null, "adm1_pcode": "ET08", "adm0_name": "Ethiopia", "adm0_name1": null, "adm0_name2": null, "adm0_name3": null, "adm0_pcode": "ET", "valid_on": "2025-01-01", "valid_to": null, "area_sqkm": 1377.01063578, "version": "v04", "lang": "en", "lang1": null, "lang2": null, "lang3": null, "adm2_ref_n": null, "center_lat": null, "center_lon": null, "adm2_alt_n": null }, "geometry": { "type": "Polygon", "coordinates": [ [ [ 37.885085524000147, 5.234310022000159 ], [ 37.852657442, 5.234646854000118 ], [ 37.810078172000033, 5.268299910000167 ], [ 37.772828817000118, 5.283351274000097 ], [ 37.747129259000189, 5.276610653000091 ], [ 37.700880053000105, 5.305883307000045 ], [ 37.64547815700007, 5.297185947 ], [ 37.646201695000059, 5.331530396000176 ], [ 37.684096916000158, 5.405937395000024 ], [ 37.691310384000133, 5.460033527000064 ], [ 37.599862414000086, 5.528645784000105 ], [ 37.57684754700017, 5.583311095999989 ], [ 37.552079425000045, 5.587590621000174 ], [ 37.54793762200012, 5.601996622000058 ], [ 37.562052441000105, 5.619816981999975 ], [ 37.574376808000125, 5.601334718000032 ], [ 37.599534745000085, 5.606556015000137 ], [ 37.586131463000072, 5.65777812000016 ], [ 37.604689797000106, 5.688068561000023 ], [ 37.698837420000132, 5.705703479000022 ], [ 37.728556798000113, 5.663835974000051 ], [ 37.734227020000162, 5.624177276000182 ], [ 37.800895977000152, 5.648072863000095 ], [ 37.845599040000081, 5.620915229 ], [ 37.883761837000122, 5.624311831 ], [ 37.89362925000006, 5.642812714 ], [ 37.918780708000099, 5.649543161999986 ], [ 37.943519996000134, 5.639464151000141 ], [ 37.93017464400009, 5.616672147000088 ], [ 37.947814487000073, 5.537688512000102 ], [ 37.946814455000151, 5.474285600000087 ], [ 37.935224497000036, 5.423033255 ], [ 37.901212375000171, 5.373247752000054 ], [ 37.902059564000183, 5.25429742700004 ], [ 37.885085524000147, 5.234310022000159 ] ] ] } },
{ "type": "Feature", "properties": { "adm2_name": "Gedeo", "adm2_name1": null, "adm2_name2": null, "adm2_name3": null, "adm2_pcode": "ET0811", "adm1_name": "South Ethiopia", "adm1_name1": null, "adm1_name2": null, "adm1_name3": null, "adm1_pcode": "ET08", "adm0_name": "Ethiopia", "adm0_name1": null, "adm0_name2": null, "adm0_name3": null, "adm0_pcode": "ET", "valid_on": "2025-01-01", "valid_to": null, "area_sqkm": 1361.3865919899999, "version": "v04", "lang": "en", "lang1": null, "lang2": null, "lang3": null, "adm2_ref_n": null, "center_lat": null, "center_lon": null, "adm2_alt_n": null }, "geometry": { "type": "Polygon", "coordinates": [ [ [ 38.208883893000063, 5.879059612000162 ], [ 38.203731305000019, 5.935020423000026 ], [ 38.180971692000128, 5.941651025000112 ], [ 38.150342212000169, 6.000406334000104 ], [ 38.121592709000026, 6.016677806000075 ], [ 38.116492788000016, 6.050200836000045 ], [ 38.079863412000122, 6.116986871000108 ], [ 38.086728393000158, 6.161044785000058 ], [ 38.102301546000035, 6.180448387000013 ], [ 38.125063726000064, 6.155126650000057 ], [ 38.14138362000017, 6.154456615000129 ], [ 38.187396841000179, 6.182210307000162 ], [ 38.197921375000192, 6.206434972000181 ], [ 38.173741781000103, 6.266810420000184 ], [ 38.197577785000192, 6.319003268000131 ], [ 38.288230414000054, 6.359842237000066 ], [ 38.293151967000028, 6.397952940999971 ], [ 38.281051404000095, 6.441578183 ], [ 38.309313370000098, 6.419694531000175 ], [ 38.389274315000137, 6.416756544000179 ], [ 38.40446606200004, 6.396718149000151 ], [ 38.393861998000034, 6.368261250999979 ], [ 38.401403601000084, 6.355596820000073 ], [ 38.424347106000141, 6.368675131000145 ], [ 38.434682692000138, 6.19876580500005 ], [ 38.376973710000129, 6.164516717000083 ], [ 38.313880505000043, 6.027833492000127 ], [ 38.279240003000041, 6.006286885000179 ], [ 38.271710141000142, 5.986579348000021 ], [ 38.282259951000128, 5.970703664000041 ], [ 38.318949083, 5.975062712000124 ], [ 38.327529177000145, 5.95537227900013 ], [ 38.374809066000068, 5.943043287000023 ], [ 38.396085707000054, 5.920052383000041 ], [ 38.325329223000153, 5.868814446000101 ], [ 38.270430162000025, 5.868524416000128 ], [ 38.223380975000168, 5.8386116960001 ], [ 38.198391404000063, 5.849452678000034 ], [ 38.208883893000063, 5.879059612000162 ] ] ] } },
{ "type": "Feature", "properties": { "adm2_name": "South Omo", "adm2_name1": null, "adm2_name2": null, "adm2_name3": null, "adm2_pcode": "ET0812", "adm1_name": "South Ethiopia", "adm1_name1": null, "adm1_name2": null, "adm1_name3": null, "adm1_pcode": "ET08", "adm0_name": "Ethiopia", "adm0_name1": null, "adm0_name2": null, "adm0_name3": null, "adm0_pcode": "ET", "valid_on": "2025-01-01", "valid_to": null, "area_sqkm": 20894.711310679999, "version": "v04", "lang": "en", "lang1": null, "lang2": null, "lang3": null, "adm2_ref_n": null, "center_lat": null, "center_lon": null, "adm2_alt_n": null }, "geometry": { "type": "Polygon", "coordinates": [ [ [ 36.6475, 4.44667 ], [ 36.045300000000111, 4.44708 ], [ 35.95111, 4.521110000000135 ], [ 35.947700000000168, 4.62933 ], [ 35.92472, 4.64028 ], [ 35.774440000000141, 4.79861000000011 ], [ 35.779990000000168, 5.08264 ], [ 35.82361, 5.13667 ], [ 35.83069, 5.168400000000133 ], [ 35.796240000000182, 5.23514 ], [ 35.82166, 5.32861 ], [ 35.757041116000096, 5.345433895999975 ], [ 35.753690438000149, 5.382916995000073 ], [ 35.753954872000179, 5.600820458000101 ], [ 35.806852352000192, 5.665838864000079 ], [ 35.87741600600009, 5.673151982000149 ], [ 35.951573150000172, 5.651032429000054 ], [ 35.968193095000174, 5.682272794000028 ], [ 35.958245531000102, 5.683977357000117 ], [ 35.970234530000027, 5.694347645000164 ], [ 35.959034668000072, 5.700672012000041 ], [ 35.978500105000137, 5.759599739000066 ], [ 35.96228273700018, 5.782794836000164 ], [ 35.960893796000107, 5.834615714000051 ], [ 35.973435767000126, 5.840364029000057 ], [ 35.96842326400008, 5.869794396000032 ], [ 35.987696673000073, 5.896311113000138 ], [ 35.977710228000035, 5.948063972 ], [ 36.008553450000136, 5.997335860000078 ], [ 35.982138292000172, 6.052006639000126 ], [ 35.994821041000137, 6.084648610999977 ], [ 35.949252841000146, 6.098887010000112 ], [ 35.950362939000172, 6.122391318000098 ], [ 35.933929069000044, 6.131447797000078 ], [ 35.952889097000082, 6.166839686000174 ], [ 35.977742533000139, 6.166221135000058 ], [ 35.962271506000036, 6.180711116 ], [ 35.967616646000181, 6.207210981000173 ], [ 35.956721498000036, 6.225570251000079 ], [ 35.992205013000046, 6.25771196200003 ], [ 36.039392145000079, 6.271332981 ], [ 36.059071752000079, 6.307414026000117 ], [ 36.035333184000081, 6.331596133000176 ], [ 36.039131342000076, 6.347126189000107 ], [ 36.068871604000037, 6.354932694000013 ], [ 36.132273355000052, 6.435751549000031 ], [ 36.191637244000106, 6.441845138000133 ], [ 36.248802682000132, 6.38502139000019 ], [ 36.306703766000055, 6.426370729000098 ], [ 36.323350726, 6.458356873000071 ], [ 36.361144391999972, 6.469150391000142 ], [ 36.388507842000081, 6.461405669000101 ], [ 36.409789831000126, 6.435482837000166 ], [ 36.411535274000073, 6.378786787000138 ], [ 36.427195180000069, 6.375678011000105 ], [ 36.471759047000035, 6.291560492000031 ], [ 36.485678636000046, 6.291011649000041 ], [ 36.419773016000079, 6.193183155000156 ], [ 36.396048326000141, 6.136592163000103 ], [ 36.393432857000164, 6.077474500000164 ], [ 36.357546045000049, 6.043732436000028 ], [ 36.331402315000162, 6.040792755000098 ], [ 36.306207406000169, 6.059121213000083 ], [ 36.325229865000153, 6.023736800000108 ], [ 36.419703212000172, 5.991855207000185 ], [ 36.44325651500003, 5.932983922000176 ], [ 36.437325917000123, 5.88954325200018 ], [ 36.383784494000054, 5.861634993 ], [ 36.358519183000112, 5.907607255000073 ], [ 36.337328888000172, 5.905115980000062 ], [ 36.318498588000182, 5.85951977600007 ], [ 36.267678501000034, 5.828339628000037 ], [ 36.282224459000076, 5.759284070000149 ], [ 36.23258538000016, 5.583348121000142 ], [ 36.27938456000004, 5.618941355000118 ], [ 36.280044541000052, 5.646133827000085 ], [ 36.314213930000051, 5.688377660000128 ], [ 36.369332985000085, 5.682257128000117 ], [ 36.428498266000076, 5.649888095000051 ], [ 36.446244296000089, 5.67652504400013 ], [ 36.587392258000023, 5.717929508999987 ], [ 36.607901813000126, 5.706177535 ], [ 36.616897716999972, 5.672566519999975 ], [ 36.632558649000089, 5.709540035000032 ], [ 36.710146870000131, 5.745249434000129 ], [ 36.702180430000169, 5.771243850000133 ], [ 36.715780225, 5.791586059000053 ], [ 36.717136912000115, 5.83459338199998 ], [ 36.6856086250001, 5.879314396999973 ], [ 36.692524621000189, 5.905606553000098 ], [ 36.736221799000077, 5.925472709000132 ], [ 36.746030112000142, 5.912067666000098 ], [ 36.797017180000125, 5.912430456999971 ], [ 36.805418864000046, 5.930498728000089 ], [ 36.828798072000154, 5.932106225000098 ], [ 36.834048358000075, 5.956174845000078 ], [ 36.885737129000177, 6.006123165000133 ], [ 36.937950383000043, 6.016405090000092 ], [ 36.996745978000149, 5.966409250000027 ], [ 37.012810839, 5.864354988000116 ], [ 37.002305212000067, 5.697150954 ], [ 37.032665077000161, 5.665166032000172 ], [ 37.033902386000136, 5.624336637000113 ], [ 37.015921341000194, 5.598171654000168 ], [ 37.010475735000057, 5.544438012000057 ], [ 37.042937449000135, 5.518782570999974 ], [ 37.071385019000047, 5.436344040000108 ], [ 37.069545537000067, 5.41238606700017 ], [ 37.030525381000075, 5.353244409000069 ], [ 37.036784629000124, 5.268366006000122 ], [ 37.016128956000045, 5.242489157000023 ], [ 37.01695883400015, 5.221440799 ], [ 37.003311116000134, 5.199082903000033 ], [ 36.948966654000174, 5.19468654700006 ], [ 36.882185791000097, 5.074983650000149 ], [ 36.860708967, 4.978767301000175 ], [ 36.85473946500008, 4.736059609000165 ], [ 36.828479986000104, 4.709174806000135 ], [ 36.646409141000163, 4.710757126000146 ], [ 36.680841202000067, 4.604300630000125 ], [ 36.657532315000026, 4.580373675999965 ], [ 36.714253964000136, 4.433850543000176 ], [ 36.6475, 4.44667 ] ] ] } },
{ "type": "Feature", "properties": { "adm2_name": "Sheka", "adm2_name1": null, "adm2_name2": null, "adm2_name3": null, "adm2_pcode": "ET1101", "adm1_name": "South West Ethiopia", "adm1_name1": null, "adm1_name2": null, "adm1_name3": null, "adm1_pcode": "ET11", "adm0_name": "Ethiopia", "adm0_name1": null, "adm0_name2": null, "adm0_name3": null, "adm0_pcode": "ET", "valid_on": "2025-01-01", "valid_to": null, "area_sqkm": 2341.10982036, "version": "v04", "lang": "en", "lang1": null, "lang2": null, "lang3": null, "adm2_ref_n": null, "center_lat": null, "center_lon": null, "adm2_alt_n": null }, "geometry": { "type": "Polygon", "coordinates": [ [ [ 35.724004726000089, 7.213495963000014 ], [ 35.558375709000074, 7.182659859000012 ], [ 35.525988274000042, 7.154101482000101 ], [ 35.47611438600012, 7.173361133000185 ], [ 35.438191752000137, 7.163276873000143 ], [ 35.427685392000171, 7.156260439000107 ], [ 35.447182913, 7.142164880000109 ], [ 35.444134405000057, 7.125208380000117 ], [ 35.416614380000055, 7.11868510700009 ], [ 35.401894040000116, 7.127652480000165 ], [ 35.386162815000148, 7.112427627000159 ], [ 35.333986430000039, 7.17993301000007 ], [ 35.372857634000184, 7.231027526000105 ], [ 35.345808364000106, 7.238978042000156 ], [ 35.370291530000145, 7.277360543999976 ], [ 35.387543648000076, 7.35066745000006 ], [ 35.392298410000024, 7.396183099000098 ], [ 35.367835393, 7.414628042000061 ], [ 35.373648242000058, 7.427978167000049 ], [ 35.309554712000022, 7.479178306 ], [ 35.209512077000056, 7.471867610000174 ], [ 35.189252435000071, 7.455626145000053 ], [ 35.120718694000175, 7.483497270000157 ], [ 35.138082805000067, 7.512076175000175 ], [ 35.171916384000042, 7.532753644000138 ], [ 35.166305223000165, 7.61487082900004 ], [ 35.145658908000144, 7.63024023000014 ], [ 35.115636627000072, 7.630795768000098 ], [ 35.11603360700019, 7.645092153000178 ], [ 35.212324139000032, 7.651496985000051 ], [ 35.222732824000161, 7.703102542000181 ], [ 35.275566916000059, 7.74600805200015 ], [ 35.340877649000106, 7.776610678000054 ], [ 35.349859201000186, 7.834874142000103 ], [ 35.358051522000096, 7.84299441800016 ], [ 35.400578841000083, 7.829573682000103 ], [ 35.433531098000174, 7.882756181000161 ], [ 35.474310848000073, 7.873505752000085 ], [ 35.520725584000161, 7.8956067310001 ], [ 35.544400425000163, 7.83099382 ], [ 35.593686247000107, 7.804352634000168 ], [ 35.598063625000066, 7.742901887000073 ], [ 35.576655297000116, 7.738608535000139 ], [ 35.576041198000041, 7.716399889000058 ], [ 35.602858413000149, 7.692839811000056 ], [ 35.570092218000013, 7.673847016000025 ], [ 35.563295143000119, 7.651435872000093 ], [ 35.586050879000027, 7.535186494000186 ], [ 35.556691984999986, 7.513467793000018 ], [ 35.565056621000053, 7.487345710000056 ], [ 35.528257899000153, 7.481138422000186 ], [ 35.439007662000108, 7.422875051000062 ], [ 35.497122170000125, 7.383855113000038 ], [ 35.494303924000178, 7.265204549999964 ], [ 35.568281754000168, 7.281016438000165 ], [ 35.627315966000026, 7.228707593000081 ], [ 35.668945504000135, 7.241620393000062 ], [ 35.696536975000186, 7.224853946 ], [ 35.713514683000028, 7.241415820999975 ], [ 35.731731871000079, 7.240524213000128 ], [ 35.735695436000185, 7.219600053000079 ], [ 35.724004726000089, 7.213495963000014 ] ] ] } },
{ "type": "Feature", "properties": { "adm2_name": "Kefa", "adm2_name1": null, "adm2_name2": null, "adm2_name3": null, "adm2_pcode": "ET1102", "adm1_name": "South West Ethiopia", "adm1_name1": null, "adm1_name2": null, "adm1_name3": null, "adm1_pcode": "ET11", "adm0_name": "Ethiopia", "adm0_name1": null, "adm0_name2": null, "adm0_name3": null, "adm0_pcode": "ET", "valid_on": "2025-01-01", "valid_to": null, "area_sqkm": 10531.486611279999, "version": "v04", "lang": "en", "lang1": null, "lang2": null, "lang3": null, "adm2_ref_n": null, "center_lat": null, "center_lon": null, "adm2_alt_n": null }, "geometry": { "type": "Polygon", "coordinates": [ [ [ 35.941110613000035, 7.117081823000149 ], [ 35.87834529700018, 7.090443599000025 ], [ 35.88024067200007, 7.052361704000077 ], [ 35.857991812000193, 7.011919639000098 ], [ 35.820668771000157, 7.03935806100003 ], [ 35.843600668000136, 7.081127344000038 ], [ 35.806861874000049, 7.07025341800005 ], [ 35.788209834000099, 7.007193118000089 ], [ 35.766245674000174, 7.032528754000111 ], [ 35.712500707000117, 7.004425939000043 ], [ 35.709805237000012, 7.030321024000045 ], [ 35.754037038000035, 7.076562036000098 ], [ 35.744182862000059, 7.082897985000045 ], [ 35.721196342000098, 7.066580300000055 ], [ 35.708858051000163, 7.07519905200013 ], [ 35.724723759000028, 7.102977993000081 ], [ 35.693315550000193, 7.203145318000111 ], [ 35.735695436000185, 7.219600053000079 ], [ 35.731731871000079, 7.240524213000128 ], [ 35.713514683000028, 7.241415820999975 ], [ 35.696536975000186, 7.224853946 ], [ 35.668945504000135, 7.241620393000062 ], [ 35.627315966000026, 7.228707593000081 ], [ 35.568281754000168, 7.281016438000165 ], [ 35.494303924000178, 7.265204549999964 ], [ 35.497122170000125, 7.383855113000038 ], [ 35.439007662000108, 7.422875051000062 ], [ 35.528257899000153, 7.481138422000186 ], [ 35.565056621000053, 7.487345710000056 ], [ 35.556691984999986, 7.513467793000018 ], [ 35.586050879000027, 7.535186494000186 ], [ 35.563295143000119, 7.651435872000093 ], [ 35.570092218000013, 7.673847016000025 ], [ 35.602858413000149, 7.692839811000056 ], [ 35.576041198000041, 7.716399889000058 ], [ 35.576655297000116, 7.738608535000139 ], [ 35.598063625000066, 7.742901887000073 ], [ 35.591544738000096, 7.808742366000104 ], [ 35.693729554000129, 7.86435527000009 ], [ 35.716439421000075, 7.855474859000083 ], [ 35.739539285000149, 7.866625353000074 ], [ 35.799721733000183, 7.932609052000032 ], [ 35.795271807000063, 7.948020420000091 ], [ 35.738512741000136, 7.988824024000053 ], [ 35.722852992000014, 8.022467005000067 ], [ 35.76576921200018, 8.081234959000142 ], [ 35.860868654000171, 8.077234741000098 ], [ 35.872718576000125, 8.058773906 ], [ 35.905128344000104, 7.946018852000066 ], [ 35.886874435000152, 7.89253824400015 ], [ 35.848618632000012, 7.838964073 ], [ 35.997237715999972, 7.745119799000122 ], [ 36.051907352000057, 7.653905677000068 ], [ 36.03532741700019, 7.572582032000071 ], [ 36.062197248000075, 7.557481339 ], [ 36.127616857000078, 7.555641226000091 ], [ 36.156556678000129, 7.542620626000144 ], [ 36.224696245000132, 7.484387976000107 ], [ 36.301755766000099, 7.449876385000039 ], [ 36.348665484000094, 7.445416163000118 ], [ 36.374635311000077, 7.415574806000052 ], [ 36.483919654000033, 7.416009775000077 ], [ 36.598333941000021, 7.369032600000139 ], [ 36.632953738000026, 7.377862983000057 ], [ 36.672563472000149, 7.328040718000011 ], [ 36.791070372000149, 7.252301885000065 ], [ 36.774538511000173, 7.24612479700005 ], [ 36.755893306000132, 7.161045089000027 ], [ 36.717191572, 7.149658322000164 ], [ 36.693257867000113, 7.166492219000077 ], [ 36.676888241000142, 7.132523386000116 ], [ 36.591589211000098, 7.122942059000081 ], [ 36.600955679000094, 7.050218408000035 ], [ 36.568477401000052, 7.048743890000083 ], [ 36.552503677000175, 7.004589126000099 ], [ 36.512881882000045, 7.008987956999988 ], [ 36.504142385000193, 6.982569131999981 ], [ 36.479220568000073, 6.986816710000085 ], [ 36.464002655000058, 6.968306855000037 ], [ 36.457770020000169, 6.922061665000172 ], [ 36.483054470000184, 6.878453544000081 ], [ 36.490504648000069, 6.816074801000127 ], [ 36.459096203, 6.784905339000034 ], [ 36.415489869000169, 6.783903178000173 ], [ 36.394300129000158, 6.747589761000029 ], [ 36.342082438000034, 6.703720581000084 ], [ 36.338538218000053, 6.682541724000032 ], [ 36.358864322000159, 6.631257496000103 ], [ 36.328929564000134, 6.57846729400012 ], [ 36.338039121000065, 6.500493832000132 ], [ 36.306703766000055, 6.426370729000098 ], [ 36.248802682000132, 6.38502139000019 ], [ 36.191637244000106, 6.441845138000133 ], [ 36.132273355000052, 6.435751549000031 ], [ 36.068871604000037, 6.354932694000013 ], [ 36.039131342000076, 6.347126189000107 ], [ 36.035333184000081, 6.331596133000176 ], [ 36.059071752000079, 6.307414026000117 ], [ 36.039392145000079, 6.271332981 ], [ 35.99708733500006, 6.260323814000117 ], [ 35.968080160000113, 6.235358928000039 ], [ 35.97956492000003, 6.266234877000102 ], [ 35.968536420000078, 6.283583802000123 ], [ 35.973117396000191, 6.336959718000116 ], [ 35.992230182000071, 6.396337010000138 ], [ 36.017988479000167, 6.413607663000107 ], [ 36.041225657000098, 6.461124933000121 ], [ 36.101861881, 6.467157359999987 ], [ 36.103057770000078, 6.483748056000138 ], [ 36.129462901000068, 6.499245413000097 ], [ 36.123314648000189, 6.514951978 ], [ 36.137802386000033, 6.537486658999967 ], [ 36.132377483000141, 6.572860233000085 ], [ 36.094778623000138, 6.610454105000031 ], [ 36.077600403000076, 6.612370378000037 ], [ 36.067243809000047, 6.643154312000036 ], [ 36.085469947000149, 6.667411179 ], [ 36.075417285000071, 6.697972652000146 ], [ 36.084147887000029, 6.722460571000056 ], [ 36.064462916000082, 6.730535851000127 ], [ 36.070435043000145, 6.794932679000169 ], [ 36.057036262000054, 6.804926737000187 ], [ 36.055685110000184, 6.864491861000147 ], [ 36.00191146700007, 7.000204042 ], [ 36.001010591000124, 7.053942261000032 ], [ 35.941110613000035, 7.117081823000149 ] ] ] } },
{ "type": "Feature", "properties": { "adm2_name": "Bench Sheko", "adm2_name1": null, "adm2_name2": null, "adm2_name3": null, "adm2_pcode": "ET1103", "adm1_name": "South West Ethiopia", "adm1_name1": null, "adm1_name2": null, "adm1_name3": null, "adm1_pcode": "ET11", "adm0_name": "Ethiopia", "adm0_name1": null, "adm0_name2": null, "adm0_name3": null, "adm0_pcode": "ET", "valid_on": "2025-01-01", "valid_to": null, "area_sqkm": 4618.2906814199996, "version": "v04", "lang": "en", "lang1": null, "lang2": null, "lang3": null, "adm2_ref_n": null, "center_lat": null, "center_lon": null, "adm2_alt_n": null }, "geometry": { "type": "Polygon", "coordinates": [ [ [ 35.185887290000096, 6.507163482000067 ], [ 35.187500193000062, 6.656492827000079 ], [ 35.197662145000095, 6.680216191999989 ], [ 35.179559546000064, 6.727364908000027 ], [ 35.146776209000109, 6.761095086000068 ], [ 35.079861794000067, 6.81079876900003 ], [ 34.933660998000164, 6.796293009000124 ], [ 34.968994400000156, 6.859264409000161 ], [ 34.992364608000059, 6.864031074000081 ], [ 34.997882971000024, 6.892863830000067 ], [ 34.911325456000043, 6.988154524000095 ], [ 34.90208104300018, 7.030915407000123 ], [ 34.884340418000193, 7.030759646000092 ], [ 34.877082333000146, 7.06979026900018 ], [ 34.892672517999983, 7.091504588000134 ], [ 34.898093041000038, 7.184790768000028 ], [ 34.942449190000048, 7.19290841000003 ], [ 34.970159702000103, 7.234028107000142 ], [ 34.977894689000152, 7.213275549000116 ], [ 35.020813335000128, 7.185781798000164 ], [ 35.053913519000105, 7.184263486000134 ], [ 35.083710156000166, 7.124841251000021 ], [ 35.114266402999988, 7.102144963000057 ], [ 35.20456386800015, 7.099613933000057 ], [ 35.234459906000041, 7.137931503000061 ], [ 35.264621891000104, 7.13623258299998 ], [ 35.299889315000144, 7.11577270700019 ], [ 35.330781491000153, 7.127092152000159 ], [ 35.389191836, 7.111401690000093 ], [ 35.40094247400009, 7.127409786000158 ], [ 35.416614380000055, 7.11868510700009 ], [ 35.444642782000074, 7.125710830000116 ], [ 35.447182913, 7.142164880000109 ], [ 35.427685392000171, 7.156260439000107 ], [ 35.438191752000137, 7.163276873000143 ], [ 35.47611438600012, 7.173361133000185 ], [ 35.525988274000042, 7.154101482000101 ], [ 35.558375709000074, 7.182659859000012 ], [ 35.635734547000027, 7.206442353000114 ], [ 35.68900515200005, 7.206177547000095 ], [ 35.724723759000028, 7.102977993000081 ], [ 35.708858051000163, 7.07519905200013 ], [ 35.721196342000098, 7.066580300000055 ], [ 35.75406090000007, 7.07784492900015 ], [ 35.709805237000012, 7.030321024000045 ], [ 35.712500707000117, 7.004425939000043 ], [ 35.766245674000174, 7.032528754000111 ], [ 35.788209834000099, 7.007193118000089 ], [ 35.806861874000049, 7.07025341800005 ], [ 35.845415446, 7.081051997000088 ], [ 35.820668771000157, 7.03935806100003 ], [ 35.853255187000059, 7.01140935899997 ], [ 35.837987635000161, 7.009978776000025 ], [ 35.844119125000134, 6.991982403 ], [ 35.85751265500005, 6.995833399000162 ], [ 35.869001816000093, 6.982208873000104 ], [ 35.844973974000084, 6.936243164000189 ], [ 35.846795396000175, 6.913190444000065 ], [ 35.868311452000171, 6.907680809999988 ], [ 35.865809570000067, 6.878774697999972 ], [ 35.884258191000185, 6.849319788000059 ], [ 35.871863878000113, 6.835185520000095 ], [ 35.84376082100016, 6.846563287000151 ], [ 35.776772033999976, 6.789983936000056 ], [ 35.739971116000106, 6.786785749000046 ], [ 35.725190501999975, 6.809253863000094 ], [ 35.701668914000152, 6.804242312000156 ], [ 35.686563917000115, 6.776891042000159 ], [ 35.693852247000109, 6.768391459000043 ], [ 35.656222359000026, 6.741272994000099 ], [ 35.630706731000032, 6.756600983999988 ], [ 35.603942586000073, 6.797945671000036 ], [ 35.543260154000052, 6.748771806000036 ], [ 35.518614115000162, 6.743689093000057 ], [ 35.495612543, 6.755757934000087 ], [ 35.449291797000058, 6.73244211500014 ], [ 35.419393650000131, 6.733182542000179 ], [ 35.37751043500009, 6.676410006000026 ], [ 35.365914565000082, 6.63365817000016 ], [ 35.31372698600012, 6.595448102000034 ], [ 35.308964573000139, 6.57059617699997 ], [ 35.323024388000022, 6.554239786000153 ], [ 35.310437791000027, 6.557079863000013 ], [ 35.276943049000124, 6.523071411999979 ], [ 35.256461741000123, 6.525986483000054 ], [ 35.254406212000163, 6.50131926 ], [ 35.232919936000144, 6.499094895000098 ], [ 35.229386985000133, 6.486715120000156 ], [ 35.185887290000096, 6.507163482000067 ] ] ] } },
{ "type": "Feature", "properties": { "adm2_name": "Dawuro", "adm2_name1": null, "adm2_name2": null, "adm2_name3": null, "adm2_pcode": "ET1104", "adm1_name": "South West Ethiopia", "adm1_name1": null, "adm1_name2": null, "adm1_name3": null, "adm1_pcode": "ET11", "adm0_name": "Ethiopia", "adm0_name1": null, "adm0_name2": null, "adm0_name3": null, "adm0_pcode": "ET", "valid_on": "2025-01-01", "valid_to": null, "area_sqkm": 4370.3419611700001, "version": "v04", "lang": "en", "lang1": null, "lang2": null, "lang3": null, "adm2_ref_n": null, "center_lat": null, "center_lon": null, "adm2_alt_n": null }, "geometry": { "type": "Polygon", "coordinates": [ [ [ 37.309084963000146, 6.864536816 ], [ 37.267747511000039, 6.777163616000166 ], [ 37.243941635000169, 6.761236353000129 ], [ 37.249416999, 6.742560857000171 ], [ 37.224905459000183, 6.721240484000077 ], [ 37.238903993000065, 6.654505381000149 ], [ 37.199877374000152, 6.648671170000114 ], [ 37.182033540000077, 6.666882897 ], [ 37.146612006000055, 6.669717504000175 ], [ 37.104424175000077, 6.633961711000154 ], [ 37.064836762000084, 6.626249720000033 ], [ 37.009195236000096, 6.589766373000032 ], [ 36.989113621000058, 6.600020974000188 ], [ 36.991493343000116, 6.67049496900006 ], [ 36.968465443000127, 6.693222842000068 ], [ 36.93229442, 6.703883515000086 ], [ 36.866842965000046, 6.66846283100017 ], [ 36.820287811000071, 6.681543685000122 ], [ 36.779806627000141, 6.710629277000066 ], [ 36.688431958000024, 6.712098378000064 ], [ 36.690088618000175, 6.78103658800012 ], [ 36.708414072000096, 6.832048866000093 ], [ 36.762946057000079, 6.900219316000118 ], [ 36.764719231000072, 6.932350039000028 ], [ 36.824152246000153, 6.978893367000069 ], [ 36.81938867700012, 7.076057714000115 ], [ 36.855641647000141, 7.14918308700004 ], [ 36.869644584000127, 7.226226246000067 ], [ 36.909598367, 7.235787181000035 ], [ 36.964645170000097, 7.224732706000111 ], [ 37.039511190000042, 7.240016542000092 ], [ 37.128590638000048, 7.228445968000017 ], [ 37.237830025, 7.312059669000178 ], [ 37.349479886000097, 7.35773547600013 ], [ 37.356459487000052, 7.278043709000144 ], [ 37.374285316000112, 7.251456135000126 ], [ 37.402646895000089, 7.246221451000054 ], [ 37.464332570000067, 7.199061273000154 ], [ 37.513180255000123, 7.213984946000096 ], [ 37.530421373000081, 7.189943259000131 ], [ 37.493623126000102, 7.150732506000054 ], [ 37.455444102000058, 7.13519806100004 ], [ 37.459723258999986, 7.09888169400017 ], [ 37.422560981000061, 6.977659949000156 ], [ 37.435778571000185, 6.897864449000053 ], [ 37.423853570000176, 6.876842609000107 ], [ 37.388620472000127, 6.86083908300003 ], [ 37.338039243000026, 6.874518833000025 ], [ 37.309084963000146, 6.864536816 ] ] ] } },
{ "type": "Feature", "properties": { "adm2_name": "West Omo", "adm2_name1": null, "adm2_name2": null, "adm2_name3": null, "adm2_pcode": "ET1105", "adm1_name": "South West Ethiopia", "adm1_name1": null, "adm1_name2": null, "adm1_name3": null, "adm1_pcode": "ET11", "adm0_name": "Ethiopia", "adm0_name1": null, "adm0_name2": null, "adm0_name3": null, "adm0_pcode": "ET", "valid_on": "2025-01-01", "valid_to": null, "area_sqkm": 14821.042442419999, "version": "v04", "lang": "en", "lang1": null, "lang2": null, "lang3": null, "adm2_ref_n": null, "center_lat": null, "center_lon": null, "adm2_alt_n": null }, "geometry": { "type": "Polygon", "coordinates": [ [ [ 35.443710000000181, 5.425520000000176 ], [ 35.352840000000185, 5.35069 ], [ 35.32625000000013, 5.35708000000011 ], [ 35.27041, 5.438330000000121 ], [ 35.2927, 5.487640000000113 ], [ 35.28999, 5.50778 ], [ 35.103880000000117, 5.632500000000107 ], [ 35.10541, 5.68833 ], [ 34.986380000000111, 5.87805 ], [ 34.975830000000144, 5.96472 ], [ 34.98782, 6.01394 ], [ 34.981380000000115, 6.06111 ], [ 34.922430000000134, 6.13229 ], [ 34.87055, 6.237500000000125 ], [ 34.852922775000081, 6.33204939899997 ], [ 34.984970449000116, 6.298803941000131 ], [ 35.011289767000164, 6.28025950600005 ], [ 35.03826853400011, 6.304626489000157 ], [ 35.106107879000149, 6.318904831000054 ], [ 35.131504261000032, 6.395495062000123 ], [ 35.178499831000181, 6.379267700000014 ], [ 35.199465521000093, 6.410903987999973 ], [ 35.173851643000035, 6.466523021000171 ], [ 35.185887290000096, 6.507163482000067 ], [ 35.229386985000133, 6.486715120000156 ], [ 35.232919936000144, 6.499094895000098 ], [ 35.254406212000163, 6.50131926 ], [ 35.256461741000123, 6.525986483000054 ], [ 35.276943049000124, 6.523071411999979 ], [ 35.310437791000027, 6.557079863000013 ], [ 35.320885495000084, 6.55171320900007 ], [ 35.308964573000139, 6.57059617699997 ], [ 35.31372698600012, 6.595448102000034 ], [ 35.365914565000082, 6.63365817000016 ], [ 35.37751043500009, 6.676410006000026 ], [ 35.419393650000131, 6.733182542000179 ], [ 35.449291797000058, 6.73244211500014 ], [ 35.495612543, 6.755757934000087 ], [ 35.518614115000162, 6.743689093000057 ], [ 35.543260154000052, 6.748771806000036 ], [ 35.603942586000073, 6.797945671000036 ], [ 35.630706731000032, 6.756600983999988 ], [ 35.656222359000026, 6.741272994000099 ], [ 35.693852247000109, 6.768391459000043 ], [ 35.686563917000115, 6.776891042000159 ], [ 35.701668914000152, 6.804242312000156 ], [ 35.725190501999975, 6.809253863000094 ], [ 35.739971116000106, 6.786785749000046 ], [ 35.776772033999976, 6.789983936000056 ], [ 35.84376082100016, 6.846563287000151 ], [ 35.871863878000113, 6.835185520000095 ], [ 35.884258191000185, 6.849319788000059 ], [ 35.865809570000067, 6.878774697999972 ], [ 35.868311452000171, 6.907680809999988 ], [ 35.846795396000175, 6.913190444000065 ], [ 35.844973974000084, 6.936243164000189 ], [ 35.869001816000093, 6.982208873000104 ], [ 35.85751265500005, 6.995833399000162 ], [ 35.844119125000134, 6.991982403 ], [ 35.837987635000161, 7.009978776000025 ], [ 35.857991812000193, 7.011919639000098 ], [ 35.879741657000068, 7.050992578000148 ], [ 35.87834529700018, 7.090443599000025 ], [ 35.941110613000035, 7.117081823000149 ], [ 36.001010591000124, 7.053942261000032 ], [ 36.00191146700007, 7.000204042 ], [ 36.055685110000184, 6.864491861000147 ], [ 36.057036262000054, 6.804926737000187 ], [ 36.070435043000145, 6.794932679000169 ], [ 36.064462916000082, 6.730535851000127 ], [ 36.084147887000029, 6.722460571000056 ], [ 36.075417285000071, 6.697972652000146 ], [ 36.085469947000149, 6.667411179 ], [ 36.067243809000047, 6.643154312000036 ], [ 36.077600403000076, 6.612370378000037 ], [ 36.094778623000138, 6.610454105000031 ], [ 36.132377483000141, 6.572860233000085 ], [ 36.137802386000033, 6.537486658999967 ], [ 36.123314648000189, 6.514951978 ], [ 36.129462901000068, 6.499245413000097 ], [ 36.103057770000078, 6.483748056000138 ], [ 36.101861881, 6.467157359999987 ], [ 36.03987148900012, 6.459754563000047 ], [ 36.017988479000167, 6.413607663000107 ], [ 35.992230182000071, 6.396337010000138 ], [ 35.973117396000191, 6.336959718000116 ], [ 35.968536420000078, 6.283583802000123 ], [ 35.97956492000003, 6.266234877000102 ], [ 35.955571180000049, 6.221835531000124 ], [ 35.967616646000181, 6.207210981000173 ], [ 35.962271506000036, 6.180711116 ], [ 35.977742533000139, 6.166221135000058 ], [ 35.952889097000082, 6.166839686000174 ], [ 35.933328522000181, 6.134152808000124 ], [ 35.950362939000172, 6.122391318000098 ], [ 35.945089967000115, 6.10214261100009 ], [ 35.994821041000137, 6.084648610999977 ], [ 35.982138292000172, 6.052006639000126 ], [ 36.008553450000136, 5.997335860000078 ], [ 35.977710228000035, 5.948063972 ], [ 35.987696673000073, 5.896311113000138 ], [ 35.96842326400008, 5.869794396000032 ], [ 35.973435767000126, 5.840364029000057 ], [ 35.960893796000107, 5.834615714000051 ], [ 35.96228273700018, 5.782794836000164 ], [ 35.978500105000137, 5.759599739000066 ], [ 35.959429099000147, 5.703485127000022 ], [ 35.970285932000024, 5.695694881000065 ], [ 35.957944612000119, 5.685615538000036 ], [ 35.968193095000174, 5.682272794000028 ], [ 35.964752868000176, 5.669370752000077 ], [ 35.951573150000172, 5.651032429000054 ], [ 35.87741600600009, 5.673151982000149 ], [ 35.806852352000192, 5.665838864000079 ], [ 35.753842744000167, 5.600657981000097 ], [ 35.757041116000096, 5.345433895999975 ], [ 35.527920000000165, 5.42681000000016 ], [ 35.443710000000181, 5.425520000000176 ] ] ] } },
{ "type": "Feature", "properties": { "adm2_name": "Konta", "adm2_name1": null, "adm2_name2": null, "adm2_name3": null, "adm2_pcode": "ET1106", "adm1_name": "South West Ethiopia", "adm1_name1": null, "adm1_name2": null, "adm1_name3": null, "adm1_pcode": "ET11", "adm0_name": "Ethiopia", "adm0_name1": null, "adm0_name2": null, "adm0_name3": null, "adm0_pcode": "ET", "valid_on": "2025-01-01", "valid_to": null, "area_sqkm": 2353.5269898400002, "version": "v04", "lang": "en", "lang1": null, "lang2": null, "lang3": null, "adm2_ref_n": null, "center_lat": null, "center_lon": null, "adm2_alt_n": null }, "geometry": { "type": "Polygon", "coordinates": [ [ [ 36.710810867000077, 6.836166999000056 ], [ 36.690088618000175, 6.78103658800012 ], [ 36.69349450500016, 6.705677586000093 ], [ 36.671804399000166, 6.656941226000129 ], [ 36.60023980200009, 6.627329890000055 ], [ 36.570636953000076, 6.582557839000117 ], [ 36.461771067000029, 6.528785681000045 ], [ 36.416243400000042, 6.475197627000114 ], [ 36.38216449000015, 6.458236514000134 ], [ 36.361144391999972, 6.469150391000142 ], [ 36.325439142000164, 6.458933085000126 ], [ 36.339926328000161, 6.526827974000128 ], [ 36.328139252000085, 6.57536086500005 ], [ 36.358864322000159, 6.631257496000103 ], [ 36.338538218000053, 6.682541724000032 ], [ 36.342082438000034, 6.703720581000084 ], [ 36.394300129000158, 6.747589761000029 ], [ 36.415489869000169, 6.783903178000173 ], [ 36.459096203, 6.784905339000034 ], [ 36.490504648000069, 6.816074801000127 ], [ 36.483054470000184, 6.878453544000081 ], [ 36.457770020000169, 6.922061665000172 ], [ 36.46702248500003, 6.973252973000058 ], [ 36.479220568000073, 6.986816710000085 ], [ 36.504142385000193, 6.982569131999981 ], [ 36.512881882000045, 7.008987956999988 ], [ 36.552503677000175, 7.004589126000099 ], [ 36.568477401000052, 7.048743890000083 ], [ 36.600955679000094, 7.050218408000035 ], [ 36.591589211000098, 7.122942059000081 ], [ 36.676888241000142, 7.132523386000116 ], [ 36.693257867000113, 7.166492219000077 ], [ 36.717191572, 7.149658322000164 ], [ 36.755893306000132, 7.161045089000027 ], [ 36.774538511000173, 7.24612479700005 ], [ 36.791112613000166, 7.252283413000157 ], [ 36.840936200000101, 7.325989875000062 ], [ 36.879154575000143, 7.329694398000072 ], [ 36.95546430700017, 7.260490995000168 ], [ 36.96466491200016, 7.225026876000129 ], [ 36.909598367, 7.235787181000035 ], [ 36.869644584000127, 7.226226246000067 ], [ 36.855641647000141, 7.14918308700004 ], [ 36.81938867700012, 7.076057714000115 ], [ 36.824152246000153, 6.978893367000069 ], [ 36.764719231000072, 6.932350039000028 ], [ 36.762946057000079, 6.900219316000118 ], [ 36.710810867000077, 6.836166999000056 ] ] ] } },
{ "type": "Feature", "properties": { "adm2_name": "Nuwer", "adm2_name1": null, "adm2_name2": null, "adm2_name3": null, "adm2_pcode": "ET1201", "adm1_name": "Gambela", "adm1_name1": null, "adm1_name2": null, "adm1_name3": null, "adm1_pcode": "ET12", "adm0_name": "Ethiopia", "adm0_name1": null, "adm0_name2": null, "adm0_name3": null, "adm0_pcode": "ET", "valid_on": "2025-01-01", "valid_to": null, "area_sqkm": 4723.0428365099997, "version": "v04", "lang": "en", "lang1": null, "lang2": null, "lang3": null, "adm2_ref_n": null, "center_lat": null, "center_lon": null, "adm2_alt_n": null }, "geometry": { "type": "Polygon", "coordinates": [ [ [ 33.453878550000127, 7.744201289000159 ], [ 33.05222, 7.79069 ], [ 32.996830000000102, 7.88722 ], [ 32.9918, 7.92604 ], [ 33.03194, 7.99739 ], [ 33.12138, 8.10097 ], [ 33.162770000000194, 8.115 ], [ 33.185920000000181, 8.14029 ], [ 33.16083, 8.35653 ], [ 33.171250000000157, 8.399790000000166 ], [ 33.26354, 8.46153 ], [ 33.380830000000117, 8.43792 ], [ 33.508610000000147, 8.466200000000129 ], [ 33.63437, 8.46715 ], [ 33.71527, 8.375070000000107 ], [ 33.77133, 8.36775 ], [ 33.81874, 8.41153 ], [ 33.852490000000103, 8.42583000000019 ], [ 33.97076, 8.43757 ], [ 34.049874341000191, 8.504072541000141 ], [ 34.061848477000126, 8.477690146000157 ], [ 34.075264629000117, 8.479878582000026 ], [ 34.051941169000145, 8.420671455000104 ], [ 34.060927070000162, 8.385457861000134 ], [ 34.046123088000058, 8.385988656000052 ], [ 34.042951008000159, 8.344375958000114 ], [ 34.020571986000164, 8.329486057000111 ], [ 33.996968113000037, 8.28270360700003 ], [ 33.999567054000011, 8.240418835000071 ], [ 34.040422219999982, 8.234403720000046 ], [ 34.033531312000036, 8.181957113000124 ], [ 34.0209916660001, 8.174780263000173 ], [ 33.944058988000052, 8.181763225000054 ], [ 33.93105835700004, 8.230227360000129 ], [ 33.886372108999979, 8.269621591000146 ], [ 33.858882029000085, 8.209495640000057 ], [ 33.852504090000025, 8.136068911000109 ], [ 33.822152783999968, 8.170081804000176 ], [ 33.78288787300005, 8.175837204000118 ], [ 33.614422981000132, 8.127017672000022 ], [ 33.555136640000057, 8.214136279000058 ], [ 33.567459820000067, 8.272311868000031 ], [ 33.50584256500008, 8.293701164000026 ], [ 33.46125290800012, 8.243600978000188 ], [ 33.488340556000082, 8.131681406000098 ], [ 33.477065728000184, 8.040536970000119 ], [ 33.503758660000187, 7.975816337000026 ], [ 33.464802180000106, 7.961215250000123 ], [ 33.440401695000162, 7.906962919000023 ], [ 33.45544361900005, 7.877461933000177 ], [ 33.470698438, 7.889578851000124 ], [ 33.482765123000036, 7.883940990000042 ], [ 33.475962769000148, 7.79082737900012 ], [ 33.453878550000127, 7.744201289000159 ] ] ] } },
{ "type": "Feature", "properties": { "adm2_name": "Agnewak", "adm2_name1": null, "adm2_name2": null, "adm2_name3": null, "adm2_pcode": "ET1202", "adm1_name": "Gambela", "adm1_name1": null, "adm1_name2": null, "adm1_name3": null, "adm1_pcode": "ET12", "adm0_name": "Ethiopia", "adm0_name1": null, "adm0_name2": null, "adm0_name3": null, "adm0_pcode": "ET", "valid_on": "2025-01-01", "valid_to": null, "area_sqkm": 21997.547922410002, "version": "v04", "lang": "en", "lang1": null, "lang2": null, "lang3": null, "adm2_ref_n": null, "center_lat": null, "center_lon": null, "adm2_alt_n": null }, "geometry": { "type": "Polygon", "coordinates": [ [ [ 34.864331866000043, 7.545254522000107 ], [ 34.925822432000132, 7.45092043600016 ], [ 34.925002200000108, 7.386278501 ], [ 34.988717622000081, 7.354425041000013 ], [ 34.969216846000052, 7.31952799700008 ], [ 34.96521323200011, 7.266741659000047 ], [ 34.981786882000051, 7.223678286999984 ], [ 34.970159702000103, 7.234028107000142 ], [ 34.942449190000048, 7.19290841000003 ], [ 34.898093041000038, 7.184790768000028 ], [ 34.892672517999983, 7.091504588000134 ], [ 34.877082333000146, 7.06979026900018 ], [ 34.884340418000193, 7.030759646000092 ], [ 34.90208104300018, 7.030915407000123 ], [ 34.911325456000043, 6.988154524000095 ], [ 34.997882971000024, 6.892863830000067 ], [ 34.992364608000059, 6.864031074000081 ], [ 34.968994400000156, 6.859264409000161 ], [ 34.933660998000164, 6.796293009000124 ], [ 35.079861794000067, 6.81079876900003 ], [ 35.179559546000064, 6.727364908000027 ], [ 35.197662145000095, 6.680216191999989 ], [ 35.187500193000062, 6.656492827000079 ], [ 35.195342608000146, 6.597440954999968 ], [ 35.185577749000174, 6.489749267000093 ], [ 35.173851643000035, 6.466523021000171 ], [ 35.199465521000093, 6.410903987999973 ], [ 35.178499831000181, 6.379267700000014 ], [ 35.131504261000032, 6.395495062000123 ], [ 35.106107879000149, 6.318904831000054 ], [ 35.03826853400011, 6.304626489000157 ], [ 35.011289767000164, 6.28025950600005 ], [ 34.984970449000116, 6.298803941000131 ], [ 34.852922775000081, 6.33204939899997 ], [ 34.850000000000136, 6.366660000000138 ], [ 34.756990000000144, 6.613780000000133 ], [ 34.70472, 6.67778 ], [ 34.654720000000168, 6.716670000000136 ], [ 34.52882, 6.74722 ], [ 34.4718, 6.914310000000171 ], [ 34.360970000000179, 6.959030000000155 ], [ 34.299570000000131, 6.964320000000157 ], [ 34.23569, 7.01972 ], [ 34.163330000000144, 7.17167000000012 ], [ 34.02708, 7.24812 ], [ 34.027710000000127, 7.37868 ], [ 33.88555, 7.525420000000167 ], [ 33.71249, 7.658470000000136 ], [ 33.453941863000125, 7.744200262000163 ], [ 33.475962769000148, 7.79082737900012 ], [ 33.482765123000036, 7.883940990000042 ], [ 33.470698438, 7.889578851000124 ], [ 33.45544361900005, 7.877461933000177 ], [ 33.440401695000162, 7.906962919000023 ], [ 33.464802180000106, 7.961215250000123 ], [ 33.503758660000187, 7.975816337000026 ], [ 33.477065728000184, 8.040536970000119 ], [ 33.488340556000082, 8.131681406000098 ], [ 33.46125290800012, 8.243600978000188 ], [ 33.50584256500008, 8.293701164000026 ], [ 33.567459820000067, 8.272311868000031 ], [ 33.555136640000057, 8.214136279000058 ], [ 33.614422981000132, 8.127017672000022 ], [ 33.78288787300005, 8.175837204000118 ], [ 33.822152783999968, 8.170081804000176 ], [ 33.852504090000025, 8.136068911000109 ], [ 33.858882029000085, 8.209495640000057 ], [ 33.889783453000177, 8.269661876000157 ], [ 33.93105835700004, 8.230227360000129 ], [ 33.944058988000052, 8.181763225000054 ], [ 34.000263356000119, 8.183542360000104 ], [ 34.0153207030001, 8.173550217000184 ], [ 34.033531312000036, 8.181957113000124 ], [ 34.072951388000092, 8.1533064730001 ], [ 34.098161118000178, 8.154336136000154 ], [ 34.137544320000018, 8.091999073000068 ], [ 34.193662595000148, 8.080750805000037 ], [ 34.199219702000164, 8.089513675000148 ], [ 34.248894860000121, 8.071551696000142 ], [ 34.311594639000191, 8.028737740000111 ], [ 34.326833785000019, 8.05400429499997 ], [ 34.353046537000125, 8.067545982000183 ], [ 34.383589963000077, 8.05902269600017 ], [ 34.432784095999978, 8.083300401000145 ], [ 34.436572352000098, 8.151668385000107 ], [ 34.452035106000153, 8.178122768000037 ], [ 34.375140766000072, 8.178064672 ], [ 34.357541484000024, 8.209741656000176 ], [ 34.38410662900003, 8.210642361000168 ], [ 34.359073668000121, 8.273202111000103 ], [ 34.354252509999981, 8.346951620000084 ], [ 34.383758692000129, 8.395130791000042 ], [ 34.522687101000031, 8.475544933000037 ], [ 34.556526754000117, 8.455134120000082 ], [ 34.574273499000071, 8.403479556999969 ], [ 34.728751828000156, 8.390022244000022 ], [ 34.785250433000101, 8.355242661000148 ], [ 34.795072045999973, 8.326909195999974 ], [ 34.785803330000135, 8.303639340000018 ], [ 34.826427111000044, 8.261935566000034 ], [ 34.855094825000037, 8.250647129000129 ], [ 34.964792083000134, 8.247346959000083 ], [ 35.018258912000078, 8.219643652 ], [ 35.073245997000072, 8.220184827000139 ], [ 35.118913490000182, 8.200608826000177 ], [ 35.157659299000159, 8.136710000000107 ], [ 35.143271224000102, 8.142853244000037 ], [ 35.089087727000049, 8.113922156000058 ], [ 35.117936250000184, 8.082588241000167 ], [ 35.141024095000091, 7.989027562000047 ], [ 35.108557973000188, 7.957113076000155 ], [ 35.048340566000036, 7.954436467000107 ], [ 35.008480071, 7.923502092000035 ], [ 35.013101335000101, 7.882457938000073 ], [ 35.00061526900015, 7.862321638000026 ], [ 34.950686634000022, 7.890286446000175 ], [ 34.944275153000035, 7.879393290000166 ], [ 34.931977556000163, 7.728168627000173 ], [ 35.000382965000085, 7.747008853000068 ], [ 34.998476021000045, 7.643559944000174 ], [ 34.905720935000033, 7.622160614000052 ], [ 34.864331866000043, 7.545254522000107 ] ] ] } },
{ "type": "Feature", "properties": { "adm2_name": "Majang", "adm2_name1": null, "adm2_name2": null, "adm2_name3": null, "adm2_pcode": "ET1203", "adm1_name": "Gambela", "adm1_name1": null, "adm1_name2": null, "adm1_name3": null, "adm1_pcode": "ET12", "adm0_name": "Ethiopia", "adm0_name1": null, "adm0_name2": null, "adm0_name3": null, "adm0_pcode": "ET", "valid_on": "2025-01-01", "valid_to": null, "area_sqkm": 2326.11946915, "version": "v04", "lang": "en", "lang1": null, "lang2": null, "lang3": null, "adm2_ref_n": null, "center_lat": null, "center_lon": null, "adm2_alt_n": null }, "geometry": { "type": "Polygon", "coordinates": [ [ [ 35.209512077000056, 7.471867610000174 ], [ 35.309554712000022, 7.479178306 ], [ 35.373648242000058, 7.427978167000049 ], [ 35.367835393, 7.414628042000061 ], [ 35.392298410000024, 7.396183099000098 ], [ 35.374913325000193, 7.289975546000164 ], [ 35.345808364000106, 7.238978042000156 ], [ 35.372857634000184, 7.231027526000105 ], [ 35.333986430000039, 7.17993301000007 ], [ 35.380350540000165, 7.122820944000068 ], [ 35.330781491000153, 7.127092152000159 ], [ 35.299889315000144, 7.11577270700019 ], [ 35.264621891000104, 7.13623258299998 ], [ 35.234459906000041, 7.137931503000061 ], [ 35.20456386800015, 7.099613933000057 ], [ 35.114266402999988, 7.102144963000057 ], [ 35.083710156000166, 7.124841251000021 ], [ 35.053913519000105, 7.184263486000134 ], [ 35.020813335000128, 7.185781798000164 ], [ 34.977894689000152, 7.213275549000116 ], [ 34.968081140000038, 7.306376888000102 ], [ 34.988717622000081, 7.354425041000013 ], [ 34.925002200000108, 7.386278501 ], [ 34.921131598000159, 7.463518069000031 ], [ 34.864331866000043, 7.545254522000107 ], [ 34.909815193000043, 7.626328680000142 ], [ 34.998476021000045, 7.643559944000174 ], [ 35.000382965000085, 7.747008853000068 ], [ 35.077095841000073, 7.731005248000145 ], [ 35.115636627000072, 7.630795768000098 ], [ 35.145658908000144, 7.63024023000014 ], [ 35.166305223000165, 7.61487082900004 ], [ 35.171916384000042, 7.532753644000138 ], [ 35.138082805000067, 7.512076175000175 ], [ 35.122402105999981, 7.478600811000092 ], [ 35.189252435000071, 7.455626145000053 ], [ 35.209512077000056, 7.471867610000174 ] ] ] } },
{ "type": "Feature", "properties": { "adm2_name": "Itang Special", "adm2_name1": null, "adm2_name2": null, "adm2_name3": null, "adm2_pcode": "ET1204", "adm1_name": "Gambela", "adm1_name1": null, "adm1_name2": null, "adm1_name3": null, "adm1_pcode": "ET12", "adm0_name": "Ethiopia", "adm0_name1": null, "adm0_name2": null, "adm0_name3": null, "adm0_pcode": "ET", "valid_on": "2025-01-01", "valid_to": null, "area_sqkm": 2198.8770784799999, "version": "v04", "lang": "en", "lang1": null, "lang2": null, "lang3": null, "adm2_ref_n": null, "center_lat": null, "center_lon": null, "adm2_alt_n": null }, "geometry": { "type": "Polygon", "coordinates": [ [ [ 34.049874341000191, 8.504072541000141 ], [ 34.12166, 8.579580000000135 ], [ 34.124245703000042, 8.651479982000126 ], [ 34.189639021000119, 8.651632735000078 ], [ 34.279388977, 8.708837029000108 ], [ 34.312429023000107, 8.682099813000093 ], [ 34.345471368000176, 8.600099974000102 ], [ 34.358223376000126, 8.522043527999983 ], [ 34.313296408000042, 8.389928504000125 ], [ 34.347280143000148, 8.376647333000165 ], [ 34.383758692000129, 8.395130791000042 ], [ 34.353960764000192, 8.345947713000044 ], [ 34.359073668000121, 8.273202111000103 ], [ 34.38410662900003, 8.210642361000168 ], [ 34.357541484000024, 8.209741656000176 ], [ 34.375140766000072, 8.178064672 ], [ 34.452035106000153, 8.178122768000037 ], [ 34.436572352000098, 8.151668385000107 ], [ 34.439694, 8.093785808 ], [ 34.41978922200019, 8.072270683000056 ], [ 34.380618163000065, 8.058522333000099 ], [ 34.353046537000125, 8.067545982000183 ], [ 34.30595938700003, 8.027939028000105 ], [ 34.248894860000121, 8.071551696000142 ], [ 34.199219702000164, 8.089513675000148 ], [ 34.193662595000148, 8.080750805000037 ], [ 34.137544320000018, 8.091999073000068 ], [ 34.098161118000178, 8.154336136000154 ], [ 34.072951388000092, 8.1533064730001 ], [ 34.033531312000036, 8.181957113000124 ], [ 34.040422219999982, 8.234403720000046 ], [ 33.999567054000011, 8.240418835000071 ], [ 33.996968113000037, 8.28270360700003 ], [ 34.020571986000164, 8.329486057000111 ], [ 34.042951008000159, 8.344375958000114 ], [ 34.046123088000058, 8.385988656000052 ], [ 34.060927070000162, 8.385457861000134 ], [ 34.051941169000145, 8.420671455000104 ], [ 34.075264629000117, 8.479878582000026 ], [ 34.061848477000126, 8.477690146000157 ], [ 34.049874341000191, 8.504072541000141 ] ] ] } },
{ "type": "Feature", "properties": { "adm2_name": "Harari", "adm2_name1": null, "adm2_name2": null, "adm2_name3": null, "adm2_pcode": "ET1301", "adm1_name": "Harari", "adm1_name1": null, "adm1_name2": null, "adm1_name3": null, "adm1_pcode": "ET13", "adm0_name": "Ethiopia", "adm0_name1": null, "adm0_name2": null, "adm0_name3": null, "adm0_pcode": "ET", "valid_on": "2025-01-01", "valid_to": null, "area_sqkm": 370.77594202, "version": "v04", "lang": "en", "lang1": null, "lang2": null, "lang3": null, "adm2_ref_n": null, "center_lat": null, "center_lon": null, "adm2_alt_n": null }, "geometry": { "type": "Polygon", "coordinates": [ [ [ 42.250309142000106, 9.285532357000079 ], [ 42.27203898800019, 9.21566739400015 ], [ 42.259448868000163, 9.19227247300006 ], [ 42.233718742000178, 9.185912564000091 ], [ 42.197458721000032, 9.219872631000044 ], [ 42.148558487000173, 9.206262811000158 ], [ 42.112408425000126, 9.230742891999967 ], [ 42.073688238000159, 9.220963026000106 ], [ 42.061332213000185, 9.226459058999978 ], [ 42.058878278000122, 9.249433034999981 ], [ 42.070468498000025, 9.303942920999987 ], [ 42.12914901400012, 9.388672600000064 ], [ 42.187439149, 9.361682445000042 ], [ 42.252999476000127, 9.383802192000132 ], [ 42.270312659000069, 9.361664396000094 ], [ 42.258519333000038, 9.334412256000121 ], [ 42.266049283000143, 9.309772269000064 ], [ 42.250309142000106, 9.285532357000079 ] ] ] } },
{ "type": "Feature", "properties": { "adm2_name": "Region 14", "adm2_name1": null, "adm2_name2": null, "adm2_name3": null, "adm2_pcode": "ET1401", "adm1_name": "Addis Ababa", "adm1_name1": null, "adm1_name2": null, "adm1_name3": null, "adm1_pcode": "ET14", "adm0_name": "Ethiopia", "adm0_name1": null, "adm0_name2": null, "adm0_name3": null, "adm0_pcode": "ET", "valid_on": "2025-01-01", "valid_to": null, "area_sqkm": 539.62637558999995, "version": "v04", "lang": "en", "lang1": null, "lang2": null, "lang3": null, "adm2_ref_n": null, "center_lat": null, "center_lon": null, "adm2_alt_n": null }, "geometry": { "type": "Polygon", "coordinates": [ [ [ 38.743712042000141, 8.90113806200003 ], [ 38.639405387000068, 8.97403583300013 ], [ 38.659386470000186, 8.985402486000112 ], [ 38.651942039000176, 9.010284438000042 ], [ 38.667036364000012, 9.010027781000019 ], [ 38.68540800500017, 9.073027127000103 ], [ 38.765214224000033, 9.098150301000089 ], [ 38.791311791999988, 9.077681516000155 ], [ 38.876320806000194, 9.081584122000095 ], [ 38.90624370900008, 8.977418691000025 ], [ 38.896759233000125, 8.937026941000056 ], [ 38.855555243000026, 8.938292853000178 ], [ 38.879447092000078, 8.918314232000114 ], [ 38.868717092000054, 8.873035683000182 ], [ 38.863808972000072, 8.882850647000112 ], [ 38.826001429000087, 8.880187270000135 ], [ 38.824393004000171, 8.841332266000109 ], [ 38.780594873000155, 8.835919558000057 ], [ 38.772991760000139, 8.857467391000114 ], [ 38.745517604000099, 8.86342367300017 ], [ 38.743712042000141, 8.90113806200003 ] ] ] } },
{ "type": "Feature", "properties": { "adm2_name": "Dire Dawa urban", "adm2_name1": null, "adm2_name2": null, "adm2_name3": null, "adm2_pcode": "ET1501", "adm1_name": "Dire Dawa", "adm1_name1": null, "adm1_name2": null, "adm1_name3": null, "adm1_pcode": "ET15", "adm0_name": "Ethiopia", "adm0_name1": null, "adm0_name2": null, "adm0_name3": null, "adm0_pcode": "ET", "valid_on": "2025-01-01", "valid_to": null, "area_sqkm": 77.64655093, "version": "v04", "lang": "en", "lang1": null, "lang2": null, "lang3": null, "adm2_ref_n": null, "center_lat": null, "center_lon": null, "adm2_alt_n": null }, "geometry": { "type": "Polygon", "coordinates": [ [ [ 41.886459006000166, 9.604565105000177 ], [ 41.877267081000184, 9.574742652000054 ], [ 41.857317502000058, 9.5756984840001 ], [ 41.802213492000078, 9.613631572999964 ], [ 41.771418038000093, 9.615051318000098 ], [ 41.760679702000118, 9.643972814000165 ], [ 41.773828470000012, 9.653703360000065 ], [ 41.808678563000058, 9.64055326600004 ], [ 41.862040197000113, 9.678193904000125 ], [ 41.886459006000166, 9.604565105000177 ] ] ] } },
{ "type": "Feature", "properties": { "adm2_name": "Dire Dawa rural", "adm2_name1": null, "adm2_name2": null, "adm2_name3": null, "adm2_pcode": "ET1502", "adm1_name": "Dire Dawa", "adm1_name1": null, "adm1_name2": null, "adm1_name3": null, "adm1_pcode": "ET15", "adm0_name": "Ethiopia", "adm0_name1": null, "adm0_name2": null, "adm0_name3": null, "adm0_pcode": "ET", "valid_on": "2025-01-01", "valid_to": null, "area_sqkm": 975.67237214, "version": "v04", "lang": "en", "lang1": null, "lang2": null, "lang3": null, "adm2_ref_n": null, "center_lat": null, "center_lon": null, "adm2_alt_n": null }, "geometry": { "type": "Polygon", "coordinates": [ [ [ 41.802213492000078, 9.613631572999964 ], [ 41.877267081000184, 9.574742652000054 ], [ 41.889355302000183, 9.599617077 ], [ 41.862040197000113, 9.678193904000125 ], [ 41.873238977000142, 9.683882986000128 ], [ 41.906139095000015, 9.679302884000037 ], [ 42.030809393000027, 9.618482565000079 ], [ 42.18577054800005, 9.773561785000027 ], [ 42.213350694000155, 9.783741669000165 ], [ 42.250990849000118, 9.783491543000082 ], [ 42.339772808000134, 9.719617623000147 ], [ 42.258635415000072, 9.651581739000108 ], [ 42.200530191000155, 9.653141934000132 ], [ 42.124859761000096, 9.61452225000005 ], [ 42.152599667000061, 9.556372258000124 ], [ 42.074771083000144, 9.473716646000128 ], [ 42.031719010000018, 9.504402737000078 ], [ 41.982523831000037, 9.508492896 ], [ 41.913378429000034, 9.472463175000087 ], [ 41.859708268000134, 9.48801333 ], [ 41.815198051000039, 9.476743490000104 ], [ 41.772997927000119, 9.49105360700014 ], [ 41.734617702000037, 9.471483758000147 ], [ 41.728027738000151, 9.489033754000047 ], [ 41.748601873999974, 9.636353472000167 ], [ 41.762346348000165, 9.644212965000065 ], [ 41.771418038000093, 9.615051318000098 ], [ 41.802213492000078, 9.613631572999964 ] ] ] } },
{ "type": "Feature", "properties": { "adm2_name": "Hawassa town Admin", "adm2_name1": null, "adm2_name2": null, "adm2_name3": null, "adm2_pcode": "ET1601", "adm1_name": "Sidama", "adm1_name1": null, "adm1_name2": null, "adm1_name3": null, "adm1_pcode": "ET16", "adm0_name": "Ethiopia", "adm0_name1": null, "adm0_name2": null, "adm0_name3": null, "adm0_pcode": "ET", "valid_on": "2025-01-01", "valid_to": null, "area_sqkm": 207.62872027, "version": "v04", "lang": "en", "lang1": null, "lang2": null, "lang3": null, "adm2_ref_n": null, "center_lat": null, "center_lon": null, "adm2_alt_n": null }, "geometry": { "type": "Polygon", "coordinates": [ [ [ 38.527422337000075, 6.956941040000117 ], [ 38.543389048000165, 6.925002259000109 ], [ 38.529477511000096, 6.92137474499998 ], [ 38.534496887000103, 6.912036052000133 ], [ 38.487481946000173, 6.929223273000105 ], [ 38.457536474000165, 6.966084368000111 ], [ 38.413869156000032, 6.980280045000029 ], [ 38.460230292000119, 7.11720843400002 ], [ 38.463912287000028, 7.099829213000135 ], [ 38.505102017000127, 7.087838642 ], [ 38.546114525000178, 7.090876842000057 ], [ 38.563471944000014, 7.109259329000054 ], [ 38.536168554000142, 7.023582175000172 ], [ 38.549565534000124, 6.997303852000073 ], [ 38.527422337000075, 6.956941040000117 ] ] ] } },
{ "type": "Feature", "properties": { "adm2_name": "Northern", "adm2_name1": null, "adm2_name2": null, "adm2_name3": null, "adm2_pcode": "ET1602", "adm1_name": "Sidama", "adm1_name1": null, "adm1_name2": null, "adm1_name3": null, "adm1_pcode": "ET16", "adm0_name": "Ethiopia", "adm0_name1": null, "adm0_name2": null, "adm0_name3": null, "adm0_pcode": "ET", "valid_on": "2025-01-01", "valid_to": null, "area_sqkm": 1538.8574116499999, "version": "v04", "lang": "en", "lang1": null, "lang2": null, "lang3": null, "adm2_ref_n": null, "center_lat": null, "center_lon": null, "adm2_alt_n": null }, "geometry": { "type": "Polygon", "coordinates": [ [ [ 38.543389048000165, 6.925002259000109 ], [ 38.523632438000107, 6.950511118000122 ], [ 38.549398499000063, 6.996633555000074 ], [ 38.536168554000142, 7.023582175000172 ], [ 38.563471944000014, 7.109259329000054 ], [ 38.583641554000167, 7.126290302000086 ], [ 38.611491380000189, 7.124180187000036 ], [ 38.64617113900016, 7.09554310600015 ], [ 38.63695117400016, 7.06609754699997 ], [ 38.680870877000132, 7.048356713000089 ], [ 38.677412797000159, 7.005354711000109 ], [ 38.710500658000058, 7.012985094000044 ], [ 38.714380616000085, 6.991414114000179 ], [ 38.694770716000107, 6.957492603000048 ], [ 38.714084698000136, 6.860577375000048 ], [ 38.639853442000117, 6.812686850000034 ], [ 38.635960160000025, 6.789344865000032 ], [ 38.61804307500006, 6.781679993000182 ], [ 38.631153500000096, 6.720923626000172 ], [ 38.609757887, 6.737215114000037 ], [ 38.598613868000143, 6.725632371000131 ], [ 38.59382548300016, 6.767391020000161 ], [ 38.552992479000068, 6.806757166000011 ], [ 38.524698334000163, 6.798473107000177 ], [ 38.503767631000017, 6.819231984000112 ], [ 38.474611675000119, 6.816909907000138 ], [ 38.46219916400014, 6.840894999000113 ], [ 38.416779844000189, 6.821618203000128 ], [ 38.3543853380001, 6.831021791000126 ], [ 38.358289555000056, 6.850867233000088 ], [ 38.33243055100013, 6.852661750000152 ], [ 38.317764983000131, 6.897373570000184 ], [ 38.269176831000152, 6.896829319000176 ], [ 38.237014879000071, 6.866793837000159 ], [ 38.203181080000093, 6.874460923000015 ], [ 38.168553972000097, 6.854692418000127 ], [ 38.10858896700006, 6.851293096000063 ], [ 38.136591922000036, 6.939727871000116 ], [ 38.130154270000105, 6.974009886000033 ], [ 38.193793906000167, 7.012345484000093 ], [ 38.237920596000095, 7.02005471300015 ], [ 38.321894933000067, 7.161742447 ], [ 38.342193101000191, 7.164452227000027 ], [ 38.400632700000131, 7.121470242000044 ], [ 38.460022326000114, 7.118190046000109 ], [ 38.413869156000032, 6.980280045000029 ], [ 38.457536474000165, 6.966084368000111 ], [ 38.476059103000182, 6.937572185000079 ], [ 38.510166724000044, 6.919237373999977 ], [ 38.534496887000103, 6.912036052000133 ], [ 38.529477511000096, 6.92137474499998 ], [ 38.543389048000165, 6.925002259000109 ] ] ] } },
{ "type": "Feature", "properties": { "adm2_name": "Central", "adm2_name1": null, "adm2_name2": null, "adm2_name3": null, "adm2_pcode": "ET1603", "adm1_name": "Sidama", "adm1_name1": null, "adm1_name2": null, "adm1_name3": null, "adm1_pcode": "ET16", "adm0_name": "Ethiopia", "adm0_name1": null, "adm0_name2": null, "adm0_name3": null, "adm0_pcode": "ET", "valid_on": "2025-01-01", "valid_to": null, "area_sqkm": 1911.88462052, "version": "v04", "lang": "en", "lang1": null, "lang2": null, "lang3": null, "adm2_ref_n": null, "center_lat": null, "center_lon": null, "adm2_alt_n": null }, "geometry": { "type": "Polygon", "coordinates": [ [ [ 38.221515628000077, 6.466742389000046 ], [ 38.155222080000158, 6.439255981999963 ], [ 38.143491266000126, 6.458191833000058 ], [ 38.149683719000109, 6.496589192000158 ], [ 38.139280388000088, 6.506002737000017 ], [ 38.114510558000177, 6.499561886000095 ], [ 38.090731515000073, 6.526068446000181 ], [ 38.05159517900006, 6.534738812000114 ], [ 38.012433488000113, 6.585484843000131 ], [ 38.019388640000045, 6.665603544000135 ], [ 38.049927407000098, 6.693215047000024 ], [ 38.10858896700006, 6.851293096000063 ], [ 38.168553972000097, 6.854692418000127 ], [ 38.203181080000093, 6.874460923000015 ], [ 38.237014879000071, 6.866793837000159 ], [ 38.269176831000152, 6.896829319000176 ], [ 38.316084954000132, 6.897756439000148 ], [ 38.318043865000107, 6.87816631600009 ], [ 38.334199620000049, 6.871979648000149 ], [ 38.33243055100013, 6.852661750000152 ], [ 38.358289555000056, 6.850867233000088 ], [ 38.3543853380001, 6.831021791000126 ], [ 38.416779844000189, 6.821618203000128 ], [ 38.46219916400014, 6.840894999000113 ], [ 38.474611675000119, 6.816909907000138 ], [ 38.488378085000193, 6.824248315000148 ], [ 38.524698334000163, 6.798473107000177 ], [ 38.552992479000068, 6.806757166000011 ], [ 38.572665118000032, 6.79744079000011 ], [ 38.602234169000099, 6.746364227000072 ], [ 38.598613868000143, 6.725632371000131 ], [ 38.609757887, 6.737215114000037 ], [ 38.633089510000048, 6.722993222000184 ], [ 38.617326471000069, 6.778797975000089 ], [ 38.635960160000025, 6.789344865000032 ], [ 38.635670932000096, 6.771714267 ], [ 38.705550464000112, 6.742042868 ], [ 38.742290194000077, 6.700940976000084 ], [ 38.817929714000059, 6.703611031000094 ], [ 38.833539606000045, 6.691660483000021 ], [ 38.822035911000057, 6.648265226000092 ], [ 38.798015491000172, 6.635709754000061 ], [ 38.766369569000119, 6.585471597000151 ], [ 38.75179329600013, 6.593816668000045 ], [ 38.748646377000114, 6.579099495000094 ], [ 38.739470751000113, 6.592487187000074 ], [ 38.718546298000149, 6.58891201400013 ], [ 38.686409592000189, 6.629593914000168 ], [ 38.693645666000066, 6.591930469000033 ], [ 38.671370925000133, 6.575846296000179 ], [ 38.617182938000042, 6.611699791000092 ], [ 38.603982334000079, 6.631049034000114 ], [ 38.608798640000145, 6.677175658000124 ], [ 38.591841653000188, 6.726431929000057 ], [ 38.569885577000036, 6.717487652000102 ], [ 38.548067213000081, 6.724857175000125 ], [ 38.539071987000113, 6.697675213000139 ], [ 38.477743511000085, 6.658898142000055 ], [ 38.44568714400009, 6.660326585 ], [ 38.446658123000077, 6.672554237000099 ], [ 38.279505844000084, 6.662095303000171 ], [ 38.274224237000169, 6.633751231000133 ], [ 38.247469049000131, 6.615402977999963 ], [ 38.221482593000076, 6.550362501000052 ], [ 38.231234427000174, 6.526780048999967 ], [ 38.221515628000077, 6.466742389000046 ] ] ] } },
{ "type": "Feature", "properties": { "adm2_name": "Southern", "adm2_name1": null, "adm2_name2": null, "adm2_name3": null, "adm2_pcode": "ET1604", "adm1_name": "Sidama", "adm1_name1": null, "adm1_name2": null, "adm1_name3": null, "adm1_pcode": "ET16", "adm0_name": "Ethiopia", "adm0_name1": null, "adm0_name2": null, "adm0_name3": null, "adm0_pcode": "ET", "valid_on": "2025-01-01", "valid_to": null, "area_sqkm": 1277.4620024200001, "version": "v04", "lang": "en", "lang1": null, "lang2": null, "lang3": null, "adm2_ref_n": null, "center_lat": null, "center_lon": null, "adm2_alt_n": null }, "geometry": { "type": "Polygon", "coordinates": [ [ [ 38.309313370000098, 6.419694531000175 ], [ 38.24559052900014, 6.468228601000078 ], [ 38.221450942000047, 6.461097959000028 ], [ 38.21589258500012, 6.463312023000071 ], [ 38.231328538000014, 6.527833224000176 ], [ 38.221482593000076, 6.550362501000052 ], [ 38.247469049000131, 6.615402977999963 ], [ 38.274224237000169, 6.633751231000133 ], [ 38.279505844000084, 6.662095303000171 ], [ 38.446658123000077, 6.672554237000099 ], [ 38.44568714400009, 6.660326585 ], [ 38.477743511000085, 6.658898142000055 ], [ 38.539071987000113, 6.697675213000139 ], [ 38.548067213000081, 6.724857175000125 ], [ 38.569885577000036, 6.717487652000102 ], [ 38.589223920000052, 6.726666391000094 ], [ 38.606061358000147, 6.697613448000084 ], [ 38.604428706000078, 6.630131875000131 ], [ 38.670317698000076, 6.565458875 ], [ 38.672422702000176, 6.547420396000064 ], [ 38.637241789000143, 6.523432141000114 ], [ 38.643704390999972, 6.496205596000038 ], [ 38.669924022000032, 6.492776826000011 ], [ 38.669061726000109, 6.472025223000173 ], [ 38.68519979000007, 6.470420102000105 ], [ 38.702547165, 6.487940024000068 ], [ 38.726452797000036, 6.460206219000156 ], [ 38.70012036300011, 6.464298895000184 ], [ 38.697901336000143, 6.430239363000112 ], [ 38.626744008000117, 6.417034019000141 ], [ 38.566545038000129, 6.440456127000061 ], [ 38.475286600000118, 6.430375209000147 ], [ 38.441037189000042, 6.405362953000065 ], [ 38.40723209500004, 6.355092728000159 ], [ 38.393861998000034, 6.368261250999979 ], [ 38.40446606200004, 6.396718149000151 ], [ 38.394254145000048, 6.413866506000147 ], [ 38.309313370000098, 6.419694531000175 ] ] ] } },
{ "type": "Feature", "properties": { "adm2_name": "Eastern", "adm2_name1": null, "adm2_name2": null, "adm2_name3": null, "adm2_pcode": "ET1605", "adm1_name": "Sidama", "adm1_name1": null, "adm1_name2": null, "adm1_name3": null, "adm1_pcode": "ET16", "adm0_name": "Ethiopia", "adm0_name1": null, "adm0_name2": null, "adm0_name3": null, "adm0_pcode": "ET", "valid_on": "2025-01-01", "valid_to": null, "area_sqkm": 1840.8790248, "version": "v04", "lang": "en", "lang1": null, "lang2": null, "lang3": null, "adm2_ref_n": null, "center_lat": null, "center_lon": null, "adm2_alt_n": null }, "geometry": { "type": "Polygon", "coordinates": [ [ [ 39.085967610000125, 6.252010342000062 ], [ 39.13185995300006, 6.158786172000134 ], [ 39.03448703000015, 6.137438774000088 ], [ 38.960598297000161, 6.159270747000164 ], [ 38.874109772000054, 6.300833539 ], [ 38.771491529000116, 6.399762461000137 ], [ 38.738652093000042, 6.408953289000124 ], [ 38.707162634000099, 6.392451803000085 ], [ 38.654726012000026, 6.421366567000121 ], [ 38.699020768000025, 6.430814449000081 ], [ 38.700981411000157, 6.464902602000109 ], [ 38.726452797000036, 6.460206219000156 ], [ 38.702547165, 6.487940024000068 ], [ 38.68519979000007, 6.470420102000105 ], [ 38.669061726000109, 6.472025223000173 ], [ 38.669924022000032, 6.492776826000011 ], [ 38.643704390999972, 6.496205596000038 ], [ 38.637241789000143, 6.523432141000114 ], [ 38.672422702000176, 6.547420396000064 ], [ 38.666395696000109, 6.57587857600015 ], [ 38.693645666000066, 6.591930469000033 ], [ 38.680622681000159, 6.630405179000036 ], [ 38.718546298000149, 6.58891201400013 ], [ 38.739470751000113, 6.592487187000074 ], [ 38.748646377000114, 6.579099495000094 ], [ 38.75179329600013, 6.593816668000045 ], [ 38.766369569000119, 6.585471597000151 ], [ 38.798015491000172, 6.635709754000061 ], [ 38.822035911000057, 6.648265226000092 ], [ 38.836019005000082, 6.681802309000034 ], [ 38.934424959000125, 6.655611414000077 ], [ 38.949423820999982, 6.643803218000073 ], [ 38.941678844000194, 6.61033670900008 ], [ 38.959640225000101, 6.60087935100006 ], [ 39.059308084, 6.608786533999989 ], [ 39.048448124000117, 6.569824785000094 ], [ 39.052568086000122, 6.556984197000133 ], [ 39.086217855000143, 6.545168636000085 ], [ 39.096617764000086, 6.521612558000072 ], [ 39.095397734000073, 6.472090315000059 ], [ 39.127387417000193, 6.344354499000076 ], [ 39.119546178000064, 6.298994291000042 ], [ 39.085967610000125, 6.252010342000062 ] ] ] } },
{ "type": "Feature", "properties": { "adm2_name": "Area 1", "adm2_name1": null, "adm2_name2": null, "adm2_name3": null, "adm2_pcode": "ET9901", "adm1_name": "Contested", "adm1_name1": null, "adm1_name2": null, "adm1_name3": null, "adm1_pcode": "ET99", "adm0_name": "Ethiopia", "adm0_name1": null, "adm0_name2": null, "adm0_name3": null, "adm0_pcode": "ET", "valid_on": "2025-01-01", "valid_to": null, "area_sqkm": 13313.26840551, "version": "v04", "lang": "en", "lang1": null, "lang2": null, "lang3": null, "adm2_ref_n": null, "center_lat": null, "center_lon": null, "adm2_alt_n": null }, "geometry": { "type": "Polygon", "coordinates": [ [ [ 37.787106532000053, 13.653565874000151 ], [ 37.714425549000168, 13.542012677000059 ], [ 37.694142437000096, 13.472426752000104 ], [ 37.637097256000175, 13.413895488000094 ], [ 37.517780528000173, 13.36647495200009 ], [ 37.440505834000078, 13.35409430600015 ], [ 37.415816650000068, 13.373968391000062 ], [ 37.395817856000065, 13.357776969000099 ], [ 37.365241889000174, 13.359850854000058 ], [ 37.321827248000091, 13.297177615000066 ], [ 37.280647187000113, 13.284943967000174 ], [ 37.250517199000114, 13.294993971000054 ], [ 37.204709119000142, 13.255712391000088 ], [ 37.15774619900003, 13.297806598000136 ], [ 37.098737854000035, 13.316356616 ], [ 37.078374033000102, 13.311815581000076 ], [ 37.034955552000042, 13.353264047000096 ], [ 36.919192014000032, 13.376823803999969 ], [ 36.895540236000102, 13.406913268000039 ], [ 36.824789940000187, 13.448246112000106 ], [ 36.766943716000185, 13.37812810700018 ], [ 36.734659852999982, 13.363072466000119 ], [ 36.685101069000041, 13.374785176000046 ], [ 36.664595514000098, 13.366565204000096 ], [ 36.635779662000061, 13.382451577000154 ], [ 36.60480770800018, 13.377627433000157 ], [ 36.566421944000069, 13.446200745000056 ], [ 36.57431031800013, 13.477864165000142 ], [ 36.601122891000045, 13.498425464000093 ], [ 36.564711750000185, 13.533001045000162 ], [ 36.55469238600017, 13.571281353000018 ], [ 36.519556105000106, 13.585511773000121 ], [ 36.526074354, 13.606487345000119 ], [ 36.50439169800012, 13.665134416000058 ], [ 36.475796428000081, 13.700421448999975 ], [ 36.483836159000134, 13.727104541000131 ], [ 36.453524516000073, 13.762965645000065 ], [ 36.486940000000175, 13.83944 ], [ 36.44639, 13.95694 ], [ 36.542820000000177, 14.262050000000102 ], [ 36.55273739800009, 14.278901204000135 ], [ 36.614275634000194, 14.292427712000062 ], [ 36.628806866000104, 14.307589914000118 ], [ 36.685778599000116, 14.295905838000067 ], [ 36.746483752000188, 14.317707394000024 ], [ 36.832208877000028, 14.306866767000031 ], [ 36.863263550000056, 14.317819457000155 ], [ 36.96923397400019, 14.287088146000031 ], [ 36.990331588000174, 14.259755383000083 ], [ 37.0175166840001, 14.250591909000036 ], [ 37.043557621000105, 14.266419265000081 ], [ 37.093755118000047, 14.271675081000069 ], [ 37.102527668000107, 14.343399381000097 ], [ 37.133841490000179, 14.405419887 ], [ 37.17969781000005, 14.414514492000137 ], [ 37.219015151000065, 14.438943632000075 ], [ 37.247851065000134, 14.429494461000104 ], [ 37.307909880000182, 14.442622822000033 ], [ 37.336695938, 14.411113682000121 ], [ 37.349539168000035, 14.413160842000025 ], [ 37.371830836000072, 14.372401465999985 ], [ 37.391487636000079, 14.365260928000168 ], [ 37.379702609000105, 14.342450927000186 ], [ 37.402662792000115, 14.335853682000106 ], [ 37.395470448000083, 14.29567139 ], [ 37.446093159000043, 14.250233584000114 ], [ 37.469138439000119, 14.251295503000165 ], [ 37.465409387000079, 14.215550736000182 ], [ 37.496172203000071, 14.194177798000112 ], [ 37.495588708000014, 14.182035757000108 ], [ 37.526516148000155, 14.183004165000114 ], [ 37.515639056000055, 14.16030405500004 ], [ 37.529429307000044, 14.113547544000028 ], [ 37.557245548000026, 14.104488940000124 ], [ 37.559598761000132, 14.091316816000074 ], [ 37.575600302000112, 14.095933886000182 ], [ 37.591078431000085, 14.051815997000176 ], [ 37.623700241000051, 14.03763884500006 ], [ 37.609512773000176, 14.008938292000096 ], [ 37.63236210000008, 13.976111776999971 ], [ 37.629636614000162, 13.953839487000153 ], [ 37.650389018000055, 13.95267299600016 ], [ 37.661861309000074, 13.91577807300007 ], [ 37.686644169000147, 13.892971670000179 ], [ 37.731398028, 13.895127006000166 ], [ 37.767926364000118, 13.857829878000075 ], [ 37.76556968500006, 13.831073581 ], [ 37.803038846000106, 13.810561402000019 ], [ 37.799689473000171, 13.774428735000129 ], [ 37.811070785000027, 13.758288035000078 ], [ 37.777146954000045, 13.684104058 ], [ 37.787106532000053, 13.653565874000151 ] ] ] } },
{ "type": "Feature", "properties": { "adm2_name": "Area 2", "adm2_name1": null, "adm2_name2": null, "adm2_name3": null, "adm2_pcode": "ET9902", "adm1_name": "Contested", "adm1_name1": null, "adm1_name2": null, "adm1_name3": null, "adm1_pcode": "ET99", "adm0_name": "Ethiopia", "adm0_name1": null, "adm0_name2": null, "adm0_name3": null, "adm0_pcode": "ET", "valid_on": "2025-01-01", "valid_to": null, "area_sqkm": 2784.78241733, "version": "v04", "lang": "en", "lang1": null, "lang2": null, "lang3": null, "adm2_ref_n": null, "center_lat": null, "center_lon": null, "adm2_alt_n": null }, "geometry": { "type": "MultiPolygon", "coordinates": [ [ [ [ 38.224250219000112, 13.727345228000047 ], [ 38.290356208000105, 13.769604255000104 ], [ 38.315407533000098, 13.805792884000027 ], [ 38.367028837000191, 13.805330040000115 ], [ 38.414831729000184, 13.751766609000185 ], [ 38.47436476200005, 13.719319527999971 ], [ 38.484588338000037, 13.700974737000138 ], [ 38.598886932000028, 13.649251717000141 ], [ 38.669084421000093, 13.536098585000104 ], [ 38.614045233000184, 13.490686865000043 ], [ 38.590112415000078, 13.506124023000154 ], [ 38.562075459000027, 13.483329711000067 ], [ 38.460991233000072, 13.459561585000131 ], [ 38.467402843000173, 13.484901999000158 ], [ 38.498256686000161, 13.484455432000061 ], [ 38.496804606000069, 13.506789362000063 ], [ 38.542458952000118, 13.525802187000124 ], [ 38.553946141000154, 13.550308131 ], [ 38.477619910999977, 13.55234488300016 ], [ 38.46521463300013, 13.567644900000175 ], [ 38.453622524000139, 13.556946122000113 ], [ 38.442793750000135, 13.560540201000038 ], [ 38.451038580000045, 13.584599391000097 ], [ 38.440805702000148, 13.584405289000017 ], [ 38.406508159000168, 13.539411139000094 ], [ 38.391234110000028, 13.553355668000052 ], [ 38.37983954800012, 13.544477135000022 ], [ 38.359950907000041, 13.553004272000067 ], [ 38.341196735000153, 13.537642856000048 ], [ 38.327883107000105, 13.550325213 ], [ 38.319856452000067, 13.50215196500011 ], [ 38.278917156000034, 13.485519139000075 ], [ 38.259142031000124, 13.486203203000173 ], [ 38.247957957999972, 13.501662639000131 ], [ 38.20089763600015, 13.480138398000122 ], [ 38.173720225000068, 13.493443946000184 ], [ 38.145192748000056, 13.471678588000032 ], [ 38.120990784000071, 13.506304382000053 ], [ 38.059441013000139, 13.467191866000064 ], [ 38.001179411000066, 13.501097501000118 ], [ 37.968388894000043, 13.493693843000187 ], [ 37.946487353000066, 13.466415070000096 ], [ 37.904101474000186, 13.447048973000051 ], [ 37.86640019400005, 13.475127248999968 ], [ 37.816905536000093, 13.463175524000064 ], [ 37.809005963000061, 13.519093881000174 ], [ 37.792659305000029, 13.520614519000048 ], [ 37.769024663000096, 13.562598912999988 ], [ 37.784149450000029, 13.587719252000056 ], [ 37.777146954000045, 13.684104058 ], [ 37.811070785000027, 13.758288035000078 ], [ 37.799689473000171, 13.774428735000129 ], [ 37.803038846000106, 13.810561402000019 ], [ 37.765003289999981, 13.831792818999986 ], [ 37.767864257000042, 13.856612523000138 ], [ 37.839490101000081, 13.878629084000067 ], [ 37.86254643400008, 13.865287439999975 ], [ 37.899076724000111, 13.884870357000182 ], [ 37.912401515000113, 13.845320697000034 ], [ 37.962794438000117, 13.828314234000061 ], [ 37.996398791999979, 13.796709174 ], [ 38.016200948000119, 13.73965363300016 ], [ 38.058521939000116, 13.754017779000094 ], [ 38.224250219000112, 13.727345228000047 ] ] ], [ [ [ 38.616890572000159, 13.439081006000094 ], [ 38.633280931000172, 13.472711308000044 ], [ 38.680130078, 13.486166756000102 ], [ 38.729748970000173, 13.403431642000101 ], [ 38.70568553600009, 13.389298880000126 ], [ 38.648639953000156, 13.396521310000139 ], [ 38.622371244000135, 13.411227093000036 ], [ 38.616890572000159, 13.439081006000094 ] ] ] ] } },
{ "type": "Feature", "properties": { "adm2_name": "Area 3", "adm2_name1": null, "adm2_name2": null, "adm2_name3": null, "adm2_pcode": "ET9903", "adm1_name": "Contested", "adm1_name1": null, "adm1_name2": null, "adm1_name3": null, "adm1_pcode": "ET99", "adm0_name": "Ethiopia", "adm0_name1": null, "adm0_name2": null, "adm0_name3": null, "adm0_pcode": "ET", "valid_on": "2025-01-01", "valid_to": null, "area_sqkm": 2600.7356985800002, "version": "v04", "lang": "en", "lang1": null, "lang2": null, "lang3": null, "adm2_ref_n": null, "center_lat": null, "center_lon": null, "adm2_alt_n": null }, "geometry": { "type": "Polygon", "coordinates": [ [ [ 39.573264515000176, 12.562429370000132 ], [ 39.615837741000178, 12.549994879000053 ], [ 39.665658882000059, 12.554630988000042 ], [ 39.654360231000055, 12.635309525000139 ], [ 39.672077532, 12.652194109999982 ], [ 39.708814548000134, 12.666661729000054 ], [ 39.74343710800008, 12.664422913000067 ], [ 39.728287389000059, 12.699103760000128 ], [ 39.762783822000188, 12.719609177000109 ], [ 39.834953434000113, 12.706728690999967 ], [ 39.820077805000039, 12.658827258000088 ], [ 39.832573503000106, 12.634377556000061 ], [ 39.806736717000035, 12.596283054000082 ], [ 39.832764098000155, 12.549890952999988 ], [ 39.852370483000129, 12.547421673000144 ], [ 39.863195812000072, 12.531448593000164 ], [ 39.863451756000131, 12.506289292000076 ], [ 39.881065664000175, 12.484460752000189 ], [ 39.866285922000145, 12.47262432600013 ], [ 39.882572530000175, 12.457662647000063 ], [ 39.863112708000131, 12.463346011999988 ], [ 39.814929224000082, 12.407061931000044 ], [ 39.830876304000071, 12.357500495000181 ], [ 39.817611330000148, 12.324029795000172 ], [ 39.761546943000042, 12.303252023000141 ], [ 39.75855376100003, 12.319953055000155 ], [ 39.706265144000042, 12.306206621000172 ], [ 39.632274431000155, 12.307654083000045 ], [ 39.614212959000042, 12.275731232999988 ], [ 39.572543903000053, 12.255925598000033 ], [ 39.543273525000075, 12.265007941000022 ], [ 39.522661952000078, 12.326414029000091 ], [ 39.507440992000113, 12.332852040000091 ], [ 39.455564056000185, 12.325027175000059 ], [ 39.419514241000172, 12.296596725000143 ], [ 39.321702794000032, 12.304866179000101 ], [ 39.290874255, 12.296071961000052 ], [ 39.245529419000036, 12.352944384000068 ], [ 39.229773857000055, 12.501081519000024 ], [ 39.174401276000026, 12.643480484000065 ], [ 39.265666399000111, 12.677082273 ], [ 39.285521429000141, 12.704370101000052 ], [ 39.39798990200012, 12.691166609000049 ], [ 39.407759612000063, 12.638337676000162 ], [ 39.459060041000157, 12.637970580000172 ], [ 39.497494045000167, 12.666149739000161 ], [ 39.548230274000105, 12.670731839000041 ], [ 39.560109666000187, 12.659972450000168 ], [ 39.570175630000108, 12.614567583999985 ], [ 39.554619944000194, 12.608439710000141 ], [ 39.573264515000176, 12.562429370000132 ] ] ] } }
]
}
